date,oil_avg,brent,dubai,wti,gold,wb_energy_idx,wb_nonenergy_idx,icb_ppac,uvi_x_b12,uvi_m_b12,ntt_pub_b12,qi_x_b12,qi_m_b12,uvi_x_b22,uvi_m_b22,ntt_pub_b22,qi_x_b22,qi_m_b22,reer_bis,kanzig_news_shock,kanzig_surprise,bh_supply,bh_activity,bh_consumption_demand,bh_inventory_demand,world_ip,gecon,ntt_b12,ntt_b22,fy
1960-01-01,1.6,1.6,1.6,,35,2.1,18.8,,,,,,,,,,,,,,,,,,,14.7617,,,,1959
1960-02-01,1.6,1.6,1.6,,35,2.1,18.7,,,,,,,,,,,,,,,,,,,14.7702,,,,1959
1960-03-01,1.6,1.6,1.6,,35,2.1,18.7,,,,,,,,,,,,,,,,,,,14.7775,,,,1959
1960-04-01,1.6,1.6,1.6,,35,2.1,18.8,,,,,,,,,,,,,,,,,,,14.781,,,,1960
1960-05-01,1.6,1.6,1.6,,35,2.1,18.8,,,,,,,,,,,,,,,,,,,14.789,,,,1960
1960-06-01,1.6,1.6,1.6,,35,2.1,18.6,,,,,,,,,,,,,,,,,,,14.7484,,,,1960
1960-07-01,1.6,1.6,1.6,,35,2.1,18.6,,,,,,,,,,,,,,,,,,,14.8386,,,,1960
1960-08-01,1.6,1.6,1.6,,35,2.1,18.5,,,,,,,,,,,,,,,,,,,14.8263,,,,1960
1960-09-01,1.6,1.6,1.6,,35,2.1,18.6,,,,,,,,,,,,,,,,,,,14.8517,,,,1960
1960-10-01,1.6,1.6,1.6,,35,2.1,18.1,,,,,,,,,,,,,,,,,,,14.9119,,,,1960
1960-11-01,1.6,1.6,1.6,,35,2.1,17.9,,,,,,,,,,,,,,,,,,,14.8348,,,,1960
1960-12-01,1.6,1.6,1.6,,35,2.1,18.1,,,,,,,,,,,,,,,,,,,14.7673,,,,1960
1961-01-01,1.6,1.6,1.6,,35,2.1,18.1,,,,,,,,,,,,,,,,,,,14.8451,,,,1960
1961-02-01,1.6,1.6,1.6,,35,2.1,18.4,,,,,,,,,,,,,,,,,,,14.8998,,,,1960
1961-03-01,1.6,1.6,1.6,,35,2.1,18.7,,,,,,,,,,,,,,,,,,,15.0029,,,,1960
1961-04-01,1.6,1.6,1.6,,35,2.1,18.9,,,,,,,,,,,,,,,,,,,15.1665,,,,1961
1961-05-01,1.6,1.6,1.6,,35,2.1,18.9,,,,,,,,,,,,,,,,,,,15.2285,,,,1961
1961-06-01,1.6,1.6,1.6,,35,2.1,18.7,,,,,,,,,,,,,,,,,,,15.3917,,,,1961
1961-07-01,1.6,1.6,1.6,,35,2.1,18.5,,,,,,,,,,,,,,,,,,,15.5944,,,,1961
1961-08-01,1.6,1.6,1.6,,35,2.1,18.4,,,,,,,,,,,,,,,,,,,15.6395,,,,1961
1961-09-01,1.6,1.6,1.6,,35,2.1,18.2,,,,,,,,,,,,,,,,,,,15.6635,,,,1961
1961-10-01,1.6,1.6,1.6,,35,2.1,18.2,,,,,,,,,,,,,,,,,,,15.8448,,,,1961
1961-11-01,1.6,1.6,1.6,,35,2.1,18.3,,,,,,,,,,,,,,,,,,,15.9929,,,,1961
1961-12-01,1.6,1.6,1.6,,35,2.1,18.4,,,,,,,,,,,,,,,,,,,16.1934,,,,1961
1962-01-01,1.5,1.5,1.5,,35,2,18.2,,,,,,,,,,,,,,,,,,,16.211,,,,1961
1962-02-01,1.5,1.5,1.5,,35,2,18.2,,,,,,,,,,,,,,,,,,,16.3554,,,,1961
1962-03-01,1.5,1.5,1.5,,35,2,18.2,,,,,,,,,,,,,,,,,,,16.4392,,,,1961
1962-04-01,1.5,1.5,1.5,,35,2,18.2,,,,,,,,,,,,,,,,,,,16.3999,,,,1962
1962-05-01,1.5,1.5,1.5,,35,2,18.3,,,,,,,,,,,,,,,,,,,16.5266,,,,1962
1962-06-01,1.5,1.5,1.5,,35,2,18.3,,,,,,,,,,,,,,,,,,,16.4787,,,,1962
1962-07-01,1.5,1.5,1.5,,35,2,18.2,,,,,,,,,,,,,,,,,,,16.6106,,,,1962
1962-08-01,1.5,1.5,1.5,,35,2,18.1,,,,,,,,,,,,,,,,,,,16.7304,,,,1962
1962-09-01,1.5,1.5,1.5,,35,2,18.2,,,,,,,,,,,,,,,,,,,16.7127,,,,1962
1962-10-01,1.5,1.5,1.5,,35,2,18.1,,,,,,,,,,,,,,,,,,,16.6889,,,,1962
1962-11-01,1.5,1.5,1.5,,35,2,18.4,,,,,,,,,,,,,,,,,,,16.8167,,,,1962
1962-12-01,1.5,1.5,1.5,,35,2,18.4,,,,,,,,,,,,,,,,,,,16.7605,,,,1962
1963-01-01,1.5,1.5,1.5,,35,2,18.6,,,,,,,,,,,,,,,,,,,16.8134,,,,1962
1963-02-01,1.5,1.5,1.5,,35,2,18.8,,,,,,,,,,,,,,,,,,,16.8963,,,,1962
1963-03-01,1.5,1.5,1.5,,35,2,18.8,,,,,,,,,,,,,,,,,,,16.9329,,,,1962
1963-04-01,1.5,1.5,1.5,,35,2,19,,,,,,,,,,,,,,,,,,,17.2555,,,,1963
1963-05-01,1.5,1.5,1.5,,35,2,19.5,,,,,,,,,,,,,,,,,,,17.4804,,,,1963
1963-06-01,1.5,1.5,1.5,,35,2,19.5,,,,,,,,,,,,,,,,,,,17.5409,,,,1963
1963-07-01,1.5,1.5,1.5,,35,2,19.4,,,,,,,,,,,,,,,,,,,17.6372,,,,1963
1963-08-01,1.5,1.5,1.5,,35,2,19,,,,,,,,,,,,,,,,,,,17.8363,,,,1963
1963-09-01,1.5,1.5,1.5,,35,2,19,,,,,,,,,,,,,,,,,,,17.8753,,,,1963
1963-10-01,1.5,1.5,1.5,,35,2,19.8,,,,,,,,,,,,,,,,,,,18.0546,,,,1963
1963-11-01,1.5,1.5,1.5,,35,2,19.8,,,,,,,,,,,,,,,,,,,18.1708,,,,1963
1963-12-01,1.5,1.5,1.5,,35,2,19.7,,,,,,,,,,,,,,,,,,,18.1353,,,,1963
1964-01-01,1.5,1.5,1.5,,35,1.9,20.1,,,,,,,,,,,,,,,,,,,18.4494,,,,1963
1964-02-01,1.5,1.5,1.5,,35,1.9,19.8,,,,,,,,,,,,,,,,,,,18.5761,,,,1963
1964-03-01,1.5,1.5,1.5,,35,1.9,19.8,,,,,,,,,,,,,,,,,,,18.5315,,,,1963
1964-04-01,1.5,1.5,1.5,,35,1.9,20.1,,,,,,,,,,,,,,,,,,,18.7122,,,,1964
1964-05-01,1.5,1.5,1.5,,35,1.9,20,,,,,,,,,,,,,,,,,,,18.7838,,,,1964
1964-06-01,1.5,1.5,1.5,,35,1.9,19.7,,,,,,,,,,,,,,,,,,,18.8618,,,,1964
1964-07-01,1.5,1.5,1.5,,35,1.9,19.7,,,,,,,,,,,,,,,,,,,18.9566,,,,1964
1964-08-01,1.5,1.5,1.5,,35,1.9,19.8,,,,,,,,,,,,,,,,,,,18.9776,,,,1964
1964-09-01,1.5,1.5,1.5,,35,1.9,20.2,,,,,,,,,,,,,,,,,,,19.145,,,,1964
1964-10-01,1.5,1.5,1.5,,35,1.9,20.6,,,,,,,,,,,,,,,,,,,19.1004,,,,1964
1964-11-01,1.5,1.5,1.5,,35,1.9,20.6,,,,,,,,,,,,,,,,,,,19.3676,,,,1964
1964-12-01,1.5,1.5,1.5,,35,1.9,20.5,,,,,,,,,,,,,,,,,,,19.5561,,,,1964
1965-01-01,1.4,1.4,1.4,,35,1.9,19.9,,,,,,,,,,,,,,,,,,,19.7368,,,,1964
1965-02-01,1.4,1.4,1.4,,35,1.9,20.5,,,,,,,,,,,,,,,,,,,19.7526,,,,1964
1965-03-01,1.4,1.4,1.4,,35,1.9,20.4,,,,,,,,,,,,,,,,,,,19.8272,,,,1964
1965-04-01,1.4,1.4,1.4,,35,1.9,20.7,,,,,,,,,,,,,,,,,,,19.9164,,,,1965
1965-05-01,1.4,1.4,1.4,,35,1.9,20.8,,,,,,,,,,,,,,,,,,,20.0404,,,,1965
1965-06-01,1.4,1.4,1.4,,35,1.9,20.4,,,,,,,,,,,,,,,,,,,20.128,,,,1965
1965-07-01,1.4,1.4,1.4,,35,1.9,20,,,,,,,,,,,,,,,,,,,20.288,,,,1965
1965-08-01,1.4,1.4,1.4,,35,1.9,19.9,,,,,,,,,,,,,,,,,,,20.3159,,,,1965
1965-09-01,1.4,1.4,1.4,,35,1.9,20.3,,,,,,,,,,,,,,,,,,,20.4347,,,,1965
1965-10-01,1.4,1.4,1.4,,35,1.9,20.4,,,,,,,,,,,,,,,,,,,20.583,,,,1965
1965-11-01,1.4,1.4,1.4,,35,1.9,20.5,,,,,,,,,,,,,,,,,,,20.6884,,,,1965
1965-12-01,1.4,1.4,1.4,,35,1.9,20.7,,,,,,,,,,,,,,,,,,,20.8836,,,,1965
1966-01-01,1.4,1.4,1.4,,35,1.9,21.3,,,,,,,,,,,,,,,,,,,20.9972,,,,1965
1966-02-01,1.4,1.4,1.4,,35,1.9,21.6,,,,,,,,,,,,,,,,,,,21.1044,,,,1965
1966-03-01,1.4,1.4,1.4,,35,1.9,21.6,,,,,,,,,,,,,,,,,,,21.4484,,,,1965
1966-04-01,1.4,1.4,1.4,,35,1.9,21.8,,,,,,,,,,,,,,,,,,,21.3927,,,,1966
1966-05-01,1.4,1.4,1.4,,35,1.9,21.3,,,,,,,,,,,,,,,,,,,21.5474,,,,1966
1966-06-01,1.4,1.4,1.4,,35,1.9,21.5,,,,,,,,,,,,,,,,,,,21.6801,,,,1966
1966-07-01,1.4,1.4,1.4,,35,1.9,21.6,,,,,,,,,,,,,,,,,,,21.7419,,,,1966
1966-08-01,1.4,1.4,1.4,,35,1.9,21.1,,,,,,,,,,,,,,,,,,,21.8151,,,,1966
1966-09-01,1.4,1.4,1.4,,35,1.9,20.6,,,,,,,,,,,,,,,,,,,21.9866,,,,1966
1966-10-01,1.4,1.4,1.4,,35,1.9,20.6,,,,,,,,,,,,,,,,,,,22.0249,,,,1966
1966-11-01,1.4,1.4,1.4,,35,1.9,20.6,,,,,,,,,,,,,,,,,,,21.9697,,,,1966
1966-12-01,1.4,1.4,1.4,,35,1.9,20.5,,,,,,,,,,,,,,,,,,,22.0969,,,,1966
1967-01-01,1.3,1.3,1.3,,35,1.9,20.4,,,,,,,,,,,,,,,,,,,22.1319,,,,1966
1967-02-01,1.3,1.3,1.3,,35,1.9,20.4,,,,,,,,,,,,,,,,,,,21.9883,,,,1966
1967-03-01,1.3,1.3,1.3,,35,1.9,20.3,,,,,,,,,,,,,,,,,,,21.9743,,,,1966
1967-04-01,1.3,1.3,1.3,,35,1.9,20.1,,,,,,,,,,,,,,,,,,,22.1363,,,,1967
1967-05-01,1.3,1.3,1.3,,35,1.9,20.3,,,,,,,,,,,,,,,,,,,22.0516,,,,1967
1967-06-01,1.3,1.3,1.3,,35,1.9,20.4,,,,,,,,,,,,,,,,,,,22.2157,,,,1967
1967-07-01,1.3,1.3,1.3,,35,1.9,20.3,,,,,,,,,,,,,,,,,,,22.2312,,,,1967
1967-08-01,1.3,1.3,1.3,,35,1.9,20.1,,,,,,,,,,,,,,,,,,,22.4526,,,,1967
1967-09-01,1.3,1.3,1.3,,35,1.9,20.3,,,,,,,,,,,,,,,,,,,22.5772,,,,1967
1967-10-01,1.3,1.3,1.3,,35,1.9,20.5,,,,,,,,,,,,,,,,,,,22.7087,,,,1967
1967-11-01,1.3,1.3,1.3,,35,1.9,21,,,,,,,,,,,,,,,,,,,22.992,,,,1967
1967-12-01,1.3,1.3,1.3,,35,1.9,20.5,,,,,,,,,,,,,,,,,,,23.327,,,,1967
1968-01-01,1.3,1.3,1.3,,36,1.9,20.4,,,,,,,,,,,,,,,,,,,23.1227,,,,1967
1968-02-01,1.3,1.3,1.3,,36,1.9,21.1,,,,,,,,,,,,,,,,,,,23.2673,,,,1967
1968-03-01,1.3,1.3,1.3,,37,1.9,21,,,,,,,,,,,,,,,,,,,23.4104,,,,1967
1968-04-01,1.3,1.3,1.3,,38,1.9,20.1,,,,,,,,,,,,,,,,,,,23.5199,,,,1968
1968-05-01,1.3,1.3,1.3,,41,1.9,19.9,,,,,,,,,,,,,,,,,,,23.3266,,,,1968
1968-06-01,1.3,1.3,1.3,,41,1.9,19.7,,,,,,,,,,,,,,,,,,,23.692,,,,1968
1968-07-01,1.3,1.3,1.3,,39,1.9,19.5,,,,,,,,,,,,,,,,,,,24.02,,,,1968
1968-08-01,1.3,1.3,1.3,,39,1.9,19.2,,,,,,,,,,,,,,,,,,,24.312,,,,1968
1968-09-01,1.3,1.3,1.3,,40,1.9,19.4,,,,,,,,,,,,,,,,,,,24.323,,,,1968
1968-10-01,1.3,1.3,1.3,,39,1.9,19.4,,,,,,,,,,,,,,,,,,,24.5174,,,,1968
1968-11-01,1.3,1.3,1.3,,40,1.9,19.7,,,,,,,,,,,,,,,,,,,24.8273,,,,1968
1968-12-01,1.3,1.3,1.3,,41,1.9,20,,,,,,,,,,,,,,,,,,,24.9562,,,,1968
1969-01-01,1.3,1.3,1.3,,42,1.8,20.2,,,,,,,,,,,,,,,,,,,25.1646,,,,1968
1969-02-01,1.3,1.3,1.3,,43,1.8,20.3,,,,,,,,,,,,,,,,,,,25.1979,,,,1968
1969-03-01,1.3,1.3,1.3,,43,1.8,20.6,,,,,,,,,,,,,,,,,,,25.4529,,,,1968
1969-04-01,1.3,1.3,1.3,,43,1.8,20.7,,,,,,,,,,,,,,,,,,,25.6254,,,,1969
1969-05-01,1.3,1.3,1.3,,43,1.8,20.9,,,,,,,,,,,,,,,,,,,25.7258,,,,1969
1969-06-01,1.3,1.3,1.3,,41,1.8,21.2,,,,,,,,,,,,,,,,,,,25.8985,,,,1969
1969-07-01,1.3,1.3,1.3,,42,1.8,21,,,,,,,,,,,,,,,,,,,26.0824,,,,1969
1969-08-01,1.3,1.3,1.3,,41,1.8,21.3,,,,,,,,,,,,,,,,,,,26.1325,,,,1969
1969-09-01,1.3,1.3,1.3,,41,1.8,21.1,,,,,,,,,,,,,,,,,,,26.0682,,,,1969
1969-10-01,1.3,1.3,1.3,,40,1.8,21.5,,,,,,,,,,,,,,,,,,,26.1746,,,,1969
1969-11-01,1.3,1.3,1.3,,37,1.8,21.7,,,,,,,,,,,,,,,,,,,26.1168,,,,1969
1969-12-01,1.3,1.3,1.3,,35,1.8,21.9,,,,,,,,,,,,,,,,,,,26.1642,,,,1969
1970-01-01,1.2,1.2,1.2,,35,2.1,22.1,,,,,,,,,,,,,,,,,,,26.2493,,,,1969
1970-02-01,1.2,1.2,1.2,,35,2.1,22.2,,,,,,,,,,,,,,,,,,,26.467,,,,1969
1970-03-01,1.2,1.2,1.2,,35,2.1,22.4,,,,,,,,,,,,,,,,,,,26.492,,,,1969
1970-04-01,1.2,1.2,1.2,,36,2.1,22.5,,,,,,,,,,,,,,,,,,,26.5311,,,,1970
1970-05-01,1.2,1.2,1.2,,36,2.1,22.5,,,,,,,,,,,,,,,,,,,26.5508,,,,1970
1970-06-01,1.2,1.2,1.2,,35,2.1,22.3,,,,,,,,,,,,,,,,,,,26.5211,,,,1970
1970-07-01,1.2,1.2,1.2,,35,2.1,22.1,,,,,,,,,,,,,,,,,,,26.6949,,,,1970
1970-08-01,1.2,1.2,1.2,,35,2.1,21.8,,,,,,,,,,,,,,,,,,,26.5561,,,,1970
1970-09-01,1.2,1.2,1.2,,36,2.1,21.7,,,,,,,,,,,,,,,,,,,26.5325,,,,1970
1970-10-01,1.2,1.2,1.2,,38,2.1,21.8,,,,,,,,,,,,,,,,,,,26.4333,,,,1970
1970-11-01,1.2,1.2,1.2,,37,2.1,21.8,,,,,,,,,,,,,,,,,,,26.344,,,,1970
1970-12-01,1.2,1.2,1.2,,37,2.1,21.7,,,,,,,,,,,,,,,,,,,26.7287,,,,1970
1971-01-01,1.6,1.6,1.6,,38,2.7,21.6,,,,,,,,,,,,,,,,,,,26.9296,,,,1970
1971-02-01,1.6,1.6,1.6,,39,2.7,21.4,,,,,,,,,,,,,,,,,,,26.7329,,,,1970
1971-03-01,1.6,1.6,1.6,,39,2.7,21.6,,,,,,,,,,,,,,,,,,,26.7083,,,,1970
1971-04-01,1.6,1.6,1.6,,39,2.7,21.8,,,,,,,,,,,,,,,,,,,26.8326,,,,1971
1971-05-01,1.6,1.6,1.6,,41,2.7,21.5,,,,,,,,,,,,,,,,,,,26.8061,,,,1971
1971-06-01,1.6,1.6,1.6,,40,2.7,21.4,,,,,,,,,,,,,,,,,,,27.0359,,,,1971
1971-07-01,1.7,1.7,1.7,,41,2.8,21.7,,,,,,,,,,,,,,,,,,,27.1124,,,,1971
1971-08-01,1.7,1.7,1.7,,43,2.8,21.9,,,,,,,,,,,,,,,,,,,27.0099,,,,1971
1971-09-01,1.7,1.7,1.7,,42,2.8,21.5,,,,,,,,,,,,,,,,,,,27.3065,,,,1971
1971-10-01,1.7,1.7,1.7,,43,2.8,21.5,,,,,,,,,,,,,,,,,,,27.4131,,,,1971
1971-11-01,1.7,1.7,1.7,,43,2.8,21.4,,,,,,,,,,,,,,,,,,,27.4627,,,,1971
1971-12-01,1.7,1.7,1.7,,43,2.8,21.6,,,,,,,,,,,,,,,,,,,27.5348,,,,1971
1972-01-01,1.8,1.8,1.8,,46,2.9,22.1,,,,,,,,,,,,,,,,,,,27.9112,,,,1971
1972-02-01,1.8,1.8,1.8,,48,2.9,22.2,,,,,,,,,,,,,,,,,,,27.7827,,,,1971
1972-03-01,1.8,1.8,1.8,,48,2.9,22.6,,,,,,,,,,,,,,,,,,,28.2385,,,,1971
1972-04-01,1.8,1.8,1.8,,49,2.9,22.6,,,,,,,,,,,,,,,,,,,28.6535,,,,1972
1972-05-01,1.8,1.8,1.8,,55,2.9,22.3,,,,,,,,,,,,,,,,,,,28.6683,,,,1972
1972-06-01,1.8,1.8,1.8,,62,2.9,21.9,,,,,,,,,,,,,,,,,,,28.801,,,,1972
1972-07-01,1.9,1.9,1.9,,66,3,21.7,,,,,,,,,,,,,,,,,,,28.7812,,,,1972
1972-08-01,1.9,1.9,1.9,,67,3,22,,,,,,,,,,,,,,,,,,,29.123,,,,1972
1972-09-01,1.9,1.9,1.9,,65,3,22.5,,,,,,,,,,,,,,,,,,,29.3308,,,,1972
1972-10-01,1.9,1.9,1.9,,65,3,22.5,,,,,,,,,,,,,,,,,,,29.766,,,,1972
1972-11-01,1.9,1.9,1.9,,63,3,23.2,,,,,,,,,,,,,,,,,,,30.0433,,,,1972
1972-12-01,1.9,1.9,1.9,,64,3,25,,,,,,,,,,,,,,,,,,,30.7296,,,,1972
1973-01-01,2.1,2.1,2.1,,65,3.4,27.1,,,,,,,,,,,,,,,,,,,30.6497,,,,1972
1973-02-01,2.1,2.1,2.1,,74,3.4,29.2,,,,,,,,,,,,,,,,,,,30.9624,0.630661,,,1972
1973-03-01,2.1,2.1,2.1,,84,3.4,30.2,,,,,,,,,,,,,,,,,,,31.1498,0.392527,,,1972
1973-04-01,2.4,2.4,2.4,,91,3.7,30.5,,,,,,,,,,,,,,,,,,,31.1512,-0.11664,,,1973
1973-05-01,2.4,2.4,2.4,,102,3.7,33.2,,,,,,,,,,,,,,,,,,,31.5323,0.120754,,,1973
1973-06-01,2.4,2.4,2.4,,120,3.7,37.1,,,,,,,,,,,,,,,,,,,31.6415,0.0429076,,,1973
1973-07-01,2.7,2.7,2.7,,120,4.1,40.1,,,,,,,,,,,,,,,,,,,31.6057,-0.120846,,,1973
1973-08-01,2.7,2.7,2.7,,107,4.1,40.2,,,,,,,,,,,,,,,,,,,31.9213,-0.275327,,,1973
1973-09-01,2.7,2.7,2.7,,103,4.1,37,,,,,,,,,,,,,,,,,,,32.0163,-0.339101,,,1973
1973-10-01,4.1,4.1,4.1,,100,5.6,37.1,,,,,,,,,,,,,,,,,,,32.1476,-0.234796,,,1973
1973-11-01,4.1,4.1,4.1,,95,5.6,38.9,,,,,,,,,,,,,,,,,,,32.2772,-0.219515,,,1973
1973-12-01,4.1,4.1,4.1,,107,5.6,41.4,,,,,,,,,,,,,,,,,,,32.2223,-0.977556,,,1973
1974-01-01,13,13,13,,129,16,44.5,,,,,,,,,,,,,,,,,,,32.2927,-0.817422,,,1973
1974-02-01,13,13,13,,150,16,47.5,,,,,,,,,,,,,,,,,,,32.1474,-0.643235,,,1973
1974-03-01,13,13,13,,168,16,47.7,,,,,,,,,,,,,,,,,,,32.1268,-0.260789,,,1973
1974-04-01,10.6,10.6,10.6,,172,13.4,47.2,,,,,,,,,,,,,,,,,,,32.1351,-0.462118,,,1974
1974-05-01,10.6,10.6,10.6,,163,13.4,46.7,,,,,,,,,,,,,,,,,,,32.2943,-0.518026,,,1974
1974-06-01,10.6,10.6,10.6,,154,13.4,45.5,,,,,,,,,,,,,,,,,,,32.1992,-0.986093,,,1974
1974-07-01,10,10,10,,143,12.8,45.9,,,,,,,,,,,,,,,,,,,31.9034,-1.20306,,,1974
1974-08-01,10,10,10,,155,12.8,48.4,,,,,,,,,,,,,,,,,,,31.8563,-0.996905,,,1974
1974-09-01,10,10,10,,152,12.8,47.4,,,,,,,,,,,,,,,,,,,31.4884,-1.60507,,,1974
1974-10-01,10.3,10.3,10.3,,159,13.1,49.8,,,,,,,,,,,,,,,,,,,31.1634,-1.32614,,,1974
1974-11-01,10.3,10.3,10.3,,182,13.1,50.4,,,,,,,,,,,,,,,,,,,30.5633,-1.16744,,,1974
1974-12-01,10.3,10.3,10.3,,184,13.1,47.7,,,,,,,,,,,,,,,,,,,29.6846,-1.20775,,,1974
1975-01-01,10.4,10.4,10.4,,176,13.8,43.9,,,,,,,,,,,,,-0.410498,0,,,,,29.3269,-0.733658,,,1974
1975-02-01,10.4,10.4,10.4,,180,13.8,41.4,,,,,,,,,,,,,0.89611,0,-2.64689,-0.195066,0.0804781,0.175021,29.0252,-0.173109,,,1974
1975-03-01,10.4,10.4,10.4,,178,13.8,40.1,,,,,,,,,,,,,-0.397231,0,-0.313891,-0.115822,0.622309,0.384537,28.7973,-0.32366,,,1974
1975-04-01,10.4,10.4,10.4,,170,13.8,39.7,,,,,,,,,,,,,-0.371892,0,0.495953,0.200433,-0.0201238,-0.103063,28.8089,0.0641354,,,1975
1975-05-01,10.4,10.4,10.4,,167,13.8,37.4,,,,,,,,,,,,,-0.033306,0,0.977602,-0.509554,1.88291,0.18309,28.6206,-0.0260321,,,1975
1975-06-01,10.4,10.4,10.4,,164,13.8,36.2,,,,,,,,,,,,,0.193619,0,2.06426,0.749206,5.09578,0.0233085,28.8455,0.194222,,,1975
1975-07-01,10.4,10.4,10.4,,165,13.8,37.5,,,,,,,,,,,,,-0.0924668,0,3.62057,-0.186195,5.19894,-1.71664,28.8779,0.236944,,,1975
1975-08-01,10.4,10.4,10.4,,163,13.8,39.8,,,,,,,,,,,,,-0.572165,0,2.23712,0.717403,5.97435,-1.08397,29.0045,0.169071,,,1975
1975-09-01,10.4,10.4,10.4,,144,13.8,38.5,,,,,,,,,,,,,-0.166673,0,4.04057,0.555513,2.64989,-0.272283,29.2863,0.336158,,,1975
1975-10-01,10.5,10.5,10.5,,143,13.9,37.4,,,,,,,,,,,,,-1.01271,0,-9.68326,0.689115,-7.88231,-0.555157,29.5824,0.457302,,,1975
1975-11-01,10.5,10.5,10.5,,142,13.9,35.9,,,,,,,,,,,,,0.0153952,0,2.15734,-0.113513,1.74446,0.136314,29.7265,0.455352,,,1975
1975-12-01,10.5,10.5,10.5,,139,13.9,35.7,,,,,,,,,,,,,-0.252677,0,2.19553,-0.148982,1.2856,-0.768385,29.9535,0.618924,,,1975
1976-01-01,11.5,11.5,11.5,,131,15.2,36.2,,,,,,,,,,,,,-0.107325,0,-0.824654,0.770212,-9.39319,2.00472,30.2898,0.683206,,,1975
1976-02-01,11.5,11.5,11.5,,131,15.2,36.8,,,,,,,,,,,,,-0.132605,0,1.76167,1.36657,5.43996,-0.983305,30.62,0.727163,,,1975
1976-03-01,11.5,11.5,11.5,,133,15.2,37.3,,,,,,,,,,,,,-0.612499,0,2.15295,-0.513188,-0.644228,0.528,30.7159,0.337724,,,1975
1976-04-01,11.5,11.5,11.5,,128,15.2,38.3,,,,,,,,,,,,,-0.551423,0,-0.64256,0.597988,-2.32088,-0.018483,31.0695,0.549246,,,1976
1976-05-01,11.5,11.5,11.5,,127,15.2,39.5,,,,,,,,,,,,,-0.871969,0,-0.374847,0.46928,-1.61497,-0.374221,31.373,0.269752,,,1976
1976-06-01,11.5,11.5,11.5,,126,15.2,41.2,,,,,,,,,,,,,0.303113,0,2.46758,-0.470241,3.71274,-0.368127,31.3675,0.0776164,,,1976
1976-07-01,11.6,11.6,11.6,,118,15.3,42.2,,,,,,,,,,,,,-0.238211,0,2.03562,0.071626,0.581725,0.211038,31.5203,0.342833,,,1976
1976-08-01,11.6,11.6,11.6,,110,15.4,41.5,,,,,,,,,,,,,0.298506,0,-0.371692,-0.190991,2.04146,-0.525217,31.549,0.0675818,,,1976
1976-09-01,11.6,11.6,11.6,,114,15.4,42.2,,,,,,,,,,,,,0.58534,0,1.02269,0.564489,-1.49601,0.9226,31.8685,0.401943,,,1976
1976-10-01,11.9,11.9,11.9,,116,15.7,41.8,,,,,,,,,,,,,0.331488,0,3.59475,-0.145498,3.61373,1.0752,31.9022,-0.0721676,,,1976
1976-11-01,11.9,11.9,11.9,,130,15.7,42.3,,,,,,,,,,,,,-0.532355,0,1.29931,0.798631,1.65075,0.290309,32.227,0.284255,,,1976
1976-12-01,11.9,11.9,11.9,,134,15.7,43.4,,,,,,,,,,,,,0.240328,0,2.50084,-0.229123,6.62863,-1.65414,32.349,0.362406,,,1976
1977-01-01,12.5,12.5,12.5,,132,16.6,46.4,,,,,,,,,,,,,-0.129853,0,-8.39671,0.0633263,-8.2971,-0.21579,32.4932,0.0870882,,,1976
1977-02-01,12.5,12.5,12.5,,136,16.7,48.5,,,,,,,,,,,,,0.144663,0,4.45472,-0.45739,4.71242,0.620278,32.5161,0.0387855,,,1976
1977-03-01,12.5,12.5,12.5,,148,16.7,51.8,,,,,,,,,,,,,-0.598315,0,1.36669,0.0187054,-0.440287,0.333185,32.7048,0.285441,,,1976
1977-04-01,12.4,12.4,12.4,,149,16.7,52.8,,,,,,,,,,,,,0.255401,0,-1.77456,-0.0760367,-4.16191,1.84741,32.6881,-0.239241,,,1977
1977-05-01,12.4,12.4,12.4,,147,16.7,50.7,,,,,,,,,,,,,0.127612,0,-2.90992,0.449366,-4.81904,1.75423,32.7994,-0.00282364,,,1977
1977-06-01,12.4,12.4,12.4,,141,16.8,48.3,,,,,,,,,,,,,-0.178726,0,0.769374,-0.847723,-1.88054,0.450597,32.8127,-0.0602057,,,1977
1977-07-01,12.6,12.6,12.6,,143,17,45.1,,,,,,,,,,,,,0.521672,0,-1.179,-0.641298,-0.982088,0.203632,32.6464,-0.111872,,,1977
1977-08-01,12.6,12.6,12.6,,145,17,43.5,,,,,,,,,,,,,0.476387,0,0.844708,0.642742,-0.652544,0.731058,32.8558,0.0273988,,,1977
1977-09-01,12.6,12.6,12.6,,150,17,42.9,,,,,,,,,,,,,-0.167554,0,2.28719,0.235558,2.30204,-0.428868,32.9534,0.017287,,,1977
1977-10-01,12.7,12.7,12.7,,159,17,42.5,,,,,,,,,,,,,-0.80536,0,0.441342,-0.159457,-1.12339,0.543037,32.9324,0.0495011,,,1977
1977-11-01,12.7,12.7,12.7,,162,17,43.6,,,,,,,,,,,,,0.68546,0,1.93891,-0.189614,0.709189,1.10916,32.9407,-0.0593305,,,1977
1977-12-01,12.7,12.7,12.7,,160,17,44.6,,,,,,,,,,,,,-0.351578,0,2.0425,0.263562,2.80123,-0.142914,33.2069,0.165433,,,1977
1978-01-01,12.7,12.7,12.7,,173,17.3,45,,,,,,,,,,,,,0.0791343,0,-8.09057,-0.170821,-7.23322,-0.932551,33.1441,-0.30293,,,1977
1978-02-01,12.7,12.7,12.7,,178,17.3,45.4,,,,,,,,,,,,,-0.796427,0,1.23621,-0.420366,1.19927,-0.0553589,33.0303,-0.199437,,,1977
1978-03-01,12.7,12.7,12.7,,184,17.3,47.1,,,,,,,,,,,,,-0.163354,0,0.871162,0.177561,-2.35765,1.01038,33.2872,0.00276715,,,1977
1978-04-01,12.7,12.7,12.7,,175,17.3,48.1,,,,,,,,,,,,,-0.559941,0,1.22005,2.18412,0.395681,-0.359796,34.05,0.351397,,,1978
1978-05-01,12.7,12.7,12.7,,176,17.4,47.3,,,,,,,,,,,,,-0.193473,0,-2.18985,-0.54978,0.842039,-1.0902,33.8085,-0.147622,,,1978
1978-06-01,12.7,12.7,12.7,,184,17.5,46.7,,,,,,,,,,,,,0.013569,0,2.20279,-0.238869,-2.65871,1.35098,33.9944,0.165591,,,1978
1978-07-01,12.8,12.8,12.8,,189,17.5,45.5,,,,,,,,,,,,,0.501282,0,0.188713,-0.463731,-0.540668,0.0688717,34.1073,0.0819529,,,1978
1978-08-01,12.8,12.8,12.8,,206,17.6,45.9,,,,,,,,,,,,,-0.688296,0,-0.0799028,0.681111,2.97245,-1.8174,34.3231,0.435734,,,1978
1978-09-01,12.8,12.8,12.8,,212,17.6,48,,,,,,,,,,,,,0.459606,0,3.57703,0.707887,0.734096,1.41832,34.5836,0.272849,,,1978
1978-10-01,12.9,12.9,12.9,,227,17.7,49.3,,,,,,,,,,,,,-0.128027,0,1.56675,-0.014251,0.584809,0.494293,34.6963,0.254375,,,1978
1978-11-01,13.2,13.2,13.2,,206,18.1,48.8,,,,,,,,,,,,,-0.407214,0,0.323484,0.182263,-0.0162124,0.443709,34.9155,-0.398981,,,1978
1978-12-01,14.5,14.5,14.5,,208,19.5,48.6,,,,,,,,,,,,,-0.44832,0,-2.09967,0.782968,-0.912707,-1.40321,35.4519,-0.00361264,,,1978
1979-01-01,17.5,19,15.9,,227,24.8,48.8,,,,,,,,,,,,,0.189868,0,-3.18976,-2.14141,1.38582,-0.359135,34.8009,-0.271457,,,1978
1979-02-01,20.8,22,19.5,,246,28.1,50.9,,,,,,,,,,,,,0.352371,0,0.877718,0.545184,-2.42255,0.890002,35.1385,0.311887,,,1978
1979-03-01,22,23.3,20.8,,242,29.5,52.1,,,,,,,,,,,,,-0.0838168,0,0.986313,0.0240533,-1.54979,1.67731,35.3066,0.216256,,,1978
1979-04-01,22.4,23.6,21.2,,239,29.9,52.9,,,,,,,,,,,,,0.311749,0,0.633393,0.429219,3.98134,0.934433,35.3488,-0.30206,,,1979
1979-05-01,33.5,32.8,34.3,,258,39.6,53.2,,,,,,,,,,,,,0.112194,0,0.400116,0.278286,0.308735,0.812947,35.6084,-0.05159,,,1979
1979-06-01,34.7,36.5,32.8,,279,43.6,56.2,,,,,,,,,,,,,0.960513,0,-0.678023,-0.226698,0.0944308,1.80034,35.7549,-0.545286,,,1979
1979-07-01,33.5,35,32,,295,42.1,56.5,,,,,,,,,,,,,0.816552,0,0.446702,-0.310854,5.89174,-1.10238,35.8378,-0.598039,,,1979
1979-08-01,34,35.8,32.3,,301,43,56.1,,,,,,,,,,,,,1.12542,0,0.00958138,-0.130055,-1.20992,1.0155,35.9521,-0.263353,,,1979
1979-09-01,35.5,36.5,34.5,,355,43.8,57.2,,,,,,,,,,,,,0.294043,0,-0.774052,-0.207132,1.80568,-0.0235825,35.8749,-0.246468,,,1979
1979-10-01,37.3,38.5,36,,392,46,57.3,,,,,,,,,,,,,0.371389,0,0.938285,0.158971,-3.68497,2.42798,36.0368,-0.455568,,,1979
1979-11-01,40.8,42,39.5,,392,49.8,57.8,,,,,,,,,,,,,0.523791,0,0.234462,0.236723,4.16654,0.0608456,36.2046,-0.382708,,,1979
1979-12-01,39.8,40.5,39,,455,48.2,59,,,,,,,,,,,,,0.4943,0,-1.05564,0.129456,1.72471,-0.233456,36.3287,-0.255273,,,1979
1980-01-01,39,40,38,,675,48.4,60.5,,,,,,,,,,,,,0.0726889,0,-2.04735,-0.0332665,-3.92157,2.2085,36.4567,0.0829565,,,1979
1980-02-01,37.3,38.5,36,,665,46.8,62.8,,,,,,,,,,,,,1.01255,0,-0.0374242,0.00263452,-0.513701,0.989725,36.5853,-0.0729895,,,1979
1980-03-01,37,38.3,35.8,,554,46.6,59.9,,,,,,,,,,,,,0.233971,0,-1.93423,-0.231571,-0.735478,-0.704822,36.6031,-1.27374,,,1979
1980-04-01,36.6,38.2,35,,517,46.9,58.5,,,,,,,,,,,,,0.597885,0,-1.95543,-1.33935,-3.91122,1.26734,36.1358,-1.30629,,,1980
1980-05-01,37,38.5,35.6,,514,47.4,59.5,,,,,,,,,,,,,0.219234,0,-0.970003,-1.26307,-0.17447,0.383732,35.6728,-0.4736,,,1980
1980-06-01,37,38,36,,601,46.9,58.5,,,,,,,,,,,,,-0.144696,0,0.894473,-0.308487,0.382779,-0.386697,35.5595,0.272667,,,1980
1980-07-01,35.4,37.4,33.3,,643,46.4,59.4,,,,,,,,,,,,,-0.852755,0,-1.09302,0.0101453,0.762466,-0.248078,35.3706,0.330591,,,1980
1980-08-01,32.9,33.6,32.3,,627,42.5,60.1,,,,,,,,,,,,,-0.377889,0,-0.342107,0.329544,-2.48714,1.10224,35.3383,0.204425,,,1980
1980-09-01,32.8,33.4,32.3,,674,42.4,61,,,,,,,,,,,,,-0.641873,0,-1.52714,-0.16413,0.48606,-1.38618,35.3057,0.335645,,,1980
1980-10-01,37.4,37.9,36.8,,661,47.2,61,,,,,,,,,,,,,-0.210623,0,-4.36086,0.463114,-6.31301,0.0200122,35.5099,0.330922,,,1980
1980-11-01,40.3,40.8,39.8,,625,50.4,61,,,,,,,,,,,,,-0.104426,0,0.0904739,0.824729,0.0331772,-0.0369466,35.8371,0.182495,,,1980
1980-12-01,39.8,40.2,39.3,,538,49.6,57.9,,,,,,,,,,,,,-0.0387907,0,1.41907,-0.160861,3.31441,-0.815353,35.848,-0.383004,,,1980
1981-01-01,39.8,40.3,39.3,,557,50,58.1,,,,,,,,,,,,,0.287666,0,-0.953634,-0.339159,-1.57335,2.3702,35.7467,-0.153833,,,1980
1981-02-01,37.9,38.7,37.1,,500,48.4,56.7,,,,,,,,,,,,,0.0763379,0,1.00613,0.121082,-1.96225,0.311282,35.9201,-0.302285,,,1980
1981-03-01,37.6,38.3,36.8,,499,48.1,56.3,,,,,,,,,,,,,0.129223,0,0.970631,-0.607305,-2.14151,1.89544,35.7925,0.0696829,,,1980
1981-04-01,36.4,37.2,35.5,,496,47.5,54.6,,,,,,,,,,,,,0.40357,0,-0.371429,-0.043075,-2.05743,1.29888,35.7489,0.277329,,,1981
1981-05-01,34.3,35.2,33.4,,480,45.4,53.6,,,,,,,,,,,,,0.36974,0,-0.0381063,-0.0786621,-3.64759,1.22537,35.779,-0.0914623,,,1981
1981-06-01,32.7,33.3,32.2,,461,43.3,52.2,,,,,,,,,,,,,0.222104,0,0.0928607,0.242407,-2.38235,0.320969,35.9372,-0.164677,,,1981
1981-07-01,33.5,35.1,32,,409,45.3,51.7,,,,,,,,,,,,,0.376133,0,-1.5109,0.478032,-5.2702,1.20894,36.1602,-0.197675,,,1981
1981-08-01,34,35.8,32.2,,410,46.1,51.1,,,,,,,,,,,,,-0.09542,0,-1.65543,-0.802055,0.195571,-1.85693,35.9534,-0.073231,,,1981
1981-09-01,34,35.9,32.1,,444,46.3,49.8,,,,,,,,,,,,,0.212182,0,0.434392,0.0126356,-5.13726,1.97959,36.0683,-0.47396,,,1981
1981-10-01,34.6,36.5,32.7,,438,47,49.1,,,,,,,,,,,,,-0.474182,0,0.615249,-0.119822,-3.66278,2.57414,36.0797,-0.670637,,,1981
1981-11-01,35.7,37.1,34.2,,413,47.7,48.6,,,,,,,,,,,,,-0.149902,0,-1.58354,-0.364158,-2.43159,1.29325,35.9241,-0.516849,,,1981
1981-12-01,35.4,36.7,34.1,,410,47.3,48.1,,,,,,,,,,,,,0.179756,0,2.21952,-0.964318,0.406332,0.750513,35.658,-0.380862,,,1981
1982-01-01,35,35.8,34,35.3,384,46.3,48.5,,,,,,,,,,,,,0.178962,0,0.960975,-0.456005,-0.467532,0.647065,35.4999,-0.499567,,,1981
1982-02-01,32.3,31.6,30.4,34.8,374,41.9,48.1,,,,,,,,,,,,,-1.0432,0,-0.994847,0.48415,-1.28838,0.467242,35.6457,-0.21894,,,1981
1982-03-01,30.2,29.3,28.6,32.6,330,39.5,46.9,,,,,,,,,,,,,-0.687876,0,-2.47638,0.0930301,-2.92658,-1.50185,35.6683,-0.632149,,,1981
1982-04-01,31.6,33.1,30.9,30.7,350,43.6,46.5,,,,,,,,,,,,,0.897689,0,-2.00053,-0.331355,-2.68205,-0.96795,35.564,-0.322796,,,1982
1982-05-01,33,35.2,33.3,30.6,334,45.9,46.2,,,,,,,,,,,,,0.639348,0,1.92954,-0.854294,2.45012,-0.172508,35.3738,-0.182975,,,1982
1982-06-01,32.8,34.6,32.7,31.1,315,45.3,44,,,,,,,,,,,,,0.626081,0,3.51565,-0.793482,4.77703,0.139136,35.1734,-0.907731,,,1982
1982-07-01,32.9,33.7,31.7,33.4,339,44.4,43.5,,,,,,,,,,,,,0.0719039,0,0.0869133,-0.280677,-0.655908,0.256432,35.0167,-0.235471,,,1982
1982-08-01,32.4,32.8,31.2,33.2,364,43.5,42.7,,,,,,,,,,,,,0.646918,0,-0.166935,-0.192337,-2.02504,1.87125,34.852,-0.526503,,,1982
1982-09-01,33.5,34.3,33,33.1,437,45.1,42.4,,,,,,,,,,,,,-0.0588043,0,-0.0699624,0.162042,3.84461,-2.06594,34.9351,0.191855,,,1982
1982-10-01,33.8,35,33.4,33,422,45.9,41.5,,,,,,,,,,,,,0.811015,0,3.71052,-1.60002,2.17659,1.80363,34.4577,-0.115572,,,1982
1982-11-01,32.8,33.8,31.8,33,415,44.7,42.2,,,,,,,,,,,,,0.535244,0,3.23859,-0.0527517,2.75704,0.779381,34.3974,0.0675571,,,1982
1982-12-01,31.5,31.8,30.1,32.6,445,42,42.7,,,,,,,,,,,,,-0.130255,0,-0.907961,-0.487583,1.97547,-1.07357,34.2729,0.211383,,,1982
1983-01-01,30.7,30.9,30,31.1,481,40.7,43.3,,,,,,,,,,,,,-0.498903,0,-1.25402,1.40106,-6.43381,1.3876,34.6868,0.761246,,,1982
1983-02-01,29.1,29.1,29,29.2,491,38.9,44.6,,,,,,,,,,,,,-0.232199,0,-5.94532,-0.787318,-6.73718,0.339659,34.4857,0.555922,,,1982
1983-03-01,28.3,28.2,28.1,28.7,420,37.8,45.5,,,,,,,,,,,,,-0.242919,0,2.78016,0.346665,-1.84494,-0.0333411,34.7337,0.90191,,,1982
1983-04-01,29.7,29.8,28.7,30.6,433,39.4,47.2,,,,,,,,,,,,,0.413477,0,1.4469,0.369765,-2.97799,1.49274,34.9782,0.741366,,,1983
1983-05-01,29.4,29.6,28.5,30,438,39.2,48.6,,,,,,,,,,,,,0.146235,0,2.08103,0.40115,3.44546,0.507435,35.0959,0.824492,,,1983
1983-06-01,30,30.2,28.8,31,413,40,48.3,,,,,,,,,,,,,-0.0281087,0,0.895815,0.251405,-1.97465,0.997997,35.3129,0.632013,,,1983
1983-07-01,30.5,30.8,29,31.6,403,40.1,49.2,,,,,,,,,,,,,0.512677,0.200943,3.36008,-0.259939,4.26998,-1.60911,35.4093,0.751713,,,1983
1983-08-01,30.7,31.1,28.9,32,416,40.5,52.6,,,,,,,,,,,,,-0.117181,0,0.112563,0.700076,-3.06323,2.55032,35.7518,0.48399,,,1983
1983-09-01,30.1,30.4,28.6,31.3,412,39.8,53.1,,,,,,,,,,,,,0.376711,0,1.43867,0.574269,0.51483,0.291911,36.1202,0.466277,,,1983
1983-10-01,29.6,29.9,28.6,30.4,394,39.2,52.9,,,,,,,,,,,,,0.486018,0,0.391074,0.000670225,-0.402191,0.331598,36.2553,0.508268,,,1983
1983-11-01,29.2,29.2,28.3,30,382,38.4,52.1,,,,,,,,,,,,,-0.0257619,0,1.79942,0.0517048,2.76905,-1.50981,36.5118,0.348003,,,1983
1983-12-01,28.8,29,28.3,29.2,388,38,52.3,,,,,,,,,,,,,-0.181928,-0.188802,-1.53248,0.310005,-3.17579,1.68023,36.8102,0.539771,,,1983
1984-01-01,29,29.6,27.7,29.8,371,38.6,53.1,,,,,,,,,,,,,0.0507638,0,-0.0263603,0.378759,-3.45261,0.809058,37.1328,0.459907,,,1983
1984-02-01,29.2,29.9,27.6,30.1,386,39,52.4,,,,,,,,,,,,,-0.100968,0,0.997097,0.256762,2.97012,-1.0363,37.327,0.375841,,,1983
1984-03-01,29.5,30.1,27.8,30.7,394,39.1,53.5,,,,,,,,,,,,,-0.0329466,0,-0.552127,-0.758669,-0.570353,-0.276019,37.2647,0.0518048,,,1983
1984-04-01,29.6,30.1,28,30.6,381,39.1,53.5,,,,,,,,,,,,,0.311975,0,0.369839,-0.184716,-3.42747,2.10592,37.3226,-0.0420338,,,1984
1984-05-01,29.5,29.9,28,30.5,377,38.9,54.1,,,,,,,,,,,,,-0.376976,0,-1.25081,0.817095,-6.51893,2.40024,37.7783,0.0594039,,,1984
1984-06-01,29.1,29.2,27.9,30,378,38.3,52,,,,,,,,,,,,,0.257054,0,1.82459,-0.635056,2.94975,0.307553,37.5656,-0.357236,,,1984
1984-07-01,28,27.9,27.3,28.8,348,36.9,48.4,,,,,,,,,,,,,-0.0363878,0.116546,-0.253774,0.881178,-2.64894,0.457663,37.991,-0.0350077,,,1984
1984-08-01,28.2,28.1,27.2,29.2,348,37.2,47.7,,,,,,,,,,,,,-0.145686,0,-3.03239,0.287432,-1.19906,-1.79407,38.275,0.0787704,,,1984
1984-09-01,28.4,28.4,27.4,29.3,340,37.3,47,,,,,,,,,,,,,-0.0156641,0,-0.0759045,-0.375402,0.496711,-0.70012,38.2177,-0.180962,,,1984
1984-10-01,27.9,27.8,27.1,28.6,341,36.8,46.2,,,,,,,,,,,,,0.128294,1.04146,0.845813,-0.264487,-5.18133,2.62042,38.31,-0.160165,,,1984
1984-11-01,27.7,27.7,27.1,28.2,342,36.7,46.1,,,,,,,,,,,,,-0.347733,0,-0.305128,-0.0385347,-0.445346,0.687525,38.3659,0.10086,,,1984
1984-12-01,26.8,27,26.8,26.7,320,35.9,44.8,,,,,,,,,,,,,-0.522645,-1.32898,0.255033,0.49358,-2.80541,0.864971,38.5817,-0.00464328,,,1984
1985-01-01,26.6,27,27.3,25.7,303,35.9,44.6,,,,,,,,,,,,,-0.0203832,0.521274,-1.84884,0.00637664,-1.39913,-1.03996,38.673,-0.0131608,,,1984
1985-02-01,27.6,28.2,27.3,27.4,299,37.3,44.6,,,,,,,,,,,,,0.174198,0,2.35916,0.0625722,2.92524,-0.847121,38.7939,-0.0424556,,,1984
1985-03-01,27.9,28.1,27.2,28.3,314,37.1,44.7,,,,,,,,,,,,,0.628517,0,0.100929,0.16938,-2.09433,1.20371,38.9945,0.180547,,,1984
1985-04-01,27.8,27.9,26.7,28.9,327,36.9,45.1,,,,,,,,,,,,,0.0609243,0,-1.11979,-0.508745,-2.01673,1.07873,38.8592,0.166166,,,1985
1985-05-01,26.7,26.7,25.7,27.7,316,35.5,44.2,,,,,,,,,,,,,-0.361513,0,-1.77797,0.733373,-6.77624,1.80453,39.2144,0.19369,,,1985
1985-06-01,26.4,26.5,25.5,27.2,317,35.3,42.8,,,,,,,,,,,,,-0.0969447,0,-3.09999,-0.589646,-0.896618,-1.91906,39.1842,0.197219,,,1985
1985-07-01,26.4,26.6,25.7,26.9,317,35.4,41.8,,,,,,,,,,,,,0.00325399,-0.254178,1.99308,-0.0611467,2.38439,-0.948743,39.2232,0.376762,,,1985
1985-08-01,27,27.2,26.3,27.6,330,35.9,41,,,,,,,,,,,,,-0.117347,0,-0.178137,-0.077355,-0.353008,-0.246785,39.2873,0.265346,,,1985
1985-09-01,27,27.2,26.2,27.7,323,35.8,40.1,,,,,,,,,,,,,0.202287,0,2.32598,0.159219,1.36701,0.910569,39.3532,0.140725,,,1985
1985-10-01,27.8,27.9,26.7,28.9,326,36.6,39.9,,,,,,,,,,,,,0.596786,-1.37861,3.41653,0.0488167,5.63342,-1.45933,39.4323,0.169195,,,1985
1985-11-01,28.6,29.1,26.9,29.9,322,37.8,40.6,,,,,,,,,,,,,0.61871,0,0.961099,0.331483,0.559722,0.733326,39.6644,0.394956,,,1985
1985-12-01,26.5,25.9,26.3,27.4,322,34.3,42.6,,,,,,,,,,,,,-0.479017,-3.89039,1.32528,-0.499405,1.14653,-0.105663,39.5893,0.443092,,,1985
1986-01-01,24.7,25.8,25.4,22.9,347,34.1,43.7,,,,,,,,,,,,,-0.704711,0,-0.459919,0.302448,-4.45939,1.09641,39.8188,0.493439,,,1985
1986-02-01,15.9,17.6,14.8,15.4,339,25.4,42.9,,,,,,,,,,,,,-2.11415,0,3.25186,-0.639293,-7.4193,-1.47013,39.6922,0.337176,,,1985
1986-03-01,12.7,13.9,11.5,12.7,346,21.1,43.4,,,,,,,,,,,,,-0.947942,0,0.715479,0.480175,-5.00917,0.148591,39.6283,0.415621,,,1985
1986-04-01,11.9,12.5,10.3,12.9,340,19.6,42.7,,,,,,,,,,,,,-0.732911,0.511615,0.875213,0.718038,1.25786,-1.28424,39.8657,0.661136,,,1986
1986-05-01,13.7,14.2,11.5,15.5,342,21.3,41.7,,,,,,,,,,,,,1.0703,0,3.11109,-0.797017,4.71025,-1.40663,39.6161,0.422855,,,1986
1986-06-01,11.9,11.9,10.2,13.5,343,18.6,40.3,,,,,,,,,,,,,-1.04215,0,3.36421,0.105172,-2.08636,-0.543945,39.8236,0.573916,,,1986
1986-07-01,9.6,9.5,7.9,11.6,348,16,39.2,,,,,,,,,,,,,-0.723729,0,2.59583,0.30292,-4.77089,1.90552,40.0401,0.403076,,,1986
1986-08-01,13.7,13.7,12.2,15.3,377,20.4,39,,,,,,,,,,,,,2.04715,9.36417,-0.187009,-0.387931,9.01187,-1.14598,39.8345,0.419686,,,1986
1986-09-01,14.1,14.2,13.1,15,418,21,40.1,,,,,,,,,,,,,-0.757801,0,-5.88391,0.120023,-7.29623,0.00306892,40.1656,0.713414,,,1986
1986-10-01,14,13.8,13.2,14.9,424,20.5,39.9,,,,,,,,,,,,,-0.180109,-1.1086,-0.102977,-0.442422,-2.46256,0.323483,40.2671,0.264015,,,1986
1986-11-01,14.5,14.6,13.6,15.3,398,21.4,39.7,,,,,,,,,,,,,0.269959,0,0.0522552,-0.529231,4.04451,-0.341041,40.2481,0.254655,,,1986
1986-12-01,15.7,15.9,14.9,16.3,391,22.7,39.5,,,,,,,,,,,,,0.152163,3.00631,0.0805797,0.171727,2.39454,-0.550655,40.5193,0.686088,,,1986
1987-01-01,18.1,18.4,17.2,18.6,408,24.8,40.3,,,,,,,,,,,,,1.65116,0,-2.84073,-1.20148,2.41591,1.57978,40.0589,0.0805119,,,1986
1987-02-01,17.3,17.3,16.7,17.8,401,23.6,41,,,,,,,,,,,,,-1.05533,0,-1.43006,1.31917,-4.79933,0.0361258,40.9643,1.06471,,,1986
1987-03-01,17.8,17.9,16.9,18.5,409,24.2,41.2,,,,,,,,,,,,,0.298181,0,-2.52794,-0.8848,-1.79071,0.412571,40.8691,0.513422,,,1986
1987-04-01,17.9,18.1,17,18.7,438,24.2,42.1,,,,,,,,,,,,,-0.0102679,0,-0.0226967,0.623082,0.685332,0.45108,41.1011,0.626153,,,1987
1987-05-01,18.4,18.8,17.1,19.4,460,24.8,43.5,,,,,,,,,,,,,0.299597,0,1.4458,-0.220395,0.721042,0.57836,41.279,0.468598,,,1987
1987-06-01,18.7,18.9,17.3,20.1,450,24.9,43.4,,,,,,,,,,,,,0.498368,1.21496,-0.852519,0.105594,-0.763544,0.609122,41.3995,0.511936,,,1987
1987-07-01,19.6,19.8,17.8,21.3,451,26,43.9,,,,,,,,,,,,,0.595182,0,3.55692,0.0315589,4.73496,0.0659927,41.4979,0.544136,,,1987
1987-08-01,18.8,19,17.3,20.2,461,25.1,44.8,,,,,,,,,,,,,-0.0350116,0,1.70178,0.018386,-0.164671,1.17151,41.6563,0.579914,,,1987
1987-09-01,18.3,18.4,17,19.5,460,24.4,46.6,,,,,,,,,,,,,0.167961,0,0.284227,0.802201,-1.34939,0.221286,41.9499,0.605018,,,1987
1987-10-01,18.6,18.8,17.1,19.9,465,24.9,48.1,,,,,,,,,,,,,0.145205,0,0.610899,1.0705,-3.11214,2.24463,42.458,0.582354,,,1987
1987-11-01,17.8,17.8,16.6,18.9,468,24,49.2,,,,,,,,,,,,,-0.490424,0,0.00232609,-0.027975,-2.60347,0.487489,42.6903,0.367453,,,1987
1987-12-01,16.6,17.1,15.5,17.3,486,23.4,51.1,,,,,,,,,,,,,-0.524644,-4.27081,1.13275,-0.0655554,1.62161,-1.43105,42.8134,0.289165,,,1987
1988-01-01,16.5,16.9,15.4,17.2,477,23.4,52.1,,,,,,,,,,,,,0.578354,0,0.112372,0.488916,-4.38509,-1.0577,43.1733,0.111894,,,1987
1988-02-01,15.9,15.8,15.1,16.8,442,22,51,,,,,,,,,,,,,-0.333387,0,-1.387,0.441746,0.120358,0.0856829,43.3625,-0.0459839,,,1987
1988-03-01,14.8,14.8,13.4,16.2,444,20.9,53.3,,,,,,,,,,,,,-0.725978,0,1.15267,-0.128883,-1.90902,-0.776382,43.4685,0.125526,,,1987
1988-04-01,16.5,16.6,15,17.9,452,22.7,53.9,,,,,,,,,,,,,0.909504,0,-0.716333,-0.0799781,1.71001,-0.0882906,43.5401,-0.0997795,,,1988
1988-05-01,16.2,16.4,14.9,17.4,451,22.4,56.7,,,,,,,,,,,,,-0.48615,0,-0.921564,-0.43116,-1.82898,0.303757,43.5798,0.0594357,,,1988
1988-06-01,15.3,15.6,13.8,16.7,451,21.7,62.6,,,,,,,,,,,,,-0.741151,2.32922,-0.639754,0.260704,-2.95107,0.0765178,43.8258,0.0120798,,,1988
1988-07-01,14.5,14.9,13.1,15.5,438,21,57.9,,,,,,,,,,,,,-0.488226,0,0.0552766,-0.349204,-1.71896,0.180464,43.742,-0.434164,,,1988
1988-08-01,14.6,15,13.2,15.6,431,21.1,56.3,,,,,,,,,,,,,0.107078,0,1.92041,0.714679,4.15281,-1.94394,44.0889,-0.0527981,,,1988
1988-09-01,13.1,13.3,11.6,14.5,413,19.3,55.6,,,,,,,,,,,,,-0.4364,0,0.914827,0.118803,1.09448,-0.998118,44.2687,-0.0616359,,,1988
1988-10-01,12.2,12.5,10.3,13.8,407,18.6,56,,,,,,,,,,,,,-0.335891,0,3.11555,-0.137456,-1.28326,1.31436,44.2749,0.140919,,,1988
1988-11-01,12.5,13,10.6,14,420,19.3,57.1,,,,,,,,,,,,,-0.320451,5.92951,1.60802,0.35284,3.77108,-2.00114,44.5645,0.392572,,,1988
1988-12-01,14.7,15.2,12.5,16.3,419,21.8,58.8,,,,,,,,,,,,,0.869972,0,-0.846872,0.525056,5.45902,-0.210697,44.962,0.360358,,,1988
1989-01-01,16.5,17,14.5,18,404,23.5,58.1,,,,,,,,,,,,,-0.0458566,0,-5.61527,-0.513849,-2.80411,0.58422,44.9565,-0.0173464,,,1988
1989-02-01,16.4,16.7,14.6,17.8,388,23,57,,,,,,,,,,,,,-0.390577,0,-1.52109,-1.27174,-1.93981,-0.204589,44.7638,-0.149962,,,1988
1989-03-01,18,18.7,16,19.5,390,24.9,57.7,,,,,,,,,,,,,0.306876,0,-0.118801,0.332006,1.81953,-0.0242925,45.1293,-0.0624935,,,1988
1989-04-01,19.2,19.8,16.9,21,384,26.1,57.2,,,,,,,,,,,,,0.823352,0,-1.51724,0.518451,0.880374,1.36334,45.4165,-0.0486635,,,1989
1989-05-01,18,18.4,15.7,20.1,371,24.8,57.1,,,,,,,,,,,,,-0.20669,0,0.0963596,-0.899715,-3.76365,1.47919,45.0803,-0.282968,,,1989
1989-06-01,17.6,17.5,15.4,20,368,23.9,55.3,,,,,,,,,,,,,-0.353309,-3.15882,0.914172,0.738572,-0.457487,-1.11276,45.5552,0.0787044,,,1989
1989-07-01,17.7,17.8,15.5,19.8,375,24.1,53.9,,,,,,,,,,,,,0.622357,0,0.112655,-0.944345,1.0198,0.450235,45.2742,0.0841658,,,1989
1989-08-01,16.9,17.1,15,18.6,365,23.3,52.9,,,,,,,,,,,,,-0.866408,0,1.8785,0.466277,-3.39545,2.32659,45.4671,0.503049,,,1989
1989-09-01,17.7,17.8,15.6,19.6,362,24,52.7,,,,,,,,,,,,,0.860582,0.952046,0.318747,-0.137154,3.97254,-1.16079,45.441,0.401862,,,1989
1989-10-01,18.4,19,16.2,20.1,367,25.4,52.9,,,,,,,,,,,,,0.345128,0,1.25113,-0.194961,2.81929,-0.266745,45.3778,0.210602,,,1989
1989-11-01,18.4,19.2,16.2,19.8,394,25.9,51.6,,,,,,,,,,,,,0.0547552,-1.821,1.94869,0.109147,-1.94486,1.95796,45.5833,0.0915116,,,1989
1989-12-01,19.4,19.9,17.1,21.1,409,27.1,50.5,,,,,,,,,,,,,0.422233,0,-1.69687,0.631429,0.0696913,1.9369,45.9355,0.152437,,,1989
1990-01-01,20.4,21,17.5,22.7,410,28.9,50.2,,,,,,,,,,,,,0.864339,0,-0.19596,-0.616349,2.63458,-1.67474,45.7532,0.125408,,,1989
1990-02-01,19.6,19.9,16.8,22.1,417,27.1,50.2,,,,,,,,,,,,,-0.814993,0,1.79347,0.0299841,1.65114,-1.36606,45.9393,-0.106194,,,1989
1990-03-01,18.2,18.5,15.8,20.4,393,25.1,51.8,,,,,,,,,,,,,-0.136914,0,1.6077,0.194557,-6.53699,4.29447,46.1333,0.0866918,,,1989
1990-04-01,16.6,16.8,14.3,18.6,374,23.2,51.9,,,,,,,,,,,,,-0.0287355,0,0.426504,-0.95108,-3.62507,0.479195,45.6607,-0.157784,,,1990
1990-05-01,16.6,16.7,14.6,18.5,369,23.3,51.7,,,,,,,,,,,,,-0.769074,0,0.772858,1.17757,-3.41967,1.39029,46.1731,0.0901026,,,1990
1990-06-01,15.3,15.7,13.3,16.9,352,22.2,50.8,,,,,,,,,,,,,0.0747327,0,-0.0965661,0.101262,-0.320943,-1.37928,46.3372,-0.0769695,,,1990
1990-07-01,17.2,17.6,15.3,18.7,363,24.1,51.1,,,,,,,,,,,,,0.558818,0.459742,-1.41979,-0.0723785,6.3119,-1.57919,46.3303,-0.0959774,,,1990
1990-08-01,26.4,27.1,25,27.2,395,34.1,52.2,,,,,,,,,,,,,1.583,0,-8.9344,-0.181489,3.48069,-0.213394,46.5837,-0.789843,,,1990
1990-09-01,32.7,34.1,30.3,33.7,389,41.7,53.2,,,,,,,,,,,,,0.701936,0,1.79111,-0.829203,9.14641,-2.65025,46.6772,-0.655795,,,1990
1990-10-01,34.5,36.1,31.6,35.9,381,44.1,52.2,,,,,,,,,,,,,0.315732,0,-1.08147,-0.690821,-1.34742,1.60655,46.6459,-1.07362,,,1990
1990-11-01,31.1,33,28,32.3,382,41.4,50.1,,,,,,,,,,,,,-0.772272,0,0.948847,-0.579419,1.12995,-1.58121,46.4216,-0.812037,,,1990
1990-12-01,26.1,28,23.3,27.2,377,36.1,49.6,,,,,,,,,,,,,-0.280349,2.77553,1.1093,0.206955,-3.16503,-0.0206899,46.3255,-0.638155,,,1990
1991-01-01,22.6,23.7,19.4,24.7,384,31.3,49.9,,,,,,,,,,,,,-0.157651,0,0.104781,0.320288,-2.74451,0.0575238,46.4194,-0.789738,,,1990
1991-02-01,18.1,19.4,14.5,20.6,364,26.3,50.2,,,,,,,,,,,,,-1.12499,0,0.695818,0.162467,-5.6886,0.534114,46.3401,0.0869141,,,1990
1991-03-01,18.1,19.5,14.9,19.9,363,26.3,50.4,,,,,,,,,,,,,0.486902,3.11478,0.293815,-0.472213,0.97686,-0.0969339,46.0561,-0.0031129,,,1990
1991-04-01,18.5,19.3,15.4,20.8,358,26.1,49.8,,,,,,,,,,,,,-0.200077,0,-1.20574,-0.117146,4.31785,-2.79821,46.0575,0.123932,,,1991
1991-05-01,18.8,19.3,15.9,21.3,357,26.1,48.2,,,,,,,,,,,,,-0.490902,0,0.538167,0.446579,-0.65655,-1.34048,46.3198,0.117641,,,1991
1991-06-01,17.9,18.2,15.4,20.2,367,24.7,48.2,,,,,,,,,,,,,-0.453099,-0.601656,-0.00980578,0.0569534,-1.03911,-1.00918,46.3633,-0.113437,,,1991
1991-07-01,19.1,19.5,16.3,21.5,368,25.9,48,,,,,,,,,,,,,0.0311743,0,0.432514,0.222012,-0.793619,0.977185,46.5111,0.097737,,,1991
1991-08-01,19.4,19.8,16.7,21.7,356,26.4,48.3,,,,,,,,,,,,,-0.129922,0,-0.670731,-0.213968,-0.620737,0.218899,46.4467,0.0522985,,,1991
1991-09-01,20.1,20.5,17.8,21.9,349,27.6,48.5,,,,,,,,,,,,,0.288896,0.0859746,0.767499,-0.389247,1.51675,0.158315,46.4261,0.392686,,,1991
1991-10-01,21.5,22.2,19,23.3,359,29.4,48.3,,,,,,,,,,,,,0.534867,0,-0.215668,0.0199126,1.48385,0.0960318,46.5918,0.13334,,,1991
1991-11-01,20.8,21.3,18.5,22.6,360,28.5,48.1,,,,,,,,,,,,,0.0624634,1.62663,0.297356,-0.367787,-0.752159,0.0963702,46.574,0.0479344,,,1991
1991-12-01,17.8,18.4,15.3,19.6,362,25.6,47.6,,,,,,,,,,,,,-0.550001,0,1.93751,-0.894658,1.1985,-1.88851,46.2234,-0.282423,,,1991
1992-01-01,17.4,18.2,15.2,18.8,354,24.4,48.2,,,,,,,,,,,,,-0.0616374,0,1.22201,0.771621,-3.35054,1.56036,46.5996,0.447046,,,1991
1992-02-01,17.6,18.1,15.8,19,354,24.2,48.5,,,,,,,,,,,,,0.116326,-5.54622,-1.54115,0.259651,-2.52763,1.18198,46.7818,0.146224,,,1991
1992-03-01,17.5,17.6,15.8,19,344,23.8,48.5,,,,,,,,,,,,,-0.261284,0,-1.02399,-0.468987,1.46522,-1.42522,46.6928,0.242875,,,1991
1992-04-01,18.6,19,16.7,20.3,339,25.4,48.2,,,,,,,,,,,,,0.351414,0,0.875454,-0.398909,0.362188,1.23506,46.72,0.181636,,,1992
1992-05-01,19.5,19.9,17.6,21,337,26.6,48.3,,,,,,,,,,,,,0.397112,4.10443,-2.59919,-0.994184,1.70154,-0.432166,46.4448,0.102626,,,1992
1992-06-01,20.8,21.2,19,22.4,341,27.9,48.5,,,,,,,,,,,,,0.444245,0,-0.487319,0.0116935,2.84721,-1.37563,46.5402,0.162251,,,1992
1992-07-01,20.2,20.3,18.5,21.8,353,27.2,48.7,,,,,,,,,,,,,-0.731973,0,0.731317,0.0849476,-0.710881,-0.38044,46.6244,0.160643,,,1992
1992-08-01,19.6,19.8,17.8,21.3,343,27,48.5,,,,,,,,,,,,,0.665265,0,-0.669412,-0.458078,-1.27827,0.776241,46.3544,-0.122695,,,1992
1992-09-01,20.2,20.3,18.3,21.9,345,28,47.9,,,,,,,,,,,,,0.11824,-0.605177,0.498758,0.615269,2.12299,-0.995337,46.7508,0.0691668,,,1992
1992-10-01,20.1,20.3,18.3,21.7,344,28.1,46.4,,,,,,,,,,,,,-0.0119083,0,1.09797,-0.104029,-1.12702,1.36657,46.8372,-0.0901916,,,1992
1992-11-01,18.9,19.2,17.1,20.4,335,26.6,46.3,,,,,,,,,,,,,0.124099,-1.49453,-0.139545,-0.462891,1.90675,-1.44486,46.659,0.000514753,,,1992
1992-12-01,17.9,18.2,16.3,19.4,335,25.4,46.7,,,,,,,,,,,,,0.330553,0,1.33652,-0.857092,-3.51765,1.40269,46.3968,0.390895,,,1992
1993-01-01,17.2,17.4,15.2,19.1,329,24.3,47.2,,,,,,,,,,,,,0.148023,0,-0.120838,1.0127,-0.652932,0.256869,46.8139,-0.00457883,,,1992
1993-02-01,18.2,18.5,16,20.1,329,24.9,47.4,,,,,,,,,,,,,0.0787571,-0.15661,0.277773,0.705877,2.17022,-0.302557,47.1536,0.134379,,,1992
1993-03-01,18.5,18.8,16.3,20.4,330,25.9,47.4,,,,,,,,,,,,,-0.153324,0,-0.653413,-0.578116,-1.30618,0.549382,46.9824,-0.0540295,,,1992
1993-04-01,18.4,18.7,16.4,20.3,342,26,47.6,,,,,,,,,,,,,0.0712166,0,-0.659367,-0.30157,-2.21953,0.382091,47.0771,0.155221,,,1993
1993-05-01,18.2,18.5,16,20,367,25.6,48.5,,,,,,,,,,,,,0.221572,0,0.643374,-0.203019,-1.04662,0.0692877,47.2269,0.0156451,,,1993
1993-06-01,17.5,17.7,15.6,19.2,372,24.4,48,,,,,,,,,,,,,-0.559935,-1.31528,-0.217403,-0.138531,-1.43924,-0.436917,47.1374,0.101295,,,1993
1993-07-01,16.3,16.8,14.3,17.9,392,23.6,49.5,,,,,,,,,,,,,-0.160761,0,1.24157,0.0579628,-0.610395,-0.119128,47.1184,-0.144875,,,1993
1993-08-01,16.5,16.7,14.8,18,379,23.8,49.2,,,,,,,,,,,,,0.173987,0,0.0740699,-0.362025,0.063466,-0.10022,47.0184,0.188882,,,1993
1993-09-01,15.9,16,14.2,17.5,355,23,48.7,,,,,,,,,,,,,-0.437873,0.237733,0.0402445,0.436146,0.985458,-1.49924,47.3326,0.253195,,,1993
1993-10-01,16.5,16.6,14.8,18.2,364,23.3,48.4,,,,,,,,,,,,,0.445861,0,0.215672,-0.255623,0.898916,0.0737671,47.3027,0.197202,,,1993
1993-11-01,15.2,15.2,13.7,16.8,374,22.1,48.9,,,,,,,,,,,,,-0.598989,-5.26785,0.895782,-0.116561,-3.70474,-0.224359,47.3617,0.230286,,,1993
1993-12-01,13.8,13.6,12.2,15.6,383,20.5,50.1,,,,,,,,,,,,,-0.62807,0,1.33803,0.31705,-1.87561,-0.297469,47.5782,0.478498,,,1993
1994-01-01,14.1,14.3,13.2,15,387,21.1,50.6,,,,,,,,,,,,92.55,0.4781,0,-0.216995,0.0859801,0.192977,1.69518,47.5763,0.19835,,,1993
1994-02-01,13.8,13.8,12.8,14.8,382,21.1,51.2,,,,,,,,,,,,92.3,-0.378454,0,0.322674,0.131701,0.545502,-1.1132,47.8155,0.297704,,,1993
1994-03-01,13.6,14,12.3,14.7,384,20.5,51.3,,,,,,,,,,,,92.38,-0.508829,-4.95866,0.106427,0.246121,-0.400472,0.153544,48.1272,0.386478,,,1993
1994-04-01,15.1,15.2,13.8,16.3,377,21.6,51.3,,,,,,,,,,,,93.79,0.377869,0,-2.00434,0.463067,1.77314,0.06049,48.4749,0.288962,,,1994
1994-05-01,16.3,16.2,14.8,17.9,381,22.6,53.2,,,,,,,,,,,,93.37,0.229839,0,-0.00104086,-0.391543,1.63035,0.0115879,48.6239,0.282018,,,1994
1994-06-01,17.2,16.8,15.7,19.1,386,23.3,54.5,,,,,,,,,,,,93.77,-0.037745,-0.6222,0.395502,0.251245,1.9359,-0.127864,49.0418,0.371703,,,1994
1994-07-01,17.9,17.6,16.4,19.7,385,24.3,56.7,,,,,,,,,,,,92.96,0.465341,0,-1.51761,-0.558399,-0.351319,-0.220486,49.0258,0.200213,,,1994
1994-08-01,17,16.8,15.9,18.4,380,23.1,56.4,,,,,,,,,,,,93.14,-0.652067,0,-0.00302623,0.895528,-3.20809,-0.0800936,49.6624,0.289606,,,1994
1994-09-01,16.2,15.9,15.3,17.5,392,21.9,58.1,,,,,,,,,,,,92.26,-0.169429,0,0.208179,-0.0293108,-1.66983,0.669664,49.7886,0.293073,,,1994
1994-10-01,16.5,16.4,15.4,17.7,390,22.5,57.3,,,,,,,,,,,,92.03,-0.117235,0,-0.316818,0.576147,-0.634284,1.60121,50.1175,0.234106,,,1994
1994-11-01,17.1,17.2,16,18.1,384,23.4,58.6,,,,,,,,,,,,92.45,-0.0216681,1.72015,0.587233,0.114034,0.639595,-0.506409,50.5134,0.192459,,,1994
1994-12-01,15.9,16,14.7,17.2,379,22.4,59.2,,,,,,,,,,,,94.39,-0.505438,0,0.565544,0.449445,-2.02161,-0.0272587,50.9414,0.210241,,,1994
1995-01-01,16.9,16.6,16.1,18,379,23,60.6,,,,,,,,,,,,94.64,0.322223,0,-1.70425,-0.477901,2.70556,-0.789264,50.7884,0.120471,,,1994
1995-02-01,17.4,17.1,16.6,18.5,377,23.6,60.2,,,,,,,,,,,,94.22,0.25814,0,0.645715,-0.245111,-0.797377,0.936872,50.8995,-0.142988,,,1994
1995-03-01,17.3,17,16.5,18.5,382,23.5,59.9,,,,,,,,,,,,90.88,-0.475334,0,-0.866629,-0.193941,-1.15524,-0.742547,50.9798,0.084384,,,1994
1995-04-01,18.6,18.7,17.4,19.9,391,25.3,59.8,,,,,,,,,,,,91.14,0.630179,0,-0.195002,0.561867,2.70757,0.870843,51.2251,0.166306,,,1995
1995-05-01,18.4,18.4,17.3,19.6,385,25.1,59,,,,,,,,,,,,92.05,-0.577462,0,0.536325,-0.533454,0.489518,-0.943204,51.1599,0.0939236,,,1995
1995-06-01,17.4,17.4,16.2,18.5,388,24.1,59,,,,,,,,,,,,91.71,-0.295239,0.389457,-1.04335,0.0219916,-6.45855,1.57184,51.2608,0.327877,,,1995
1995-07-01,16.1,15.9,15,17.4,386,22.3,60.3,,,,,,,,,,,,92.42,0.0730168,0,1.49258,-0.280316,3.56345,-1.35764,51.1666,0.0558948,,,1995
1995-08-01,16.5,16.1,15.4,18,384,22.7,59.8,,,,,,,,,,,,93.53,-0.225242,0,-0.044936,0.838812,2.48938,-1.2922,51.6379,0.259205,,,1995
1995-09-01,16.8,16.8,15.7,18,383,23.6,58.7,,,,,,,,,,,,89.37,0.306244,0,0.071416,-0.48252,0.814453,0.0576877,51.4887,0.0200938,,,1995
1995-10-01,16.1,16.1,14.9,17.3,383,23,58.9,,,,,,,,,,,,85.02,-0.158509,0,-0.357204,-0.0597115,-3.35819,0.526508,51.5073,0.0016254,,,1995
1995-11-01,16.7,16.9,15.6,17.8,385,24.1,59.5,,,,,,,,,,,,85.19,-0.0711497,-0.0948632,-0.274894,0.0922291,0.596889,-0.0156413,51.764,0.299613,,,1995
1995-12-01,17.9,18,16.8,18.8,387,26.1,59,,,,,,,,,,,,84.76,0.210492,0,0.0512567,0.430538,5.80938,-1.76117,52.0653,0.343745,,,1995
1996-01-01,17.8,17.9,16.6,18.9,399,26.4,58.4,,,,,,,,,,,,83.05,0.0722942,0,-0.259709,-0.361271,-2.95977,0.855706,52.0144,-0.383135,,,1995
1996-02-01,17.7,18,16.1,19.1,405,28.4,59.2,,,,,,,,,,,,81.1,-0.352893,0,0.330921,0.0880287,-0.899824,1.28455,52.1953,0.451547,,,1995
1996-03-01,19.4,20,17.1,21.2,396,28.5,59.3,,,,,,,,,,,,85.94,1.1004,0,-1.4082,-0.436892,4.39854,-0.299557,52.1577,0.38665,,,1995
1996-04-01,20.7,21,17.8,23.2,393,28.9,61.4,,,,,,,,,,,,87.58,0.333654,0,-0.327857,0.0227496,1.3039,-0.223697,52.3655,0.18782,,,1996
1996-05-01,19.1,19.1,17,21.1,392,26.7,62.2,,,,,,,,,,,,86.56,-1.20031,0,0.819992,0.353771,-2.71982,-0.251367,52.7368,0.376128,,,1996
1996-06-01,18.5,18.3,17,20.3,385,26.2,59.9,,,,,,,,,,,,86.79,0.35281,0.985488,-0.0816193,0.0439686,-0.0348157,0.0927136,52.7857,0.0472903,,,1996
1996-07-01,19.6,19.6,17.8,21.4,383,27.6,58.8,,,,,,,,,,,,86.37,0.209383,0,0.0296672,0.155672,1.18191,-0.21317,52.9956,0.0879896,,,1996
1996-08-01,20.4,20.6,18.8,22,387,28,58.5,,,,,,,,,,,,86.06,0.0150496,0,-1.10517,0.0212312,-0.905007,0.787144,53.2022,0.323052,,,1996
1996-09-01,22.3,22.6,20.3,23.9,383,29.9,57,,,,,,,,,,,,86.25,0.503997,0,-0.478709,0.0447082,5.73416,-1.9949,53.4057,0.20799,,,1996
1996-10-01,23.6,24.2,21.7,24.9,381,32.3,55.3,,,,,,,,,,,,86.44,0.207835,0,-0.197904,-0.243797,-1.88558,1.53255,53.5254,0.185416,,,1996
1996-11-01,22.4,22.6,20.9,23.7,378,31.5,56,,,,,,,,,,,,85.72,-0.587408,4.02273,0.802473,0.330278,0.832614,-1.17419,53.8255,0.368022,,,1996
1996-12-01,23.6,23.9,21.7,25.3,369,33.9,55.9,,,,,,,,,,,,86.64,0.541533,0,-0.277927,0.237087,3.56484,-0.706785,53.9779,0.0891657,,,1996
1997-01-01,23.2,23.5,21.3,24.9,355,32.7,57.9,,,,,,,,,,,,87.44,-0.194355,0,0.05809,0.450309,-5.00322,2.10153,54.394,0.367235,,,1996
1997-02-01,20.4,20.8,18.6,21.8,347,28.4,58.9,,,,,,,,,,,,89.43,-1.17461,0,1.23802,0.206381,-2.11963,-0.700767,54.6862,0.352019,,,1996
1997-03-01,19.3,19.2,18.1,20.7,352,26.3,60.4,,,,,,,,,,,,89.96,-0.0786069,0,0.294118,0.260513,-4.51262,1.4503,54.8926,0.207484,,,1996
1997-04-01,17.9,17.5,16.8,19.4,344,24.6,59.6,,,,,,,,,,,,91.61,-0.524388,0,1.8155,0.770437,-0.125033,-0.445946,55.3759,0.226462,,,1997
1997-05-01,19.4,19.1,18.5,20.5,344,26.6,60.1,,,,,,,,,,,,90.71,0.017923,0,-1.54693,-0.17395,2.40548,-0.785462,55.4313,0.439239,,,1997
1997-06-01,17.9,17.6,17.3,18.9,341,24.8,58.6,,,,,,,,,,,,91.01,-1.15675,-2.13188,0.0543734,-0.00518206,-2.50237,-2.43809,55.722,0.551375,,,1997
1997-07-01,18.3,18.4,17.3,19.3,324,25.7,56.9,,,,,,,,,,,,92.52,-0.276936,0,-0.592485,0.346123,0.595329,-0.576231,56.0221,0.561574,,,1997
1997-08-01,18.7,18.7,17.8,19.6,324,26.5,56.5,,,,,,,,,,,,93.77,-0.213099,0,0.231807,0.0229716,2.49171,-1.2218,56.23,0.305889,,,1997
1997-09-01,18.7,18.5,18,19.6,323,26.7,55.4,,,,,,,,,,,,92.78,-0.187441,0,0.0871244,0.0715156,-0.998179,-0.0290208,56.4273,0.35878,,,1997
1997-10-01,20,19.9,19.1,21.2,325,28.4,54.3,,,,,,,,,,,,93.23,0.070139,0,-0.370241,0.294281,-0.652356,1.20708,56.7811,0.391508,,,1997
1997-11-01,19.1,19,18.4,19.9,306,27.3,54,,,,,,,,,,,,90.73,-0.125513,0,-0.401817,-0.868061,-4.49177,1.57447,56.6035,0.0276093,,,1997
1997-12-01,17.1,17,16.2,18.1,289,24.2,52.8,,,,,,,,,,,,89.23,-0.344746,-0.724357,0.509527,-0.491142,-0.796978,-1.3796,56.4652,0.104282,,,1997
1998-01-01,15,15.1,13.4,16.5,289,21.9,51.6,,,,,,,,,,,,92.23,-0.398937,0,2.98659,0.459064,-2.27947,0.916618,56.6904,0.0785876,,,1997
1998-02-01,14.1,14.1,12.4,15.8,297,21,52.1,,,,,,,,,,,,91.31,0.00978109,0,0.918792,0.145822,1.44382,-0.663955,56.6911,0.395378,,,1997
1998-03-01,13.1,13.1,11.5,14.8,296,19.9,51.3,,,,,,,,,,,,89.73,-0.732238,-2.40014,1.5895,-0.265641,-2.36947,-0.0561921,56.6197,0.190373,,,1997
1998-04-01,13.5,13.4,11.8,15.3,308,20.4,51.7,,,,,,,,,,,,90.48,0.171881,0,0.120155,-0.045996,-0.381856,1.25809,56.6887,0.409181,,,1998
1998-05-01,14,14.4,12.8,14.9,299,21,50.3,,,,,,,,,,,,89.61,-0.19755,0,-0.0560342,-0.533515,-2.05035,0.277286,56.6766,0.179315,,,1998
1998-06-01,12.5,12.1,11.7,13.7,292,18.6,48.4,,,,,,,,,,,,87.76,-0.272926,-0.318795,0.923903,-0.351915,1.86893,-2.66235,56.6171,-0.0795698,,,1998
1998-07-01,12.7,12,12,14.1,293,18.4,47.8,,,,,,,,,,,,88.09,0.167724,0,-0.466247,0.114948,-0.714808,0.261987,56.6056,0.117265,,,1998
1998-08-01,12.5,11.9,12.2,13.4,284,17.7,46.8,,,,,,,,,,,,87.76,-1.0128,0,-2.00044,-0.510938,-1.96409,-0.314004,56.4351,-0.125608,,,1998
1998-09-01,13.8,13.4,13.1,15,289,19.5,47.2,,,,,,,,,,,,86.55,0.660228,0,-1.59682,0.345284,5.41324,-1.27118,56.7386,-0.10093,,,1998
1998-10-01,13.3,12.6,12.8,14.4,296,18.4,47.1,,,,,,,,,,,,85.13,-0.491707,0,0.521353,-0.398353,-8.45243,1.9406,56.8468,-0.200281,,,1998
1998-11-01,11.9,10.9,11.8,13,294,16.9,47.6,,,,,,,,,,,,85.89,-0.493171,-2.69428,1.28451,-0.0900947,1.64878,-1.11032,56.8016,0.199176,,,1998
1998-12-01,10.4,9.8,10.1,11.3,292,15.2,46.5,,,,,,,,,,,,84.87,-0.723879,0,1.39645,-0.177728,-3.55378,-0.723879,56.8434,0.0938697,,,1998
1999-01-01,11.4,11.1,10.8,12.5,287,16.6,46.4,,,,,,,,,,,,84.46,0.918844,0,-1.18028,0.877607,0.0283191,2.80509,57.1959,0.125369,,,1998
1999-02-01,10.8,10.2,10.1,12,287,15.6,44.8,,,,,,,,,,,,86.13,-0.766499,0,0.833341,-0.514726,2.0923,-1.5861,57.2498,0.190591,,,1998
1999-03-01,13.2,12.5,12.4,14.7,286,18,43.9,,,,,,,,,,,,87.45,0.795888,-1.71621,-1.70869,0.040776,2.81007,1.11058,57.4881,-0.101926,,,1998
1999-04-01,15.9,15.3,15,17.3,283,21.4,43.9,,,,,,,,,,,,87.27,0.69301,0,-3.20762,-0.666305,4.27556,-0.990082,57.4381,0.00266364,,,1999
1999-05-01,16.1,15.1,15.3,17.8,276,21.4,44,,,,,,,,,,,,87.42,-0.326739,0,-0.499183,-0.139534,-1.38,0.00471076,57.7879,0.3265,,,1999
1999-06-01,16.4,15.8,15.5,17.9,261,22.2,43.5,,,,,,,,,,,,87.51,-0.377476,0,-2.23562,-0.0703502,-0.993041,-0.329576,57.9262,0.112749,,,1999
1999-07-01,19,19,17.9,20.1,256,25.7,43.3,,,,,,,,,,,,87.49,1.02628,0,-0.497172,0.650598,3.77729,1.46906,58.3268,0.408952,,,1999
1999-08-01,20.3,20.2,19.3,21.3,257,27.6,44.2,,,,,,,,,,,,86.56,-0.0600897,0,-0.684246,-0.346407,1.66233,-0.21182,58.4996,0.313313,,,1999
1999-09-01,22.7,22.4,21.8,23.9,265,29.7,45.2,,,,,,,,,,,,86.5,1.0726,-1.20378,-1.60611,0.388169,3.59631,-0.539796,58.9253,0.449997,,,1999
1999-10-01,22,22,21.3,22.6,311,29.6,45,,,,,,,,,,,,86.6,-1.08137,0,0.198207,0.00412002,-1.72669,0.356391,59.1965,0.26462,,,1999
1999-11-01,24.2,24.6,23.1,24.9,293,31.9,45.1,,,,,,,,,,,,87.68,0.621683,0,-2.04412,0.71573,3.66551,-0.71761,59.7768,0.488589,,,1999
1999-12-01,25.1,25.6,23.6,26.1,283,33.1,45.4,,,,,,,,,,,,87.26,-0.186693,0,-2.14385,0.13958,-0.250061,-0.568301,60.0811,0.372511,,,1999
2000-01-01,25.3,25.4,23.3,27.3,284,33.3,46.4,,,,,,,,,,,,86.82,0.572032,0,0.671348,-0.211029,-0.249766,0.979448,60.0917,0.497204,,,1999
2000-02-01,27.2,27.7,24.7,29.3,300,36.1,46.5,,,,,,,,,,,,88.08,0.16463,0,-0.190503,0.458596,1.57408,0.749688,60.6561,0.0688425,,,1999
2000-03-01,27.5,27.5,25.1,29.9,286,36.1,45.9,,,,,,,,,,,,90.22,0.187238,0.740286,-0.166822,0.349569,-1.19475,0.180922,60.999,0.0751861,,,1999
2000-04-01,23.5,22.5,22,25.8,280,31.3,45.5,,,,,,,,,,,,91.81,-1.56834,0,1.99168,0.871275,-3.40337,-0.393336,61.4523,0.00425684,,,2000
2000-05-01,27.2,27.3,25.4,28.8,275,37.1,45.6,,,,,,,,,,,,93.09,0.832776,0,-0.854272,0.741018,6.95381,-0.937501,61.9392,-0.0463548,,,2000
2000-06-01,29.6,29.7,27.3,31.9,286,40.5,45,,,,,,,,,,,,90.55,0.525581,-0.692776,-0.685448,-0.465192,0.705643,0.311684,61.9825,0.0868921,,,2000
2000-07-01,28.2,28.5,26,30,282,39.1,44.5,,,,,,,,,,,,90.94,-0.412433,0,1.33721,-0.186046,-1.9649,-0.586006,62.215,-0.00694208,,,2000
2000-08-01,29.3,29.4,27.1,31.3,274,40.6,44.4,,,,,,,,,,,,90.24,0.151263,0,0.211711,0.365699,2.83737,0.0524214,62.5349,0.0263419,,,2000
2000-09-01,32.1,32.6,29.7,33.9,274,45,44.8,,,,,,,,,,,,91.56,0.783289,3.93883,-1.11054,-0.184885,3.42545,-0.360229,62.4543,-0.0548124,,,2000
2000-10-01,31.4,30.9,30.2,33,270,43.3,44.1,,,,,,,,,,,,93.3,-0.473889,0,1.33502,0.0977436,-2.8211,0.526668,62.7039,-0.48298,,,2000
2000-11-01,32.3,32.5,30.1,34.4,266,45.7,43.5,,,,,,,,,,,,92.84,0.131408,0.662681,0.0878466,0.270652,2.48688,-0.349898,63.0096,-0.26069,,,2000
2000-12-01,25.2,25.1,22.1,28.4,271,42.5,44.4,,,,,,,,,,,,91.75,-1.15479,0,-0.47681,-0.433864,-7.60762,-0.262507,62.8959,-0.748591,,,2000
2001-01-01,26,25.6,22.7,29.6,265,42.2,44.6,,,,,,,,,,,,91.26,0.912158,-1.26543,-0.634341,-0.550595,2.18993,-0.416973,62.4494,-0.538897,,,2000
2001-02-01,27.2,27.4,24.7,29.6,262,40.7,44,,,,,,,,,,,,91.79,-0.234968,0,-0.438652,-0.228034,2.08038,-1.52588,62.4015,-0.549332,,,2000
2001-03-01,25,24.4,23.4,27.2,263,36.9,43.4,,,,,,,,,,,,92.85,-0.282321,-0.437071,1.63714,-0.496396,-7.03258,2.74855,62.157,-0.712859,,,2000
2001-04-01,25.7,25.6,24.1,27.4,260,38.2,42.8,,,,,,,,,,,,93.82,-0.133501,0,-1.35567,-0.504692,-0.897466,0.734488,61.6985,-0.650229,,,2001
2001-05-01,27.5,28.5,25.6,28.6,272,39.9,43.2,,,,,,,,,,,,93.71,0.382852,0,-1.4745,-0.272436,3.83303,-1.43843,61.5212,-0.172902,,,2001
2001-06-01,27,27.7,25.6,27.6,270,38.5,42.6,,,,,,,,,,,,94.72,-0.131176,0.991149,-0.87536,-0.698369,1.052,-3.19005,61.2285,-0.455736,,,2001
2001-07-01,24.8,24.5,23.4,26.4,268,34,43.5,,,,,,,,,,,,94.8,-0.238235,2.05992,2.25325,-0.546934,-0.783388,1.07591,60.8503,-0.538948,,,2001
2001-08-01,25.8,25.7,24.3,27.4,272,35,43.1,,,,,,,,,,,,93.15,-0.0826242,0,-0.643691,0.84845,0.832752,0.728562,61.2771,-0.291198,,,2001
2001-09-01,25.2,25.5,24,26.1,283,33.8,41.8,,,,,,,,,,,,91.51,0.0844666,1.78025,-0.119523,-1.04596,-1.57276,-0.650522,60.7206,-1.20975,,,2001
2001-10-01,20.7,20.5,19.5,22.2,283,28.6,40,,,,,,,,,,,,91.9,-0.89342,0,2.23991,-0.289052,-4.95497,0.124571,60.4312,-0.572919,,,2001
2001-11-01,18.7,18.9,17.5,19.6,276,26.7,41.1,,,,,,,,,,,,92.52,-0.333804,-7.15327,1.54235,-0.497777,0.731871,-1.58226,60.1991,-0.400922,,,2001
2001-12-01,18.5,18.6,17.6,19.3,276,26.2,41.4,,,,,,,,,,,,92.62,0.110889,-1.86415,-0.940719,0.0757805,1.28054,0.285597,60.0571,-0.147661,,,2001
2002-01-01,19.2,19.5,18.3,19.7,282,26.8,41.9,,,,,,,,,,,,91.8,-0.436527,0,-0.914966,0.798675,-3.25392,1.57817,60.5321,-0.185475,,,2001
2002-02-01,20,20.3,18.9,20.7,296,27.7,42,,,,,,,,,,,,91.37,0.580575,0,-0.52746,-0.226895,-0.519199,1.31903,60.6079,-0.232232,,,2001
2002-03-01,23.6,23.7,22.9,24.4,294,32.2,42.8,,,,,,,,,,,,91.25,0.470715,0.0609592,-1.33487,-0.0249273,5.13914,0.316448,60.9145,0.105701,,,2001
2002-04-01,25.4,25.7,24.4,26.2,303,34.7,42.7,,,,,,,,,,,,90.22,0.203307,0,-0.0674929,-0.471093,1.13841,-1.36987,61.1974,0.0291768,,,2002
2002-05-01,25.7,25.4,24.6,27,314,34.5,43,,,,,,,,,,,,88.76,-0.14838,0,0.411585,0.492771,-1.33288,1.30547,61.6578,-0.0448184,,,2002
2002-06-01,24.5,24.1,23.8,25.5,321,32.8,44.3,,,,,,,,,,,,88.36,-0.470235,1.14556,-0.367411,-0.28103,-1.93248,0.312106,61.6652,-0.217123,,,2002
2002-07-01,25.8,25.8,24.6,26.9,313,34.2,45.2,,,,,,,,,,,,87.59,0.260851,0,-0.567758,0.527809,4.81933,-1.19093,62.1012,-0.343097,,,2002
2002-08-01,26.8,26.6,25.3,28.4,310,35.2,45.4,,,,,,,,,,,,89.3,0.434138,0,-0.368638,-0.345995,-1.41483,0.24626,62.2541,-0.309759,,,2002
2002-09-01,28.3,28.3,26.8,29.7,319,37.7,46.5,,,,,,,,,,,,89.58,0.15398,0.815587,-0.44219,-0.0467876,7.24159,-2.36978,62.4048,-0.296128,,,2002
2002-10-01,27.5,27.5,26.2,28.9,317,37.8,46.6,,,,,,,,,,,,89.99,0.0331683,0,2.52553,-0.221417,-6.89289,3.48423,62.6181,-0.350205,,,2002
2002-11-01,24.5,24.2,23.2,26.3,319,34.2,46.6,,,,,,,,,,,,89.17,-0.564224,0,0.335286,0.354385,1.01201,-1.495,62.8823,-0.112733,,,2002
2002-12-01,27.9,28.5,25.7,29.4,332,39.7,47.4,,,,,,,,,,,,88.32,1.30836,1.69331,-4.32757,-1.06466,5.06018,-0.338718,62.1018,-0.371615,,,2002
2003-01-01,30.8,31.2,28.1,32.9,357,43.6,47.9,,,,,,,,,,,,87.19,0.447888,2.0143,0.750689,1.39875,-0.575804,1.20518,63.2993,-0.0875514,,,2002
2003-02-01,32.9,32.6,30.2,35.8,359,48.3,48.3,,,,,,,,,,,,87.75,0.480968,0,1.15052,-0.105852,1.49883,0.431606,63.6191,-0.280283,,,2002
2003-03-01,30.4,30.3,27.4,33.3,341,43.4,47.8,,,,,,,,,,,,88.8,-0.473347,0.00381068,1.63907,0.422817,-6.2002,2.0959,63.8519,-0.499086,,,2002
2003-04-01,25.6,25,23.4,28.2,328,37,46.9,,,,,,,,,,,,89.76,-1.4207,0.789654,0.998716,-0.383082,-4.63365,-0.13379,63.637,-0.255399,,,2003
2003-05-01,26.1,25.8,24.3,28.1,356,38.6,47.1,,,,,,,,,,,,87.93,0.270516,0,-0.617483,-0.186667,6.23322,-1.17546,63.5469,0.243785,,,2003
2003-06-01,27.9,27.5,25.5,30.7,356,40.4,47,,,,,,,,,,,,88.43,0.352646,0.91851,-0.831627,-0.170194,-0.235148,0.319331,63.6963,0.154342,,,2003
2003-07-01,28.6,28.4,26.6,30.7,351,40.3,46.9,,,,,,,,,,,,90.22,-0.164095,0.0238208,0.117165,0.460164,-1.75316,0.453251,64.1089,0.180649,,,2003
2003-08-01,29.7,29.8,27.6,31.6,360,41.7,47.6,,,,,,,,,,,,91.51,0.344959,0,0.284418,-0.0768003,0.427563,0.298982,64.1373,0.141739,,,2003
2003-09-01,26.9,27.1,25.3,28.3,379,38.4,48.5,,,,,,,,,,,,91.71,-0.646521,2.46781,2.10271,0.372383,-3.15802,0.248145,64.5223,0.373495,,,2003
2003-10-01,29,29.6,27.1,30.3,379,41.1,51.1,,,,,,,,,,,,90.79,0.175063,0,0.442286,1.28891,3.20937,0.821986,65.4252,0.727905,,,2003
2003-11-01,29.1,28.8,27.5,31.1,390,40.2,52.6,,,,,,,,,,,,90.81,-0.0277714,0,-0.166744,-0.698646,0.119922,-0.244378,65.4058,0.348311,,,2003
2003-12-01,30,29.9,27.9,32.1,407,43.8,53.3,,,,,,,,,,,,88.78,-0.174623,0.893372,1.61118,0.730246,3.15502,-0.0926314,66.0794,0.540504,,,2003
2004-01-01,31.4,31.2,28.7,34.2,414,45.2,55.4,,,,,,,,,,,,88.55,0.432556,0,-0.580893,-0.485135,0.239204,0.328049,66.1609,0.696787,,,2003
2004-02-01,31.3,30.9,28.4,34.7,405,44.1,57.1,,,,,,,,,,,,88.9,-0.0354664,2.67079,-0.766712,0.470208,-1.45414,1.12385,66.6241,0.593568,,,2003
2004-03-01,33.7,33.8,30.5,36.7,407,47.6,58.6,,,,,,,,,,,,90.32,0.409792,-0.687633,0.260946,-0.378927,0.935567,0.196924,66.7092,0.667455,,,2003
2004-04-01,33.7,33.4,31.1,36.7,403,47.8,58.4,,,,,,,,,,,,93.24,-0.488842,0,0.465151,0.123799,-1.7357,1.08479,67.0849,0.275194,,,2004
2004-05-01,37.6,37.9,34.5,40.3,384,53.6,56.7,,,,,,,,,,,,91.58,0.514512,0,-1.56514,0.142575,2.89898,0.439001,67.4072,0.177286,,,2004
2004-06-01,35.5,35.2,33.4,38,392,50.8,56.4,,,,,,,,,,,,90.39,-0.0485029,-0.889183,3.28937,-0.213907,-1.10101,-0.41222,67.6434,0.0922237,,,2004
2004-07-01,37.9,38.4,34.5,40.8,398,54,56.2,,,,,,,,,,,,89.73,-0.214417,0,-0.503265,0.491675,6.18238,-0.795926,67.9209,0.328136,,,2004
2004-08-01,42.1,43,38.3,44.9,401,58.1,55.6,,,,,,,,,,,,90.74,0.650322,0,-2.37623,-0.824033,3.54012,-1.21967,67.6875,0.0105424,,,2004
2004-09-01,41.6,43.4,35.5,45.9,405,58.1,55.7,,,,,,,,,,,,90.76,-0.0815872,-1.62597,0.708557,0.33409,-0.781327,0.0984668,68.2067,0.263478,,,2004
2004-10-01,46.9,49.8,37.6,53.2,420,66.8,56.1,,,,,,,,,,,,90.25,0.971306,0,-1.26839,0.266334,1.16575,1.80712,68.5511,0.132252,,,2004
2004-11-01,42.1,43.1,34.9,48.4,439,59.1,56.4,,,,,,,,,,,,90.12,-0.322813,0,0.654757,-0.616609,-5.34676,0.0717353,68.3537,0.222744,,,2004
2004-12-01,39,39.6,34.3,43.2,442,56.1,56.6,,,,,,,,,,,,90.01,-1.02835,-3.17683,0.760576,0.730247,-1.99224,-1.45794,68.7521,0.255901,,,2004
2005-01-01,43,44.3,37.8,46.8,424,60.8,58,,,,,,,,,,,,91.49,0.413908,2.13727,-1.77635,0.820092,5.2758,0.235105,69.2929,0.0358829,,,2004
2005-02-01,44.8,45.6,40.9,48,423,62,59.8,,,,,,,,,,,,91.29,0.111182,0,-0.0917863,-0.187997,-0.954556,0.533467,69.4852,0.143627,,,2004
2005-03-01,50.9,53.1,45.6,54.2,434,71.1,62.6,,,,,,,,,,,,90.83,0.682595,3.01861,-0.74334,-0.27004,-0.305912,2.39948,69.5884,-0.0862967,,,2004
2005-04-01,50.6,51.9,47.1,53,429,70.3,61.4,,,,,,,,,,,,92.46,-0.509643,0,1.40737,0.274458,-1.71148,-0.24047,70.179,-0.0781634,,,2005
2005-05-01,47.8,48.7,45,49.8,422,66,60.6,,,,,,,,,,,,93.13,-0.273776,0,0.356723,-0.288823,-0.0312033,0.382229,70.035,-0.190699,,,2005
2005-06-01,53.9,54.3,51,56.4,431,72.9,60.6,,,,,,,,,,,,94.99,0.573903,0.31663,-1.42702,0.093977,6.35424,-0.707264,70.1525,0.260692,,,2005
2005-07-01,56.4,57.6,52.9,58.7,424,77.2,60.5,,,,,,,,,,,,96.68,0.626462,0,-0.387642,-0.379183,-2.06337,0.906657,70.2628,-0.0888806,,,2005
2005-08-01,61.9,64.1,56.6,65,438,86.8,60.7,,,,,,,,,,,,95.03,0.801927,0,-1.39808,0.172561,2.8943,0.202609,70.5854,0.0622107,,,2005
2005-09-01,61.7,63,56.5,65.5,456,89.7,61.1,,,,,,,,,,,,94.63,1.20178,-1.68305,-0.642861,-0.401158,-1.1953,-0.576864,70.5788,-0.328922,,,2005
2005-10-01,58.2,58.5,53.7,62.4,470,86,62.2,,,,,,,,,,,,93.77,-1.16565,0,0.12875,0.635282,-2.98233,0.669756,70.9748,-0.0640085,,,2005
2005-11-01,55,55.5,51.3,58.3,477,78.7,62.8,,,,,,,,,,,,93.17,-1.26966,0,1.36484,0.707537,-0.803339,-0.845125,71.6746,0.382174,,,2005
2005-12-01,56.4,56.7,53.1,59.4,510,83.2,65.2,,,,,,,,,,,,92.09,0.0793967,2.9291,-1.17966,0.479277,0.773974,0.717293,72.023,0.275254,,,2005
2006-01-01,62.5,63.6,58.3,65.5,550,85.4,67.7,,,,,,,,,,,,93.65,0.246197,-0.172097,-1.70106,-0.0410699,1.21927,-0.259039,72.2876,0.364424,,,2005
2006-02-01,59.7,59.9,57.6,61.6,555,80.3,69.8,,,,,,,,,,,,94.01,-0.570026,0,0.374598,-0.485633,-6.66677,1.18213,72.4445,-0.0793727,,,2005
2006-03-01,60.9,62.3,57.6,62.9,557,82.1,69.4,,,,,,,,,,,,93.42,-0.0254689,-1.84606,-1.29309,0.649183,2.33298,-0.373526,72.8307,0.0556833,,,2005
2006-04-01,68,70.4,64.1,69.4,611,91.3,73.2,,,,,,,,,,,,92.72,0.711862,0,-1.21905,-0.234439,1.73284,0.984299,72.874,0.0990677,,,2006
2006-05-01,68.7,70.2,64.9,70.9,675,89.9,78.9,,,,,,,,,,,,90.5,-0.269205,0,0.203918,0.130762,-0.402054,-0.885557,73.2672,0.116975,,,2006
2006-06-01,68.3,68.9,65.1,70.9,596,88.5,74.9,,,,,,,,,,,,91.18,-0.387978,-1.20259,-0.246629,0.0656298,-0.679528,-0.454325,73.5682,-0.180172,,,2006
2006-07-01,72.5,73.9,69,74.4,634,94,77.1,,,,,,,,,,,,90.76,0.305236,0,-0.245549,0.0791193,3.49601,0.153364,73.714,-0.0341392,,,2006
2006-08-01,71.8,73.6,68.8,73,633,94.7,77.4,,,,,,,,,,,,90.43,-0.241002,0,0.0968891,-0.0436621,-2.45254,-0.176123,73.9815,-0.0537497,,,2006
2006-09-01,62.1,62.8,59.8,63.8,598,80.3,76.9,,,,,,,,,,,,92.07,-0.946134,-1.14593,0.437426,0.139343,-3.56138,-1.07289,74.1988,0.154197,,,2006
2006-10-01,57.9,58.4,56.5,58.9,586,77,79.2,,,,,,,,,,,,94.15,-0.740509,-1.03424,0.164484,0.213893,-2.33673,0.925013,74.2347,0.130057,,,2006
2006-11-01,58.1,58.5,56.8,59.1,628,79.2,80.6,,,,,,,,,,,,94.13,-0.249056,0,-1.19016,0.570452,-0.840466,0.133984,74.8615,0.131029,,,2006
2006-12-01,61,62.3,58.7,62,630,82.2,81.6,,,,,,,,,,,,92.76,0.0314428,1.73718,-0.688995,0.422243,2.47751,-1.74178,75.343,0.200681,,,2006
2007-01-01,53.5,54.3,52,54.2,631,73.6,80.6,,,,,,,,,,,,94.29,-0.752999,0,0.00680373,-0.0786048,-7.25601,0.370348,75.5788,-0.38219,,,2006
2007-02-01,57.6,57.8,55.7,59.3,665,79.1,82.7,,,,,,,,,,,,94.02,0.42646,0,-1.50069,0.222585,2.17847,0.919661,75.8946,-0.0696264,,,2006
2007-03-01,60.6,62.1,59.1,60.6,655,82.7,84.6,,,,,,,,,,,,93.9,-0.0818269,-0.708967,-0.0579167,-0.0166876,-1.1733,-0.0879736,76.2715,0.216785,,,2006
2007-04-01,65.1,67.4,63.8,63.9,679,88.8,88,,,,,,,,,,,,98.12,0.194215,0,-0.503888,-0.137561,0.644065,0.729757,76.3221,0.0968738,,,2007
2007-05-01,65.2,67.5,64.5,63.5,667,88.9,89.7,,,,,,,,,,,,100.81,-0.240862,0,-0.44392,0.313189,-2.56814,0.558947,76.901,0.229674,,,2007
2007-06-01,68.2,71.3,65.8,67.5,656,92.8,89.4,,,,,,,,,,,,101.01,0.249671,0,-1.84455,-0.268334,1.19264,0.127012,76.9922,0.0549089,,,2007
2007-07-01,73.6,77.2,69.5,74.1,665,98,90.6,,,,,,,,,,,,101.04,0.34183,0,0.0432485,0.142787,3.58827,-0.868769,77.3486,0.26305,,,2007
2007-08-01,70.1,70.8,67.2,72.4,665,91.4,89.1,,,,,,,,,,,,100.49,-0.587527,0,-0.423952,0.102448,-1.60139,-1.25423,77.8349,-0.0904068,,,2007
2007-09-01,76.8,77.1,73.3,79.9,713,98.1,92.5,,,,,,,,,,,,100.41,1.01003,1.16427,-1.15257,-0.0624629,4.01708,-0.255263,77.8832,-0.10856,,,2007
2007-10-01,82,82.9,77.1,85.9,755,105.7,96.2,,,,,,,,,,,,100.78,0.0895646,0,-0.0922632,0.396083,2.04897,-0.232315,78.5654,0.0118065,,,2007
2007-11-01,91.3,92.5,86.7,94.8,806,117.1,97.4,,,,,,,,,,,,99.11,0.810276,0,-1.75915,-0.29233,2.48583,-0.684518,78.6713,-0.411712,,,2007
2007-12-01,89.5,91.5,85.8,91.4,803,116.3,97,,,,,,,,,,,,99.12,-0.403545,-0.851563,0.333204,0.260421,-2.44029,0.637705,79.1181,-0.403007,,,2007
2008-01-01,90.7,91.9,87.2,93,890,118.6,101.8,,,,,,,,,,,,98.79,0.353896,0,-0.726276,0.236933,-0.00867566,0.831352,79.5622,-0.376298,,,2007
2008-02-01,93.4,94.8,90,95.4,922,124.4,109.7,,,,,,,,,,,,97.81,0.0685174,-2.52005,-0.488408,-0.0742955,1.70765,-0.282309,79.6485,-0.481417,,,2007
2008-03-01,101.8,103.3,96.8,105.5,968,134,116.8,,,,,,,,,,,,96.17,1.10709,4.22379,-0.545435,-0.519635,-0.281392,2.79146,79.3368,-0.69075,,,2007
2008-04-01,108.8,110.2,103.5,112.6,910,143.1,119.5,,,,,,,,,,,,97.29,0.170191,0,-0.598867,-0.135885,2.61113,-0.979461,79.583,-0.496643,,,2008
2008-05-01,122.6,123.9,118.9,125,889,159.8,119.6,,,,,,,,,,,,92.74,1.26303,0,-0.397153,-0.941827,6.18964,-0.885357,79.0408,-0.926483,,,2008
2008-06-01,131.5,133,127.6,133.9,889,172.7,120.9,,,,,,,,,,,,93.23,1.19017,0,0.218286,-0.167379,2.86577,-0.496453,78.9376,-0.714273,,,2008
2008-07-01,132.8,133.9,131.2,133.4,940,173.5,121,,,,,,,,,,,,93.07,0.53263,0,0.81147,-0.43342,-0.793488,1.33021,78.6865,-0.910815,,,2008
2008-08-01,114.6,113.8,113.2,116.6,839,147.6,113.1,,,,,,,,,,,,95.33,-0.403644,0,0.0946452,-0.791065,-4.90917,0.19659,78.0109,-0.811429,,,2008
2008-09-01,99.7,99.1,96,103.9,830,131,105.7,,,,,,,,,,,,91.58,0.39827,-0.77476,-0.212696,-0.74139,-1.90634,-0.704721,77.1571,-1.08634,,,2008
2008-10-01,72.7,72.8,68.6,76.6,807,100.5,88.2,,,,,,,,,,,,89.79,-3.20941,-5.29108,4.41738,-0.786102,-6.4227,0.050865,76.2729,-2.21315,,,2008
2008-11-01,54,53.2,51.4,57.3,761,78.8,78.7,,,,,,,,,,,,90.72,-1.52025,0,2.89423,-2.19063,-4.47088,-0.719261,73.9885,-2.27484,,,2008
2008-12-01,41.3,41.6,41,41.4,816,64.4,73.8,,,,,,,,,,,,88.62,-0.330777,-2.17635,2.78823,-1.90615,-3.59025,-1.27245,71.728,-1.98618,,,2008
2009-01-01,43.9,44.9,45,41.7,859,66.3,77.5,,,,,,,,,,,,88.67,1.85822,0,-0.51847,-1.75157,4.8334,0.668649,69.6863,-1.36226,,,2008
2009-02-01,41.8,43.2,43.1,39.2,943,61.8,76.8,,,,,,,,,,,,88.54,0.218957,0,2.51755,0.210134,2.88448,-0.689689,69.4436,-1.12067,,,2008
2009-03-01,46.6,46.8,45.6,47.5,924,64.1,76.7,,,,,,,,,,,,85.08,1.40504,1.89747,-0.404001,0.630052,6.70229,-0.157806,69.4238,-0.979977,,,2008
2009-04-01,50.3,50.8,50.2,49.8,890,66.5,79.2,,,,,,,,,,,,86.5,-0.62285,0,1.26586,0.617858,0.418589,0.552274,69.8514,-0.205631,,,2009
2009-05-01,58.2,57.9,57.4,59.1,929,74.2,82.9,,,,,,,,,,,,87.79,1.16447,2.92024,-0.868648,0.211855,6.29856,-0.548443,70.3572,-0.0660868,,,2009
2009-06-01,69.1,68.6,69.2,69.6,946,85.8,84.3,,,,,,,,,,,,88.61,1.27944,0,-0.615971,-0.0178242,5.62585,-0.661668,70.9436,-0.0310612,,,2009
2009-07-01,64.7,64.9,65,64.1,934,80.8,82.7,,,,,,,,,,,,88.07,-0.852733,0,1.54882,0.098134,-0.958126,-0.585786,71.6071,-0.170325,,,2009
2009-08-01,71.6,72.5,71.3,71.1,949,88.6,88.4,,,,,,,,,,,,88.34,1.30049,0,-2.57983,0.449382,2.31936,0.287237,72.1796,0.166066,,,2009
2009-09-01,68.3,67.7,67.9,69.4,997,83.2,86.2,,,,,,,,,,,,87.57,-0.0398236,0.734318,0.588735,0.745035,0.125261,-0.762165,73.1813,-0.0359945,,,2009
2009-10-01,74.1,73.2,73.3,75.8,1043,90.9,88.1,,,,,,,,,,,,89.95,0.865536,0,-0.577659,0.0152291,2.77613,-0.290938,73.6517,0.185658,,,2009
2009-11-01,77.6,77,77.6,78,1127,95,91.1,,,,,,,,,,,,90.96,-0.0265514,0,-0.100655,-0.100126,-2.93591,1.45164,74.3406,0.357277,,,2009
2009-12-01,74.9,74.7,75.5,74.5,1135,95,93.5,,,,,,,,,,,,91.79,-0.76272,1.25991,-0.537999,-0.11842,-0.0681785,-1.30606,74.7699,0.455362,,,2009
2010-01-01,77.1,76.4,76.6,78.4,1118,98.5,96.2,,,,,,,,,,,,94.78,-0.0856144,0,-0.586204,0.694189,-3.01609,1.7024,75.5988,0.516227,,,2009
2010-02-01,74.8,74.3,73.6,76.4,1095,95.6,93,,,,,,,,,,,,94.94,-0.430304,0,0.383204,0.0685447,-0.730506,-0.253677,75.8978,-0.0114569,,,2009
2010-03-01,79.3,79.3,77.4,81.3,1113,99.6,94.5,,,,,,,,,,,,97.06,-0.241639,1.53231,-0.318258,0.924038,-1.72471,1.25098,76.6828,0.922604,,,2009
2010-04-01,84.2,85,83.1,84.5,1149,104.9,98,,,,,,,,,,,,100.8,-0.334596,0,-0.62135,0.0695522,-0.636157,0.095204,77.1573,0.43905,,,2010
2010-05-01,75.6,76.3,76.9,73.7,1205,95.7,93.5,,,,,,,,,,,,100.6,-1.39051,0,1.01196,0.30444,-4.87911,-0.529955,77.6398,-0.0585859,,,2010
2010-06-01,74.7,74.8,74,75.4,1233,95.1,91.1,,,,,,,,,,,,100.61,0.558937,0,-1.65504,-0.17031,1.13743,0.0604003,77.5862,-0.14701,,,2010
2010-07-01,74.6,74.7,72.7,76.4,1193,94.9,93.5,,,,,,,,,,,,98.67,0.208623,0,-0.171785,-0.018257,1.47779,-1.26245,77.8149,-0.0290281,,,2010
2010-08-01,75.8,76.7,74.2,76.6,1216,96.5,99,,,,,,,,,,,,98.3,-0.142716,0,-0.612646,0.137682,-1.99344,0.144991,78.157,0.112732,,,2010
2010-09-01,76.1,77.8,75.3,75.3,1271,97.2,102.9,,,,,,,,,,,,98.89,-0.197186,0,-0.415869,0.226723,0.897661,-0.973208,78.4411,0.0363329,,,2010
2010-10-01,81.7,82.9,80.3,81.9,1342,102.2,108.7,,,,,,,,,,,,99.84,0.822344,-0.478401,-1.26707,0.529324,-1.91045,1.83777,78.9434,0.110422,,,2010
2010-11-01,84.5,85.7,83.7,84.2,1370,106.1,112.1,,,,,,,,,,,,99.32,0.0718393,0,-0.108103,0.127287,2.49439,-1.1863,79.4517,0.17537,,,2010
2010-12-01,90,91.8,89.1,89.1,1391,113.9,117.3,,,,,,,,,,,,101.75,0.140527,1.06788,-1.163,0.399082,3.08907,-0.873521,80.0436,0.372764,,,2010
2011-01-01,92.7,96.3,92.4,89.4,1360,120.1,122.8,,,,,,,,,,,,101.28,0.228616,0,0.275671,0.213173,-2.50018,1.32936,80.702,0.110434,,,2010
2011-02-01,97.9,104,100.3,89.5,1375,127.4,128.1,,,,,,,,,,,,100.04,0.299081,0,-1.70096,-0.456271,0.341118,0.357229,80.641,0.192474,,,2010
2011-03-01,108.6,114.4,108.6,102.9,1423,138.4,124,,,,,,,,,,,,100.65,0.943779,0,-2.47558,-0.792931,0.8858,0.74551,80.215,-0.254747,,,2010
2011-04-01,116.2,123.1,115.7,110,1481,148.3,125.8,,,,,,,,,,,,101.94,0.879524,0,-0.318316,-0.55314,0.654736,1.10752,80.116,-0.123364,,,2011
2011-05-01,108.1,114.5,108.5,101.3,1513,139.1,121.6,,,,,,,,,,,,100.56,-0.71903,0,-0.235749,0.324401,-2.19744,-1.05981,80.6776,0.047576,,,2011
2011-06-01,105.8,113.8,107.5,96.3,1529,138.7,121.9,,,,,,,,,,,,101.01,-0.611529,1.51467,0.354158,0.934268,2.00804,-0.698915,81.2253,-0.0117702,,,2011
2011-07-01,107.9,116.5,110,97.3,1573,141.9,123.2,,,,,,,,,,,,102.5,-0.192896,0,-0.159411,0.459695,2.53355,-1.43499,81.6195,0.0881485,,,2011
2011-08-01,100.5,110.1,105.1,86.3,1759,134.6,121.9,,,,,,,,,,,,100.34,-0.962768,0,1.0403,0.00668746,-0.936881,-1.37431,82.0307,-0.561434,,,2011
2011-09-01,100.8,110.9,106,85.6,1772,135.4,118.9,,,,,,,,,,,,98.1,0.456814,0,-2.24633,-0.201992,2.81329,-1.65299,82.0355,-0.502176,,,2011
2011-10-01,99.8,109.5,103.7,86.4,1666,133.6,111.6,,,,,,,,,,,,95.67,-0.303149,0,-0.588946,-0.429532,-1.11331,0.174446,81.8814,-0.343464,,,2011
2011-11-01,105.4,110.5,108.6,97.1,1739,134,108.6,,,,,,,,,,,,93.34,0.755402,0,0.159914,0.139642,2.47168,0.35858,82.0871,-0.0779246,,,2011
2011-12-01,104.2,107.9,106.2,98.6,1640,131.1,106.3,,,,,,,,,,,,90.89,-0.549101,-4.93196,0.0817663,0.456576,0.424788,-0.933686,82.5404,0.089801,,,2011
2012-01-01,107.1,111.2,109.8,100.3,1654,134.1,108.8,,,,,,,,,,,,93.96,0.127099,0,-0.371052,0.251895,-1.24711,0.560545,82.8209,0.21382,,,2011
2012-02-01,112.7,119.7,116.1,102.2,1745,142.8,111.3,,,,,,,,,,,,96.63,8.01267e-05,0,0.017718,0.5895,-0.166709,0.485491,83.5683,0.399126,,,2011
2012-03-01,117.8,124.9,122.3,106.2,1676,147.9,111.9,,,,,,,,,,,,95.26,0.780583,0,-0.404351,-0.517971,-2.06906,1.70464,83.4358,-0.135236,,,2011
2012-04-01,113.7,120.5,117.3,103.3,1649,142.4,111.8,,,,,,,,,,,,93.91,-0.0834127,0,1.53762,-0.458426,-1.38415,0.787686,83.3254,-0.0957334,,,2012
2012-05-01,104.1,110.5,107.1,94.7,1589,132.3,109.5,,,,,,,,,,,,90.72,-0.512933,0,0.410692,0.10256,-1.51949,-0.06001,83.6706,-0.16554,,,2012
2012-06-01,90.7,95.6,94.2,82.4,1599,116,106.1,,,,,,,,,,,,89.77,-0.644624,1.46878,0.924144,-0.208411,-2.5435,-0.435044,83.4858,-0.556938,,,2012
2012-07-01,96.8,103.1,99.2,87.9,1594,124.6,109.8,,,,,,,,,,,,91.6,0.721469,0,-0.0102832,0.394029,1.91754,-0.109405,83.6752,-0.243362,,,2012
2012-08-01,105.3,113.3,108.4,94.1,1630,135.4,109.3,,,,,,,,,,,,91.34,0.852387,0,-0.214761,-0.553918,0.326395,-0.00596657,83.5638,-0.0087684,,,2012
2012-09-01,106.3,113.4,111,94.5,1745,135.2,111.2,,,,,,,,,,,,92.25,0.299021,0,-1.17073,-0.603799,0.722824,-0.0649293,83.2713,0.271723,,,2012
2012-10-01,103.4,112,108.7,89.5,1747,134.2,109,,,,,,,,,,,,93.98,-0.189216,0,0.853549,0.00612325,-0.53475,-0.291363,83.5155,0.0957944,,,2012
2012-11-01,101.2,109.7,107.1,86.7,1722,132.3,107.1,,,,,,,,,,,,91.53,-0.350002,0,0.227711,0.0489679,0.575831,-0.0172806,83.5777,-0.0749861,,,2012
2012-12-01,101.2,109.7,105.7,88.2,1685,132.4,108.4,,,,,,,,,,,,90.97,-0.179422,0.972876,-0.253689,0.409281,1.2239,-1.6169,83.9096,0.00273478,,,2012
2013-01-01,105.1,113,107.6,94.7,1672,135.9,108.5,,,,,,,,,,,,90.32,0.410548,0,-1.63093,-0.0350321,-2.3253,1.93411,84.0878,0.237117,,,2012
2013-02-01,107.6,116.5,111.1,95.3,1628,139.8,108.2,,,,,,,,,,,,91.48,0.175208,0,-0.48746,-0.348939,-2.09208,0.686419,84.1279,0.148561,,,2012
2013-03-01,102.5,109.2,105.4,92.9,1593,132.5,105.2,,,,,,,,,,,,91.54,-0.369185,0,0.376187,0.388616,-1.00564,0.512757,84.7113,0.121514,,,2012
2013-04-01,98.9,102.9,101.7,92,1488,126.6,102.1,,,,,,,,,,,,92.01,-0.189111,0,1.01879,0.101259,1.47021,-0.962029,84.9598,0.094078,,,2013
2013-05-01,99.4,103,100.3,94.8,1414,126.3,101.7,,,,,,,,,,,,91.71,0.0105874,-1.37978,-0.300253,0.148042,3.05922,-1.0876,85.1622,0.280035,,,2013
2013-06-01,99.7,103.1,100.3,95.8,1343,125.7,100.5,,,,,,,,,,,,88.34,0.0487896,0,0.713688,-0.709507,0.181735,-1.07043,85.0358,0.121812,,,2013
2013-07-01,105.3,107.7,103.4,104.7,1286,129.9,98.9,,,,,,,,,,,,88.14,0.847707,0,-0.301319,0.273509,2.06496,-0.393932,85.4149,0.32191,,,2013
2013-08-01,108.2,111,107,106.5,1352,133,98.7,,,,,,,,,,,,83.98,-0.0655397,0,-1.17825,0.182911,0.59142,-0.968424,85.8507,0.33993,,,2013
2013-09-01,108.8,111.6,108.4,106.2,1349,133.8,98,,,,,,,,,,,,83.29,-0.0779114,0,-1.05301,0.205197,-2.72862,0.795797,86.1517,0.204291,,,2013
2013-10-01,105.4,109.5,106.3,100.5,1317,131.7,98.3,,,,,,,,,,,,86.27,0.052778,0,0.348027,-0.170424,-3.9685,1.04537,86.2416,0.163189,,,2013
2013-11-01,102.6,108.1,105.9,93.9,1276,130.3,97.5,,,,,,,,,,,,86.54,-0.104685,0,0.753058,0.179638,-0.302423,-0.892897,86.6898,0.423094,,,2013
2013-12-01,105.5,110.7,107.9,97.9,1222,134.2,97.9,,,,,,,,,,,,85.95,0.363285,0.984938,-0.283187,0.211315,2.62397,-0.654979,86.9172,0.370755,,,2013
2014-01-01,102.1,107.4,104,94.9,1244,131.2,97.1,,,,,,,,,,,,85.25,0.111757,0,0.27076,0.0152022,-3.69681,1.52719,87.1622,0.150103,,,2013
2014-02-01,104.8,108.8,104.9,100.7,1300,134,97.9,,,,,,,,,,,,84.77,0.0658125,0,-0.0613928,0.211504,1.78994,0.470919,87.5441,0.282309,,,2013
2014-03-01,104,107.4,104.2,100.6,1336,130.7,99.9,,,,,,,,,,,,86.65,-0.185728,0,-0.143889,-0.255553,-1.96469,-0.0246563,87.7112,0.245845,,,2013
2014-04-01,104.9,107.8,104.7,102.1,1298,130.7,100,,,,,,,,,,,,87.99,0.0718304,0,-0.00169642,0.0496118,1.38703,-0.891524,87.9631,0.323289,,,2014
2014-05-01,105.7,109.7,105.6,101.9,1289,132.3,99.5,,,,,,,,,,,,89.87,-0.0505519,0,0.183402,-0.235064,-0.192323,0.51649,88.0568,0.324491,,,2014
2014-06-01,108.4,111.9,108,105.2,1279,134.3,98.1,,,,,,,,,,,,90.14,0.245873,0.4076,-0.0106359,-0.231238,2.8139,-1.16718,88.0904,0.332209,,,2014
2014-07-01,105.2,107,105.8,102.9,1311,127.9,98,,,,,,,,,,,,91.48,-0.320845,0,0.231791,0.145791,0.879864,-1.35549,88.4267,0.310197,,,2014
2014-08-01,100.1,101.9,101.9,96.4,1295,122.4,96.9,,,,,,,,,,,,91.55,-0.10568,0,0.0788601,-0.596076,-0.397375,-0.371273,88.0225,0.0514101,,,2014
2014-09-01,95.9,97.3,97,93.2,1237,117.4,94,,,,,,,,,,,,92.28,-0.210239,0,0.856298,0.940227,0.588965,-0.634176,88.8601,0.289216,,,2014
2014-10-01,86.1,87.3,86.6,84.4,1222,106.8,92.9,,,,,,,,,,,,92.42,-0.519478,0,1.3926,-0.271486,-3.5025,1.32416,88.8625,0.0294364,,,2014
2014-11-01,77,78.4,76.7,75.8,1175,97.3,92.9,,,,,,,,,,,,93.34,-0.967338,-9.80638,0.531815,0.303762,-1.99362,-0.368621,89.0929,-0.11098,,,2014
2014-12-01,60.7,62.3,60.5,59.3,1201,79.8,90.6,,,,,,,,,,,,92.44,-1.39071,0,3.58293,0.253394,-5.70039,-1.15974,89.595,0.154923,,,2014
2015-01-01,47.1,48.1,46,47.3,1251,63.7,87.7,,,,,,,,,,,,95.37,-1.37379,0,0.793638,-0.107046,-7.71888,0.671572,89.3242,-0.242772,,,2014
2015-02-01,54.8,57.9,55.8,50.6,1227,73.8,86.1,,,,,,,,,,,,96.01,0.983872,0,-1.13626,0.407738,0.581159,1.91823,89.3863,-0.162264,,,2014
2015-03-01,52.8,55.8,54.9,47.8,1179,71.1,84.5,,,,,,,,,,,,96.87,-0.228855,0,3.27023,-0.651684,-2.92751,1.26399,89.3717,-0.0493046,,,2014
2015-04-01,57.5,59.4,58.8,54.4,1199,73.4,84.2,,,,,,,,,,,,96.26,0.755031,0,-0.193287,-0.0940797,3.76956,-0.39901,89.467,0.0647045,,,2015
2015-05-01,62.5,64.6,63.7,59.3,1199,79.3,84.9,,,,,,,,,,,,94.28,0.654824,0,-0.102147,-0.557331,2.41779,0.415562,89.4145,0.00425508,,,2015
2015-06-01,61.3,62.3,61.8,59.8,1182,76.7,83.6,,,,,,,,,,,,95.69,-0.252459,2.38268,1.27583,-0.152208,1.30775,-0.761384,89.744,0.0327124,,,2015
2015-07-01,54.3,55.9,56.3,50.9,1128,70,82.3,,,,,,,,,,,,97.34,-1.18249,0,1.794,-0.147849,-2.85775,-0.649598,89.9666,-0.304485,,,2015
2015-08-01,45.7,47,47.2,42.9,1118,60.3,78.8,,,,,,,,,,,,97.1,-0.483199,0,0.991617,0.0038857,-3.77562,-0.576958,89.9333,-0.518887,,,2015
2015-09-01,46.3,47.2,46.2,45.5,1125,60.3,78,,,,,,,,,,,,96.25,0.312388,0,-0.703539,0.421993,0.329944,0.0581376,90.3091,-0.290962,,,2015
2015-10-01,47,48.1,46.6,46.2,1159,60.5,78,,,,,,,,,,,,97.91,0.172285,0,-0.284767,-0.489317,-2.08521,1.85906,90.2765,-0.0307809,,,2015
2015-11-01,43.1,44.4,42.2,42.7,1086,55.9,76,,,,,,,,,,,,98.23,-0.51971,0,1.87056,-0.512253,0.090298,-1.11742,90.1665,-0.179828,,,2015
2015-12-01,36.6,37.7,34.8,37.2,1076,48.3,75.5,,,,,,,,,,,,97.51,-0.803819,-1.98522,1.46269,-0.468369,-3.72297,-0.467707,90.0675,-0.211932,,,2015
2016-01-01,29.8,30.8,27,31.5,1098,40.9,74,,,,,,,,,,,,97.83,-1.36488,0,1.55456,0.827979,-6.34,0.533064,90.6896,-0.411633,,,2015
2016-02-01,31,33.2,29.5,30.4,1200,42.8,74.6,,,,,,,,,,,,94.97,-0.205974,0,-1.1542,0.136184,-1.60112,0.738749,90.5132,-0.536622,,,2015
2016-03-01,37.3,39.1,35.2,37.8,1245,48.7,77,,,,,,,,,,,,95.68,1.28465,0,-0.905358,-0.372773,5.47751,0.123305,90.4313,-0.135237,,,2015
2016-04-01,40.8,42.3,39,41,1242,52.3,78.8,,,,,,,,,,,,95.77,-0.240233,0,0.0202491,-0.543166,-0.0432336,-0.462337,90.8322,-0.140624,,,2016
2016-05-01,45.9,47.1,44,46.7,1261,57.7,79.9,,,,,,,,,,,,96.65,0.796175,0,-2.51567,-0.665003,2.62855,0.214876,90.6249,-0.199707,,,2016
2016-06-01,47.7,48.5,45.8,48.8,1276,60.2,81.6,,,,,,,,,,,,97.29,-0.264208,0.561501,0.187544,0.181267,1.70738,0.107042,91.0889,-0.254165,,,2016
2016-07-01,44.1,45.1,42.6,44.7,1337,57.3,81.4,,,,,,,,,,,,98.87,-0.468327,0,1.32836,-0.389839,-1.67491,-0.0595368,91.1585,-0.231962,,,2016
2016-08-01,44.9,46.1,43.7,44.8,1340,58.4,80.5,,,,,,,,,,,,98.41,0.108965,0,-1.1641,0.259454,1.99179,-0.74043,91.4054,-0.14082,,,2016
2016-09-01,45,46.2,43.7,45.2,1327,59.1,79.9,,,,,,,,,,,,98.31,0.168583,1.45068,-0.0311239,-0.295753,1.82905,-1.01061,91.4879,-0.0863409,,,2016
2016-10-01,49.3,49.7,48.3,49.9,1267,64.4,79.5,,,,,,,,,,,,99.61,0.714292,0,0.107471,0.17188,1.90476,1.65352,91.8691,-0.0940527,,,2016
2016-11-01,45.3,46.4,43.8,45.6,1238,60.9,82.2,,,,,,,,,,,,99.72,-0.69936,7.88528,1.88867,0.217973,-0.881933,-0.807788,92.5225,-0.00608249,,,2016
2016-12-01,52.6,54.1,51.8,52,1157,69.6,82.7,,,,,,,,,,,,100.06,0.700972,2.01778,-2.87237,0.234524,6.14713,-0.34903,92.6521,0.10876,,,2016
2017-01-01,53.6,54.9,53.4,52.5,1192,70.2,84.3,,,,,,,,,,,,98.9,0.172158,0,-0.691828,-0.920233,-5.44299,1.89435,92.4946,0.162468,,,2016
2017-02-01,54.4,55.5,54.2,53.4,1234,70.1,85.2,,,,,,,,,,,,99.73,0.262374,0,-0.14332,0.0151618,-0.860759,0.904179,92.7632,0.178331,,,2016
2017-03-01,50.9,52,51.2,49.6,1231,65.9,84,,,,,,,,,,,,101.46,-1.34513,0,0.128916,0.260287,-4.20586,0.271797,93.1249,0.210397,,,2016
2017-04-01,52.2,53,52.5,51.1,1267,67.4,82.3,,,,,,,,,,,,103.15,0.0309251,0,-1.2045,0.719531,3.15476,-0.950558,93.5253,0.202244,,,2017
2017-05-01,49.9,50.9,50.3,48.5,1246,64.9,82.4,,,,,,,,,,,,102.67,-0.967355,-4.43232,1.69185,0.0960291,0.82438,-0.81344,93.8891,0.132597,,,2017
2017-06-01,46.2,46.9,46.4,45.2,1260,60.6,81.6,,,,,,,,,,,,102.29,-0.416445,0,0.907457,-0.048631,-0.899411,-1.23589,94.1689,0.183965,,,2017
2017-07-01,47.7,48.7,47.6,46.7,1237,62.9,83,,,,,,,,,,,,103.42,-0.059902,0,-0.721694,-0.00748826,2.47633,-0.911458,94.3055,0.0810469,,,2017
2017-08-01,49.9,51.4,50.4,48,1283,66.4,83.8,,,,,,,,,,,,103.6,-0.0159677,0,-1.53978,0.211739,3.92168,-2.05217,94.7912,0.310239,,,2017
2017-09-01,53,55.2,53.9,49.8,1314,70.7,84.6,,,,,,,,,,,,101.52,0.360727,0,-1.18978,-0.230069,-0.118363,0.157486,94.8442,0.169955,,,2017
2017-10-01,54.9,57.6,55.6,51.6,1280,73.3,84.4,,,,,,,,,,,,102.06,-0.422636,0,-0.766559,-0.152387,1.62952,-1.35593,94.976,0.332021,,,2017
2017-11-01,59.9,62.6,60.6,56.7,1282,79,84.8,,,,,,,,,,,,103.47,0.178267,0.195585,-1.58755,0.622319,3.56412,-0.633938,95.835,0.328419,,,2017
2017-12-01,61.2,64.2,61.4,57.9,1264,80.8,84.2,,,,,,,,,,,,103.32,-0.204071,0,-1.59223,0.0125222,2.62377,-2.40314,96.177,0.216433,,,2017
2018-01-01,66.2,69,66,63.7,1331,87.4,87.1,,,,,,,,,,,,101.76,0.754159,0,-0.830951,-0.292537,-0.927323,1.2374,96.1277,0.271429,,,2017
2018-02-01,63.5,65.4,62.8,62.2,1331,82.1,88.3,,,,,,,,,,,,98.69,-0.348169,0,0.272246,-0.290164,-1.03468,-0.471544,96.3284,0.339436,,,2017
2018-03-01,64.2,66.5,63.3,62.8,1325,82.8,87.9,,,,,,,,,,,,98.01,-0.0859136,0,-0.385498,-0.0129736,-0.09629,-0.171097,96.3975,0.0922374,,,2017
2018-04-01,68.8,71.6,68.4,66.3,1335,88.4,89.5,,,,,,,,,,,,97.59,0.319186,0,-1.17801,0.557325,0.848378,1.15533,96.8438,0.064918,,,2018
2018-05-01,73.4,76.7,73.7,70,1303,94.6,89.7,,,,,,,,,,,,97.08,0.553107,0,-0.683938,-0.417586,1.68921,-0.106862,96.8333,-0.0191404,,,2018
2018-06-01,72,75.2,73.2,67.5,1282,93.7,87.9,,,,,,,,,,,,98.07,-0.735586,-0.43298,0.340394,-0.507299,1.59541,-1.28502,96.7967,0.112068,,,2018
2018-07-01,72.7,74.4,72.7,70.8,1238,93,84.1,,,,,,,,,,,,98.88,0.55133,0,0.680556,0.0231844,0.325073,0.0254993,96.997,-0.0746532,,,2018
2018-08-01,71.1,73.1,72.1,68,1202,92,82.7,,,,,,,,,,,,98.76,-0.193466,0,-0.184686,0.492559,0.838584,-0.459416,97.4169,0.151273,,,2018
2018-09-01,75.4,78.9,77,70.2,1198,98.7,81.1,,,,,,,,,,,,94.79,0.585928,0,-0.385652,-0.343682,2.3465,-0.719585,97.1186,-0.131803,,,2018
2018-10-01,76.7,80.5,79,70.8,1215,100.2,82.3,,,,,,,,,,,,93.73,0.223032,0,0.992111,0.429962,-2.01544,1.6079,97.7076,0.0123878,,,2018
2018-11-01,62.3,65.2,65.1,56.7,1221,84.4,81.1,,,,,,,,,,,,96.79,-1.50389,0,2.34864,-0.809627,-7.37325,0.256196,97.3106,-0.441873,,,2018
2018-12-01,54,56.5,56.5,49,1250,74.9,80.7,,,,,,,,,,,,97.5,-0.378828,2.05086,0.991399,0.592388,-4.07103,-0.776368,97.4362,-0.441826,,,2018
2019-01-01,56.6,59.3,59,51.5,1292,76.2,81.1,,,,,,,,,,,,96.42,0.491943,0,-4.11274,0.264618,5.84434,0.291829,97.3651,-0.269684,,,2018
2019-02-01,61.1,64.1,64.3,55,1320,80.1,82.5,,,,,,,,,,,,95.29,0.224023,0,-0.279159,-0.745451,-0.809112,1.14989,97.2672,-0.0599502,,,2018
2019-03-01,63.8,66.4,66.8,58.2,1301,82.2,82.3,,,,,,,,,,,,97.95,-0.0915996,0,-0.117016,0.0535925,-1.45386,0.293992,97.8653,0.168394,,,2018
2019-04-01,68.6,71.2,70.7,63.9,1286,86.4,82.6,,127.749,104.459,122.296,119.039,145.229,,,,,,98.68,0.466543,0,-1.24423,-0.303182,1.7547,-0.253018,97.7465,0.0159632,122.296,,2019
2019-05-01,66.8,70.5,69.1,60.8,1284,85.2,81,,127.24,99.5646,127.797,131.072,139.339,,,,,,99.45,-0.82787,0,-0.226318,-0.0560553,-0.833661,-0.00320944,97.8613,-0.133468,127.797,,2019
2019-06-01,59.8,63.3,61.3,54.7,1359,76.3,82.3,,129.036,104.452,123.537,98.2702,140.932,,,,,,100.27,-0.415778,0,1.35218,-1.00786,-2.63104,-0.60763,97.233,-0.385829,123.537,,2019
2019-07-01,61.5,64,62.9,57.5,1413,77,82.4,,122.15,100.54,121.493,338.109,118.123,,,,,,102.05,0.381611,-4.26711,-1.55717,0.356239,4.32036,-1.73251,97.3435,-0.120181,121.493,,2019
2019-08-01,57.7,59.3,58.9,54.8,1500,71.6,79.2,,123.571,103.384,119.527,122.765,136.352,,,,,,100.22,-0.408194,0,1.33248,-0.329517,-2.43035,0.0312249,97.3493,-0.504243,119.527,,2019
2019-09-01,60,62.3,60.8,57,1511,75.6,79.5,,121.99,98.4263,123.94,136.185,116.114,,,,,,100.48,0.42991,0,-3.09225,0.135731,2.50642,-1.22336,97.2696,-0.254207,123.94,,2019
2019-10-01,57.3,59.4,58.5,54,1495,72.7,80.2,,128.977,101.701,126.82,121.066,111.078,,,,,,101.23,-0.180601,0,2.42735,-0.145621,-2.42298,0.665368,97.3101,-0.000681863,126.82,,2019
2019-11-01,60.4,62.7,61.4,57.1,1471,76.6,82,,134.293,99.8983,134.43,121.171,126.54,,,,,,101.14,0.546009,0,0.638967,0.0131167,3.94231,-0.44268,97.5549,0.12181,134.43,,2019
2019-12-01,63.4,65.9,64.4,59.8,1479,79.1,83.6,,124.509,106.786,116.596,227.656,113.738,,,,,,102.27,0.366502,1.06885,-0.114673,-0.132572,2.58167,-1.07432,97.7244,0.203717,116.596,,2019
2020-01-01,61.6,63.6,63.8,57.5,1561,76.1,84.3,,123.339,107.589,114.639,135.136,119.957,,,,,,101.18,1.0528,0,-0.0316995,-5.08335,1.38563,0.0943407,92.9668,-0.42502,114.639,,2019
2020-02-01,53.3,55,54.5,50.5,1597,66.3,81.1,,117.676,101.321,116.142,126.838,125.147,,,,,,100.98,-1.05506,0,2.57978,0.463718,-4.57312,-0.381688,93.1901,-0.138344,116.142,,2019
2020-03-01,32.2,33,33.8,29.9,1592,42.6,78,,119.377,106.264,112.34,85.3094,109.081,,,,,,98.16,-1.7812,-8.01957,4.93095,0.296515,-15.7645,0.0926567,93.0187,-3.30158,112.34,,2019
2020-04-01,21,23.3,23.3,16.5,1683,31.6,75.9,19.9,147.903,99.1489,149.173,53.7387,84.8897,,,,,,99.29,1.21073,3.04969,3.77426,-6.49218,-6.87862,2.35272,85.08,-4.29078,149.173,,2020
2020-05-01,30.4,31,31.6,28.6,1716,39.2,76.5,30.61,153.052,93.7653,163.229,81.231,83.1633,,,,,,99.73,0.972863,0,-12.081,2.29582,3.34363,-0.166773,85.8584,0.0620296,163.229,,2020
2020-06-01,39.5,39.9,40.1,38.3,1732,48.5,79.6,40.63,141.019,97.415,144.761,100.118,91.9069,,,,,,98.56,-0.658113,-3.16704,-4.50683,3.35871,2.02137,1.4994,89.7949,0.931185,144.761,,2020
2020-07-01,42.1,42.8,42.6,40.8,1847,51.6,82,43.35,132.246,105.579,125.257,122.796,98.5781,,,,,,99.87,-0.176591,0,-1.05829,3.15772,-5.50898,-0.259562,92.736,0.755135,125.257,,2020
2020-08-01,43.4,44.3,43.7,42.4,1969,54.3,85.4,44.19,137.996,102.223,134.995,137.562,107.395,,,,,,99.39,-0.552102,0,-0.451104,0.399307,-1.24576,0.13484,93.9578,0.310174,134.995,,2020
2020-09-01,40.6,41.1,41.1,39.6,1922,51.2,87.6,41.35,133.268,98.9233,134.718,127.766,97.4893,,,,,,101.49,-0.479122,0,1.01516,0.37275,-6.23909,0.576852,95.5394,0.197543,134.718,,2020
2020-10-01,39.9,40.5,39.7,39.5,1900,51.6,89,40.66,146.739,104.913,139.867,128.514,101.479,,,,,,102.25,-0.272887,0,-1.70148,-0.203738,-2.64661,-0.0293298,96.5523,0.0368354,139.867,,2020
2020-11-01,42.3,43.2,42.6,41.1,1866,55.3,92.8,43.34,143.904,102.397,140.536,123.351,110.067,,,,,,100.59,-0.0797621,0,0.705942,0.597778,3.53069,-1.12002,97.635,-0.232251,140.536,,2020
2020-12-01,48.7,49.9,49.3,47.1,1858,63.7,97.4,49.84,136.995,107.657,127.252,131.953,132.181,,,,,,98.52,-0.000177525,0.541998,-2.47256,0.632999,3.08125,-0.694016,98.4319,0.331458,127.252,,2020
2021-01-01,53.6,54.6,54.2,52.1,1867,69.9,101.8,54.79,135.618,113.107,119.903,127.138,116.274,,,,,,97.73,-0.535439,3.87482,-0.737476,-0.458233,1.60843,-0.471277,99.0681,-0.00723419,119.903,,2020
2021-02-01,60.5,62,60.4,59.1,1808,80.4,104.6,61.22,138.293,115.302,119.94,120.947,122.921,,,,,,97.97,0.270629,0,-2.32945,-1.31719,0.758841,0.402261,98.4523,-0.197862,119.94,,2020
2021-03-01,63.8,65.2,64,62.4,1718,80.8,105.5,64.73,138.831,123.478,112.434,129.189,135.31,,,,,,99.24,0.383868,3.5177,1.58248,-0.0469692,4.52537,-0.938104,99.255,0.981085,112.434,,2020
2021-04-01,63,64.8,62.4,61.7,1760,80.8,108.9,63.4,140.596,135.365,103.864,213.77,133.401,,,,,,97.29,0.540433,5.9446,-0.891336,0.112966,0.293692,-1.00808,100.247,1.37792,103.864,,2021
2021-05-01,66.4,68,66,65.2,1850,86.3,116,66.95,135.779,113.654,119.467,184.697,107.852,,,,,,99.72,0.84138,0,-0.600245,-0.550185,6.15131,-0.753337,99.2137,0.793985,119.467,,2021
2021-06-01,71.8,73.1,71,71.4,1835,93.9,114.6,71.98,131.387,119.942,109.542,145.364,129.824,,,,,,99.81,0.490313,2.26965,0.481865,0.792432,6.55635,-2.69751,100.005,0.698529,109.542,,2021
2021-07-01,73.3,74.4,73,72.5,1808,98.3,115,73.54,138.212,124.71,110.827,161.29,123.739,,,,,,100.12,0.157339,-9.88216,0.330982,-0.320583,1.65565,-0.898474,100.279,0.283156,110.827,,2021
2021-08-01,68.9,70,68.9,67.7,1785,96.3,114.2,69.8,140.645,127.118,110.641,166.41,122.811,,,,,,100.8,-0.435979,0,-1.66868,-0.14437,-0.123378,-0.863806,99.8109,-0.0646673,110.641,,2021
2021-09-01,72.8,74.6,72.2,71.6,1775,107.2,112.8,73.13,134.584,122.974,109.441,151.754,155.518,,,,,,101.35,1.29653,0.418148,-1.20747,-0.430916,5.4149,-1.30011,99.3419,0.139235,109.441,,2021
2021-10-01,82.1,83.7,81.2,81.3,1777,123.4,117.2,82.11,146.016,131.62,110.938,178.559,127.828,,,,,,100.73,0.967831,2.33832,0.85584,0.748853,1.87929,1.01744,100.281,0.380083,110.938,,2021
2021-11-01,79.9,80.8,79.8,79.2,1822,115,116.7,80.64,149.531,137.953,108.392,143.961,133.116,,,,,,102.15,-0.424981,-1.03241,0.207122,1.09789,0.63789,-0.80498,101.574,0.170257,108.392,,2021
2021-12-01,72.9,74.3,72.8,71.5,1790,112.4,117.6,73.3,145.344,142.248,102.176,505.596,141.006,,,,,,100.8,-0.217297,1.68476,-0.593838,0.887676,-2.07418,-2.10663,102.473,0.215003,102.176,,2021
2022-01-01,83.9,85.5,83.1,83.1,1816,121.3,122.8,84.67,150.109,144.948,103.56,154.64,114.295,,,,,,101.18,0.833479,1.47653,-2.34433,0.0677705,5.23837,0.12212,102.72,-0.130984,103.56,,2021
2022-02-01,93.5,95.8,93.1,91.7,1856,133.3,127.6,94.07,153.211,143.773,106.565,146.716,134.501,,,,,,99.7,0.337157,0.628107,1.02862,-0.214909,4.57901,-0.61072,103.349,-0.104304,106.565,,2021
2022-03-01,112.4,115.6,113.1,108.5,1948,166.7,137.6,112.87,157.817,158.21,99.7522,133.447,144.048,,,,,,99.71,1.12625,0.978633,-1.88785,-1.08005,4.44606,-0.0986125,102.863,-0.759902,99.7522,,2021
2022-04-01,103.4,105.8,102.7,101.8,1937,153.2,138.7,,158.243,160.446,98.6267,158.314,138.995,,,,,,101.4,-0.5817,0,-0.520088,-1.49834,-2.72896,-0.163487,101.539,-0.419211,98.6267,,2022
2022-05-01,110.1,112.4,108.3,109.6,1849,163.6,132.1,,157.232,162.915,96.5115,140.398,136.776,,,,,,102.6,0.90777,0.443538,-1.38327,0.577153,6.07323,-2.3923,102.109,-0.66864,96.5115,,2022
2022-06-01,116.8,120.1,115.7,114.6,1837,173.5,126.5,,149.779,167.445,89.4498,143.165,158.019,,,,,,101.74,0.435446,-2.16025,-0.662264,0.801646,1.54926,-1.21497,102.978,-0.657565,89.4498,,2022
2022-07-01,105.1,108.9,106.5,99.9,1733,171.8,115.2,,159.592,171.756,92.9174,156.632,143.499,,,,,,101.43,-1.54198,0,0.816453,-0.179596,-1.79276,-1.11725,102.76,-0.94986,92.9174,,2022
2022-08-01,96,98.6,97.8,91.6,1765,172.8,115.7,,159.843,169.452,94.3294,149.386,153.682,,,,,,102.19,-0.532052,-2.92243,1.06075,0.31451,1.25957,-1.36958,103.207,-0.0802533,94.3294,,2022
2022-09-01,88.2,90.2,90.6,83.9,1681,158.2,113,,152.533,158.778,96.0666,148.769,152.392,,,,,,104.1,-0.404113,0.534413,0.608006,0.150578,-0.972759,-0.876874,103.645,-0.487199,96.0666,,2022
2022-10-01,90.3,93.1,90.6,87.3,1664,146.2,111.4,,168.053,161.225,104.235,135.411,134.907,,,,,,103.62,0.603796,2.4412,-1.62377,-0.270919,2.99332,-0.840704,103.095,-0.662948,104.235,,2022
2022-11-01,87.4,91.1,86.3,84.8,1725,139.4,111.9,,166.029,154.113,107.732,143.523,139.146,,,,,,102.27,-0.446507,0,0.8987,-0.395602,1.05676,-2.66951,102.999,-0.379618,107.732,,2022
2022-12-01,78.1,80.9,76.8,76.5,1798,130.9,113,,161.861,150.281,107.706,150.311,152.131,,,,,,98.05,-0.652656,-2.8965,-0.402807,-0.4461,-4.45039,-0.257854,102.507,-0.235466,107.706,,2022
2023-01-01,80.4,83.1,80,78.1,1898,119.3,115,,161.205,159.769,100.899,136.889,121.684,,,,,,97.22,0.0228161,0,-0.813028,0.625192,-2.78673,1.70711,102.868,0.000690612,100.899,,2022
2023-02-01,80.3,82.7,81.2,76.8,1855,110.5,114.7,,161.72,150.81,107.234,144.489,145.68,,,,,,96.74,-0.236931,0,1.00763,0.518578,-0.477338,-0.180111,103.431,-0.127135,107.234,,2022
2023-03-01,76.5,78.5,77.5,73.4,1913,103.5,111.9,,160.968,131.072,122.809,148.125,181.64,,,,,,97.77,-0.547238,0,0.559018,0.0978995,-0.669162,-0.203031,103.65,-0.430549,122.809,,2022
2023-04-01,82.5,84.1,83.8,79.4,2000,109.3,113.5,83.7554,170.641,144.359,118.206,198.303,143.715,104.757,92.498,113.254,92.3482,104.459,97.91,0.657025,0,-1.17665,-1.16713,3.87839,-0.0495848,102.77,-0.184844,118.206,113.254,2023
2023-05-01,74.1,75.7,75.1,71.6,1992,96.9,109.5,74.9815,169.303,135.895,124.584,143.665,149.256,100.114,93.5192,107.052,99.0701,112.16,98.82,-1.05423,0,0.787724,-0.055345,-4.57163,-0.803008,103.58,-0.2288,124.584,107.052,2023
2023-06-01,73.3,74.9,74.7,70.2,1943,95.2,107.7,74.9283,154.178,126.991,121.408,139.068,165.295,94.0912,87.5079,107.523,97.9092,108.624,100.94,0.375558,0.441693,-0.382731,0.313918,2.58097,-1.00028,103.885,0.0260085,121.408,107.523,2023
2023-07-01,79,80.1,80.5,76.4,1951,100.9,108.6,80.3685,155.087,137.927,112.441,304.842,131.037,94.4735,86.0837,109.746,103.252,109.259,103.36,0.102648,0,-2.38965,-0.309852,2.95556,-0.865214,103.516,0.1983,112.441,109.746,2023
2023-08-01,84.7,86.2,86.6,81.4,1919,108.7,107.6,86.4267,156.381,146.32,106.876,159.417,163.921,106.111,89.3546,118.753,104.997,123.944,103.32,0.341501,0,-1.2181,-0.0916715,1.23399,-0.818663,104.042,-0.0228075,106.876,118.753,2023
2023-09-01,92.2,94,93.1,89.6,1916,117.7,109.4,93.5393,152.451,141.324,107.873,154.756,133.451,103.353,91.9143,112.445,102.916,105.797,102.72,0.702963,0,-0.16117,-0.469777,1.91156,-0.183808,104.251,-0.117729,107.873,112.445,2023
2023-10-01,89.1,91.1,90.6,85.6,1916,115.7,107.8,90.0803,167.78,143.117,117.233,153.046,152.449,103.759,92.8103,111.797,110.86,126.497,103.82,-0.159265,0,-0.306462,-0.101532,-3.50377,0.80682,104.452,-0.308546,117.233,111.797,2023
2023-11-01,81.4,83.2,83.5,77.4,1984,106.2,109.6,83.4554,171.087,146.008,117.177,139.738,141.87,102.125,94.0842,108.546,104.452,107.496,102.97,-0.580207,-2.48308,0.708545,0.249846,-3.96478,1.9006,104.79,-0.00395074,117.177,108.546,2023
2023-12-01,75.7,77.9,77.2,72.1,2026,99.6,107.8,77.4197,160.041,143.487,111.538,450.555,138.938,102.575,97.3433,105.375,103.538,108.995,101.33,0.0391272,0,1.12426,0.0685864,-0.00617443,-1.33492,104.818,0.341639,111.538,105.375,2023
2024-01-01,77.7,80.2,78.9,73.9,2034,101.2,107.2,79.2165,157.348,142.858,110.143,260.391,131.783,101.384,96.0849,105.515,109.295,113.267,101.78,1.21774,0,-2.00726,-0.421956,-0.39957,0.573142,104.397,0.239486,110.143,105.515,2023
2024-02-01,80.5,83.8,81.2,76.7,2023,102.2,107.5,81.6219,157.659,136.88,115.181,166.641,165.051,99.5599,97.1546,102.476,121.714,125.841,101.99,-0.029998,0,1.18306,0.0708931,-2.73212,2.46124,104.968,0.23337,115.181,102.476,2023
2024-03-01,83.5,85.4,84.7,80.5,2158,104.2,109.9,84.3841,156.609,138.642,112.959,142.381,156.385,101.242,99.1038,102.158,105.764,100.342,101.94,0.634349,-0.252075,0.565953,-0.519869,2.23418,-0.498184,104.649,0.246005,112.959,102.158,2023
2024-04-01,88,90.1,89.4,84.6,2331,109.6,115.6,89.4375,171.143,156.544,109.326,154.219,165.512,105.072,89.0738,117.961,94.7056,119.609,102.78,0.377193,0,-0.402866,0.444277,-0.659091,1.72981,105.051,0.248002,109.326,117.961,2024
2024-05-01,81.4,82,83.5,78.8,2351,102.6,115.6,83.6249,168.017,150.676,111.509,151.049,163.483,103.093,95.2205,108.267,106.338,115.811,102.99,-0.849333,0,0.743583,-0.127353,-0.860769,-1.24742,105.371,0.0455853,111.509,108.267,2024
2024-06-01,81.2,82.6,82.2,78.9,2326,103.8,114.2,82.5529,159.46,144.658,110.233,143.803,172.218,101.95,87.3528,116.71,88.7073,115.74,104.48,-0.00655586,-3.03694,-1.0152,-0.0742759,1.12154,-0.602989,105.499,0.110129,110.233,116.71,2024
2024-07-01,83.3,85.3,83.9,80.5,2398,106,111.7,84.1482,160.682,157.534,101.999,164.603,156.603,97.9887,89.474,109.516,98.7969,117.759,105.33,0.15289,0,0.449213,-0.174946,2.32244,-1.35026,105.692,-0.0331683,101.999,109.516,2024
2024-08-01,78.1,80.9,78,75.6,2470,102.6,109.6,78.2707,156.237,154.859,100.89,176.628,198.518,99.9012,92.5806,107.907,100.521,138.475,102.83,-0.459049,0,0.155426,0.168444,-3.17885,0.0323109,106.074,0.0566366,100.89,107.907,2024
2024-09-01,72.4,74.3,73.4,69.6,2571,95.4,112.2,73.6949,155.544,155.505,100.025,238.806,155.417,103.259,99.9337,103.328,101.852,105.829,102.42,0.00239449,0.529635,-1.90857,-0.209897,-2.38578,-0.568593,105.897,0.123948,100.025,103.328,2024
2024-10-01,74,75.7,74.7,71.6,2690,97.7,114.6,75.1247,174.662,166.049,105.187,179.406,158.913,102.587,100.327,102.253,128.492,117.739,104.64,0.237379,0,0.404763,0.595202,0.0652233,1.14973,106.572,0.194778,105.187,102.253,2024
2024-11-01,72.3,74.4,72.8,69.7,2651,96.5,114.7,73.017,166.394,160.574,103.624,163.462,170.443,103.92,102.365,101.519,91.1594,114.705,106.1,-0.0823652,2.44112,0.379944,-0.407974,-0.140314,-0.872138,106.57,0.171449,103.624,101.519,2024
2024-12-01,72.3,73.8,73.3,69.8,2648,96.5,117,73.3368,160.725,160.972,99.8468,177.843,149.006,99.5754,99.7655,99.8095,102.956,108.23,105.41,0.0119977,0.131955,0.155269,0.512062,-0.314186,0.212174,107.248,0.183026,99.8468,99.8095,2024
2025-01-01,78.2,79.2,80.1,75.1,2710,103.5,117.2,80.1962,162.318,166.073,97.7389,293.065,155.18,101.478,98.3945,103.134,104.865,141.69,103.02,0.753144,0,-1.29907,-0.28977,-0.323774,1.10576,107.344,-0.0379534,97.7389,103.134,2024
2025-02-01,73.8,75.2,75,71.3,2895,99.2,118.9,77.3286,161.1,166.671,96.657,167.496,151.346,104.023,102.624,101.363,106.701,115.843,100.56,-0.882207,0,1.01084,0.382021,-3.273,0.414118,108.002,0.0198422,96.657,101.363,2024
2025-03-01,70.7,72.6,71.7,67.8,2983,95.1,116.6,72.4666,167.483,175.081,95.6601,140.612,167.565,103.797,107.231,96.7983,107.578,112.003,100.04,-0.057496,-1.20449,2.02468,0.285094,-0.237139,-0.0565536,108.603,-0.209571,95.6601,96.7983,2024
2025-04-01,65.9,67.7,66.9,63.1,3218,87.9,113.6,67.7249,177.865,170.237,104.48,463.741,193.86,104.79,92.3285,113.496,108.648,138.164,100.21,-0.572277,-6.24209,0.227966,-0.383448,-0.418311,-0.748973,108.449,-0.578553,104.48,113.496,2025
2025-05-01,62.7,64.2,63,61,3309,84,114.9,64.042,173.244,151.452,114.388,161.061,174.154,99.7888,97.9725,101.854,104.742,126.604,99.62,-0.0980346,2.44957,1.01043,0.109527,0.310951,-0.254943,108.85,0.108577,114.388,101.854,2025
2025-06-01,69.1,71.5,68.5,67.5,3353,92.2,113.6,69.77,157.67,144.826,108.868,152.293,172.168,96.332,91.719,105.03,93.9208,112.584,98.3,0.663451,0,0.653093,-0.00935333,6.29051,-1.16149,108.994,0.152275,108.868,105.03,2025
2025-07-01,69.2,71,69.2,67.4,3340,91.7,113.2,70.95,168.693,163.256,103.331,1334.78,176.706,99.7088,96.3626,103.472,103.071,122.456,98.29,-0.259599,1.16112,0.0531059,-0.242802,-0.941681,0.225573,109.219,0.161205,103.331,103.472,2025
2025-08-01,66.7,68.2,67.9,64.1,3368,88.1,113.9,69.1128,167.157,159.014,105.121,197.042,182.981,100.832,100.811,100.02,102.388,124.062,97.26,0.325133,-0.512057,0.824025,-0.569071,0.520671,-0.711311,109.002,-0.0706934,105.121,100.02,2025
2025-09-01,66.5,68,67.8,63.7,3668,87.6,114.9,69.61,164.219,164.657,99.7339,298.282,182.19,104.117,108.695,95.7884,110.987,126.446,95.89,0.0431271,0.967847,1.25534,0.811231,2.70864,-0.877769,110.022,0.133061,99.7339,95.7884,2025
2025-10-01,63,64.7,64.3,60.2,4058,84.3,115,65.08,175.568,185.352,94.7216,163.348,187.358,103.522,110.049,94.0684,116.32,138.657,96.05,0.0426246,1.37291,-0.116721,-0.556482,-2.56248,0.69588,109.608,0.00942713,94.7216,94.0684,2025
2025-11-01,62.3,63.6,63.8,59.6,4087,84,115.8,64.3058,178.876,180.473,99.1152,199.814,186.551,104.143,106.876,97.4431,113.156,122.522,96.29,-0.378016,0.591851,-0.0201573,0.25817,0.83386,-0.311873,109.975,0.0615528,99.1152,97.4431,2025
2025-12-01,60.9,62.7,62,57.9,4309,82.9,117.4,62.2024,170.512,180.445,94.4954,2001.27,167.972,108.404,106.637,101.657,100.41,117.565,94.15,-0.336252,1.4648,0.111146,0.282812,-0.916824,-1.06213,110.711,0.197132,94.4954,101.657,2025
2026-01-01,63.7,66.8,63.9,60.3,4753,92.8,120.9,63.08,173.674,180.74,96.0903,436.956,184.565,105.818,108.977,97.1021,109.398,145.124,93.2,,,-2.62356,0.171289,1.22552,-0.808377,110.754,0.179684,96.0903,97.1021,2025
2026-02-01,68,71.1,68.4,64.6,5020,92.4,119.4,69.0055,172.57,160.811,107.313,177.456,194.834,106.855,116.683,91.5771,103.662,128.578,91.98,,,1.99616,0.261034,-3.0135,3.0475,111.486,0.0843252,107.313,91.5771,2025
2026-03-01,95.6,103.7,91.9,91.2,4856,130.6,122.6,113.49,181.729,170.325,106.696,141.435,167.618,121.48,121.907,99.6497,97.617,108.667,90.99,,,-15.7493,-2.2427,-1.14193,-0.103857,109.607,-0.608692,106.696,99.6497,2025
2026-04-01,103.9,120.4,92.7,98.6,4721,146.7,126.4,114.476,203.782,186.124,109.487,165.191,195.394,127.966,115.767,110.537,105.405,140.803,89.63,,,,,,,109.887,0.0918085,109.487,110.537,2026
2026-05-01,100.4,107.5,94.7,99.1,4587,133.7,129.5,106.228,195.149,189.772,102.833,341.719,179.94,128.96,133.345,96.7117,111.539,119.294,87.99,,,,,,,109.701,0.0869428,102.833,96.7117,2026
2026-06-01,81.7,85.4,77.7,81.9,4228,109.9,125.2,83.2225,180.595,193.608,93.2785,187.105,185.199,121.476,122.704,98.9991,98.397,118.875,90.15,,,,,,,111.062,0.385512,93.2785,98.9991,2026
2026-07-01,79.8,83.4,76.7,79.4,4073,108.8,125.9,82.0379,,,,,,,,,,,90.34,,,,,,,111.366,0.326416,,,2026
2026-08-01,84.4,90.9,79.7,82.7,4411,118.5,128.8,90.1892,,,,,,,,,,,90.14,,,,,,,,0.407309,,,2026
2026-09-01,102.3,116.8,93.3,96.9,4319,148.9,130.5,116.095,,,,,,,,,,,,,,,,,,,0.370506,,,2026
