Year,Economy,Economy Label,Product,Product Label,Index,Index Footnote,Index Missing value
1995,356,India,001,Live animals other than animals of division 03,0.0386,,
1995,356,India,011,"Meat of bovine animals, fresh, chilled or frozen",1.6086,,
1995,356,India,012,Other meat and edible meat offal,0.1138,,
1995,356,India,016,"Meat, edible meat offal, salted, dried; flours, meals",0.0427,,
1995,356,India,017,"Meat, edible meat offal, prepared, preserved, n.e.s.",0.0321,,
1995,356,India,022,"Milk, cream and milk products (excluding butter, cheese)",0.0594,,
1995,356,India,023,Butter and other fats and oils derived from milk,0.0761,,
1995,356,India,024,Cheese and curd,0.0001,,
1995,356,India,025,"Birds' eggs, and eggs' yolks; egg albumin",0.5721,,
1995,356,India,034,"Fish, fresh (live or dead), chilled or frozen",1.565,,
1995,356,India,035,"Fish, dried, salted or in brine; smoked fish",0.2482,,
1995,356,India,036,"Crustaceans, mollusks and aquatic invertebrates",7.742,,
1995,356,India,037,"Fish, aqua. invertebrates, prepared, preserved, n.e.s.",0.0395,,
1995,356,India,041,"Wheat (including spelt) and meslin, unmilled",1.0483,,
1995,356,India,042,Rice,29.8973,,
1995,356,India,043,"Barley, unmilled",0.0034,,
1995,356,India,044,"Maize (not including sweet corn), unmilled",0.0488,,
1995,356,India,045,"Cereals, unmilled (excluding wheat, rice, barley, maize)",0.1595,,
1995,356,India,046,Meal and flour of wheat and flour of meslin,5.6772,,
1995,356,India,047,Other cereal meals and flour,0.7188,,
1995,356,India,048,"Cereal preparations, flour of fruits or vegetables",0.0776,,
1995,356,India,054,Vegetables,1.1362,,
1995,356,India,056,"Vegetables, roots, tubers, prepared, preserved, n.e.s.",0.6118,,
1995,356,India,057,"Fruits and nuts (excluding oil nuts), fresh or dried",2.5692,,
1995,356,India,058,"Fruit, preserved, and fruit preparations (no juice)",1.1061,,
1995,356,India,059,"Fruit and vegetable juices, unfermented, no spirit",0.0859,,
1995,356,India,061,"Sugar, molasses and honey",1.5985,,
1995,356,India,062,Sugar confectionery,0.144,,
1995,356,India,071,Coffee and coffee substitutes,4.5976,,
1995,356,India,072,Cocoa,0.0309,,
1995,356,India,073,"Chocolate, food preparations with cocoa, n.e.s.",0.0321,,
1995,356,India,074,Tea and mate,22.3544,,
1995,356,India,075,Spices,14.7477,,
1995,356,India,081,Feeding stuff for animals (no unmilled cereals),5.4095,,
1995,356,India,091,Margarine and shortening,0.5346,,
1995,356,India,098,"Edible products and preparations, n.e.s.",0.315,,
1995,356,India,111,"Non-alcoholic beverages, n.e.s.",0.0203,,
1995,356,India,112,Alcoholic beverages,0.0668,,
1995,356,India,121,"Tobacco, unmanufactured; tobacco refuse",3.3927,,
1995,356,India,122,"Tobacco, manufactured",0.1671,,
1995,356,India,211,"Hides and skins (except furskins), raw",0.0054,,
1995,356,India,222,Oil seeds and oleaginous fruits (excluding flour),1.8138,,
1995,356,India,223,"Oil seeds & oleaginous fruits (incl. flour, n.e.s.)",3.6514,,
1995,356,India,231,"Natural rubber & similar gums, in primary forms",0.0558,,
1995,356,India,232,Synthetic rubber,0.183,,
1995,356,India,245,Fuel wood (excluding wood waste) and wood charcoal,0.0634,,
1995,356,India,248,"Wood simply worked, and railway sleepers of wood",0.0018,,
1995,356,India,251,Pulp and waste paper,0.0015,,
1995,356,India,261,Silk,0.6846,,
1995,356,India,263,Cotton,0.836,,
1995,356,India,264,"Jute, other textile bast fibre, n.e.s., not spun; tow",0.5113,,
1995,356,India,265,"Vegetable textile fibres, not spun; waste of them",0.1907,,
1995,356,India,266,Synthetic fibres suitable for spinning,0.4898,,
1995,356,India,267,Other man-made fibres suitable for spinning,0.1733,,
1995,356,India,268,Wool and other animal hair (incl. wool tops),0.0426,,
1995,356,India,269,Worn clothing and other worn textile articles,0.0719,,
1995,356,India,272,Crude fertilizers (excluding those of division 56),0.0393,,
1995,356,India,273,"Stone, sand and gravel",9.0888,,
1995,356,India,274,Sulphur and unroasted iron pyrites,0.0351,,
1995,356,India,277,"Natural abrasives, n.e.s. (incl. industri. diamonds)",2.5692,,
1995,356,India,278,Other crude minerals,1.026,,
1995,356,India,281,Iron ore and concentrates,9.0145,,
1995,356,India,282,"Ferrous waste, scrape; remelting ingots, iron, steel",0.0023,,
1995,356,India,283,"Copper ores and concentrates; copper mattes, cemen",0.0475,,
1995,356,India,285,Aluminium ores and concentrates (incl. alumina),3.3521,,
1995,356,India,287,"Ores and concentrates of base metals, n.e.s.",2.2501,,
1995,356,India,288,"Non-ferrous base metal waste and scrap, n.e.s.",0.0326,,
1995,356,India,289,"Ores & concentrates of precious metals; waste, scrap",0.0046,,
1995,356,India,291,"Crude animal materials, n.e.s.",1.7785,,
1995,356,India,292,"Crude vegetable materials, n.e.s.",2.6522,,
1995,356,India,321,"Coal, whether or not pulverized, not agglomerated",0.2349,,
1995,356,India,322,"Briquettes, lignites and peat",0.0131,,
1995,356,India,325,"Coke & semi-cokes of coal, lign., peat; retort carbon",0.0538,,
1995,356,India,334,Petroleum oils or bituminous minerals > 70 % oil,0.7754,,
1995,356,India,335,"Residual petroleum products, n.e.s., related mater.",0.2765,,
1995,356,India,342,Liquefied propane and butane,0.0011,,
1995,356,India,343,"Natural gas, whether or not liquefied",0.1486,,
1995,356,India,344,"Petroleum gases, other gaseous hydrocarbons, n.e.s.",0.0129,,
1995,356,India,345,"Coal gas, water gas & similar gases (excludinghydrocar.)",0.7307,,
1995,356,India,411,Animals oils and fats,0.0027,,
1995,356,India,421,"Fixed vegetable fats & oils, crude, refined, fractio.",0.1668,,
1995,356,India,422,"Fixed vegetable fats & oils, crude, refined, fract.",4.1216,,
1995,356,India,431,"Animal or veg. oils & fats, processed, n.e.s.; mixt.",1.4275,,
1995,356,India,511,"Hydrocarbons, n.e.s., & halogenated, nitr. derivative",0.7285,,
1995,356,India,512,"Alcohols, phenols, halogenat., sulfonat., nitrat. der.",0.7307,,
1995,356,India,513,"Carboxylic acids, anhydrides, halides, per.; derivati.",1.0971,,
1995,356,India,514,Nitrogen-function compounds,1.6859,,
1995,356,India,515,"Organo-inorganic, heterocycl. compounds, nucl. acids",0.4676,,
1995,356,India,516,Other organic chemicals,2.1983,,
1995,356,India,522,"Inorganic chemical elements, oxides & halogen salts",0.4735,,
1995,356,India,523,"Metallic salts & peroxysalts, of inorganic acids",0.9901,,
1995,356,India,524,Other inorganic chemicals,0.6997,,
1995,356,India,525,Radio-actives and associated materials,0.0157,,
1995,356,India,531,Synth. organic colouring matter & colouring lakes,5.5375,,
1995,356,India,532,"Dyeing & tanning extracts, synth. tanning materials",1.1488,,
1995,356,India,533,"Pigments, paints, varnishes and related materials",0.1419,,
1995,356,India,541,"Medicinal and pharmaceutical products, excluding 542",0.8595,,
1995,356,India,542,Medicaments (incl. veterinary medicaments),2.0436,,
1995,356,India,551,"Essential oils, perfume & flavour materials",1.273,,
1995,356,India,553,"Perfumery, cosmetics or toilet prepar. (excluding soaps)",0.701,,
1995,356,India,554,"Soaps, cleansing and polishing preparations",0.5553,,
1995,356,India,562,Fertilizers (other than those of group 272),0.2501,,
1995,356,India,571,"Polymers of ethylene, in primary forms",0.0727,,
1995,356,India,572,"Polymers of styrene, in primary forms",0.0851,,
1995,356,India,573,Polymers of vinyl chloride or halogenated olefins,0.3934,,
1995,356,India,574,"Polyethers, epoxide resins; polycarbonat., polyesters",0.055,,
1995,356,India,575,"Other plastics, in primary forms",0.0941,,
1995,356,India,579,"Waste, parings and scrap, of plastics",0.0998,,
1995,356,India,581,"Tubes, pipes and hoses of plastics",0.3242,,
1995,356,India,582,"Plates, sheets, films, foil & strip, of plastics",0.9356,,
1995,356,India,583,"Monofilaments, of plastics, cross-section > 1mm",0.0692,,
1995,356,India,591,"Insectides &  similar products, for retail sale",2.3462,,
1995,356,India,592,"Starche, wheat gluten; albuminoidal substances; glues",0.2818,,
1995,356,India,593,Explosives and pyrotechnic products,0.5231,,
1995,356,India,597,"Prepared addit. for miner. oils; lubricat., de-icing",0.1001,,
1995,356,India,598,"Miscellaneous chemical products, n.e.s.",0.2763,,
1995,356,India,611,Leather,3.7592,,
1995,356,India,612,"Manufactures of leather, n.e.s.; saddlery & harness",15.5099,,
1995,356,India,621,"Materials of rubber (pastes, plates, sheets, etc.)",0.2393,,
1995,356,India,625,"Rubber tyres, tyre treads or flaps & inner tubes",1.6432,,
1995,356,India,629,"Articles of rubber, n.e.s.",0.7599,,
1995,356,India,633,Cork manufactures,0.0413,,
1995,356,India,634,"Veneers, plywood, and other wood, worked, n.e.s.",0.2706,,
1995,356,India,635,"Wood manufacture, n.e.s.",0.1022,,
1995,356,India,641,Paper and paperboard,0.2008,,
1995,356,India,642,"Paper & paperboard, cut to shape or size, articles",0.1302,,
1995,356,India,651,Textile yarn,6.4894,,
1995,356,India,652,"Cotton fabrics, woven",7.0027,,
1995,356,India,653,"Fabrics, woven, of man-made fabrics",1.912,,
1995,356,India,654,"Other textile fabrics, woven",3.006,,
1995,356,India,655,"Knitted or crocheted fabrics, n.e.s.",0.9259,,
1995,356,India,656,"Tulles, trimmings, lace, ribbons & other small wares",0.8455,,
1995,356,India,657,"Special yarn, special textile fabrics & related",0.4806,,
1995,356,India,658,"Made-up articles, of textile materials, n.e.s.",7.8058,,
1995,356,India,659,"Floor coverings, etc.",10.2284,,
1995,356,India,661,"Lime, cement, fabrica. constr. mat. (excludingglass, clay)",3.2882,,
1995,356,India,662,"Clay construction, refracto. construction materials",0.2807,,
1995,356,India,663,"Mineral manufactures, n.e.s.",0.2483,,
1995,356,India,664,Glass,0.5291,,
1995,356,India,665,Glassware,0.5693,,
1995,356,India,666,Pottery,0.13,,
1995,356,India,667,"Pearls, precious & semi-precious stones",19.1037,,
1995,356,India,671,"Pig iron & spiegeleisen, sponge iron, powder & granu",3.6941,,
1995,356,India,672,"Ingots, primary forms, of iron or steel; semi-finis.",0.9113,,
1995,356,India,673,"Flat-rolled prod., iron, non-alloy steel, not coated",0.4241,,
1995,356,India,674,"Flat-rolled prod., iron, non-alloy steel, coated, clad",0.9434,,
1995,356,India,675,Flat-rolled products of alloy steel,0.2789,,
1995,356,India,676,"Iron & steel bars, rods, angles, shapes & sections",1.2612,,
1995,356,India,677,"Rails & railway track construction mat., iron, steel",0.6084,,
1995,356,India,678,Wire of iron or steel,2.6184,,
1995,356,India,679,"Tubes, pipes & hollow profiles, fittings, iron, steel",0.6312,,
1995,356,India,681,"Silver, platinum, other metals of the platinum group",0.0148,,
1995,356,India,682,Copper,0.1028,,
1995,356,India,683,Nickel,0.0202,,
1995,356,India,684,Aluminium,0.4297,,
1995,356,India,685,Lead,0.3535,,
1995,356,India,686,Zinc,0.0152,,
1995,356,India,687,Tin,0.3062,,
1995,356,India,689,Miscellaneous no-ferrous base metals for metallur.,0.0702,,
1995,356,India,691,"Structures & parts, n.e.s., of iron, steel, aluminium",0.4943,,
1995,356,India,692,Metal containers for storage or transport,0.2795,,
1995,356,India,693,Wire products (excluding electrical) and fencing grills,0.9334,,
1995,356,India,694,"Nails, screws, nuts, bolts, rivets & the like, of metal",0.7441,,
1995,356,India,695,Tools for use in the hand or in machine,1.0981,,
1995,356,India,696,Cutlery,1.217,,
1995,356,India,697,"Household equipment of base metal, n.e.s.",1.9139,,
1995,356,India,699,"Manufactures of base metal, n.e.s.",0.9617,,
1995,356,India,711,"Vapour generating boilers, auxiliary plant; parts",0.46,,
1995,356,India,712,"Steam turbines & other vapour turbin., parts, n.e.s.",0.2586,,
1995,356,India,713,"Internal combustion piston engines, parts, n.e.s.",0.3418,,
1995,356,India,714,"Engines & motors, non-electric; parts, n.e.s.",0.0212,,
1995,356,India,716,"Rotating electric plant & parts thereof, n.e.s.",0.219,,
1995,356,India,718,"Other power generating machinery & parts, n.e.s.",0.1053,,
1995,356,India,721,Agricultural machinery (excluding tractors) & parts,0.173,,
1995,356,India,722,Tractors (excluding those of 71414 & 74415),0.3356,,
1995,356,India,723,Civil engineering & contractors' plant & equipment,0.0646,,
1995,356,India,724,"Textile & leather machinery, & parts thereof, n.e.s.",0.4521,,
1995,356,India,725,"Paper mill, pulp mill machinery; paper articles man.",0.1495,,
1995,356,India,726,"Printing & bookbinding machinery, & parts thereof",0.2202,,
1995,356,India,727,Food-processing machines (excluding domestic),0.9571,,
1995,356,India,728,"Other machinery for particular industries, n.e.s.",0.1756,,
1995,356,India,731,Machine-tools working by removing material,0.1845,,
1995,356,India,733,"Mach.-tools for working metal, excluding removing mate.",0.257,,
1995,356,India,735,"Parts, n.e.s., & accessories for machines of 731, 733",0.3825,,
1995,356,India,737,Metalworking machinery (excludingmachine-tools) & parts,0.2387,,
1995,356,India,741,"Heating & cooling equipment & parts thereof, n.e.s.",0.1239,,
1995,356,India,742,Pumps for liquids,0.2983,,
1995,356,India,743,"Pumps (excluding liquid), gas compressors & fans; centr.",0.1968,,
1995,356,India,744,"Mechanical handling equipment, & parts, n.e.s.",0.121,,
1995,356,India,745,"Other non-electr. machinery, tools & mechan. appar.",0.1732,,
1995,356,India,746,Ball or roller bearings,0.2144,,
1995,356,India,747,"Appliances for pipes, boiler shells, tanks, vats, etc.",0.2163,,
1995,356,India,748,Transmis. shafts,0.2694,,
1995,356,India,749,"Non-electric parts & accessor. of machinery, n.e.s.",0.1572,,
1995,356,India,751,Office machines,0.0735,,
1995,356,India,752,"Automatic data processing machines, n.e.s.",0.1128,,
1995,356,India,759,"Parts, accessories for machines of groups 751, 752",0.2003,,
1995,356,India,761,"Television receivers, whether or not combined",0.2584,,
1995,356,India,762,"Radio-broadcast receivers, whether or not combined",0.0048,,
1995,356,India,763,Sound recorders or reproducers,0.0424,,
1995,356,India,764,"Telecommunication equipment, n.e.s.; & parts, n.e.s.",0.1246,,
1995,356,India,771,"Electric power machinery, and parts thereof",0.3199,,
1995,356,India,772,"Apparatus for electrical circuits; board, panels",0.2222,,
1995,356,India,773,"Equipment for distributing electricity, n.e.s.",0.2424,,
1995,356,India,774,"Electro-diagnostic appa. for medical sciences, etc.",0.2066,,
1995,356,India,775,"Household type equipment, electrical or not, n.e.s.",0.0631,,
1995,356,India,776,Cathode valves & tubes,0.0889,,
1995,356,India,778,"Electrical machinery & apparatus, n.e.s.",0.215,,
1995,356,India,781,Motor vehicles for the transport of persons,0.1252,,
1995,356,India,782,"Motor vehic. for transport of goods, special purpo.",0.1341,,
1995,356,India,783,"Road motor vehicles, n.e.s.",0.5292,,
1995,356,India,784,"Parts & accessories of vehicles of 722, 781, 782, 783",0.3947,,
1995,356,India,785,Motorcycles & cycles,2.823,,
1995,356,India,786,Trailers & semi-trailers,0.0524,,
1995,356,India,791,Railway vehicles & associated equipment,0.2352,,
1995,356,India,792,"Aircraft & associated equipment; spacecraft, etc.",0.0171,,
1995,356,India,793,"Ships, boats & floating structures",0.0018,,
1995,356,India,811,Prefabricated buildings,0.0012,,
1995,356,India,812,"Sanitary, plumbing, heating fixtures, fittings, n.e.s.",0.4887,,
1995,356,India,813,"Lighting fixtures & fittings, n.e.s.",0.088,,
1995,356,India,821,Furniture & parts,0.0411,,
1995,356,India,831,"Travel goods, handbags & similar containers",3.3294,,
1995,356,India,841,"Men's clothing of textile fabrics, not knitted",3.9766,,
1995,356,India,842,"Women's clothing, of textile fabrics",6.577,,
1995,356,India,843,"Men's or boy's clothing, of textile, knitted, croche.",9.2347,,
1995,356,India,844,"Women's clothing, of textile, knitted or crocheted",2.381,,
1995,356,India,845,"Articles of apparel, of textile fabrics, n.e.s.",1.2532,,
1995,356,India,846,"Clothing accessories, of textile fabrics",2.3828,,
1995,356,India,848,"Articles of apparel, clothing access., excluding textile",5.6188,,
1995,356,India,851,Footwear,2.0334,,
1995,356,India,871,"Optical instruments & apparatus, n.e.s.",0.0385,,
1995,356,India,872,"Instruments & appliances, n.e.s., for medical, etc.",0.1574,,
1995,356,India,873,"Meters & counters, n.e.s.",0.058,,
1995,356,India,874,"Measuring, analysing & controlling apparatus, n.e.s.",0.0848,,
1995,356,India,881,"Photographic apparatus & equipment, n.e.s.",0.0237,,
1995,356,India,882,Cinematographic & photographic supplies,0.0448,,
1995,356,India,883,"Cinematograph films, exposed & developed",5.4779,,
1995,356,India,884,"Optical goods, n.e.s.",0.1498,,
1995,356,India,885,Watches & clocks,0.213,,
1995,356,India,891,Arms & ammunition,0.0068,,
1995,356,India,892,Printed matter,0.2428,,
1995,356,India,893,"Articles, n.e.s., of plastics",0.8443,,
1995,356,India,894,"Baby carriages, toys, games & sporting goods",0.3062,,
1995,356,India,895,"Office & stationery supplies, n.e.s.",1.2428,,
1995,356,India,896,"Works of art, collectors' pieces & antiques",0.041,,
1995,356,India,897,"Jewellery & articles of precious materia., n.e.s.",4.1734,,
1995,356,India,898,"Musical instruments, parts; records, tapes & similar",0.8865,,
1995,356,India,899,"Miscellaneous manufactured articles, n.e.s.",0.4433,,
1995,356,India,961,"Coin (other than gold coin), not being legal tender",0.0046,,
1996,356,India,001,Live animals other than animals of division 03,0.029,,
1996,356,India,011,"Meat of bovine animals, fresh, chilled or frozen",2.0092,,
1996,356,India,012,Other meat and edible meat offal,0.1159,,
1996,356,India,016,"Meat, edible meat offal, salted, dried; flours, meals",0.0131,,
1996,356,India,017,"Meat, edible meat offal, prepared, preserved, n.e.s.",0.0316,,
1996,356,India,022,"Milk, cream and milk products (excluding butter, cheese)",0.0167,,
1996,356,India,023,Butter and other fats and oils derived from milk,0.0684,,
1996,356,India,024,Cheese and curd,0.0023,,
1996,356,India,025,"Birds' eggs, and eggs' yolks; egg albumin",2.4033,,
1996,356,India,034,"Fish, fresh (live or dead), chilled or frozen",1.8738,,
1996,356,India,035,"Fish, dried, salted or in brine; smoked fish",0.2504,,
1996,356,India,036,"Crustaceans, mollusks and aquatic invertebrates",8.4661,,
1996,356,India,037,"Fish, aqua. invertebrates, prepared, preserved, n.e.s.",0.1111,,
1996,356,India,041,"Wheat (including spelt) and meslin, unmilled",1.6539,,
1996,356,India,042,Rice,19.198,,
1996,356,India,043,"Barley, unmilled",0.0017,,
1996,356,India,044,"Maize (not including sweet corn), unmilled",0.1327,,
1996,356,India,045,"Cereals, unmilled (excluding wheat, rice, barley, maize)",0.2361,,
1996,356,India,046,Meal and flour of wheat and flour of meslin,7.2823,,
1996,356,India,047,Other cereal meals and flour,0.5859,,
1996,356,India,048,"Cereal preparations, flour of fruits or vegetables",0.099,,
1996,356,India,054,Vegetables,1.1089,,
1996,356,India,056,"Vegetables, roots, tubers, prepared, preserved, n.e.s.",0.5767,,
1996,356,India,057,"Fruits and nuts (excluding oil nuts), fresh or dried",2.3411,,
1996,356,India,058,"Fruit, preserved, and fruit preparations (no juice)",1.0315,,
1996,356,India,059,"Fruit and vegetable juices, unfermented, no spirit",0.0208,,
1996,356,India,061,"Sugar, molasses and honey",2.9668,,
1996,356,India,062,Sugar confectionery,0.0748,,
1996,356,India,071,Coffee and coffee substitutes,4.5066,,
1996,356,India,072,Cocoa,0.029,,
1996,356,India,073,"Chocolate, food preparations with cocoa, n.e.s.",0.0313,,
1996,356,India,074,Tea and mate,18.1166,,
1996,356,India,075,Spices,19.4494,,
1996,356,India,081,Feeding stuff for animals (no unmilled cereals),6.3806,,
1996,356,India,091,Margarine and shortening,0.687,,
1996,356,India,098,"Edible products and preparations, n.e.s.",0.3527,,
1996,356,India,111,"Non-alcoholic beverages, n.e.s.",0.0058,,
1996,356,India,112,Alcoholic beverages,0.0695,,
1996,356,India,121,"Tobacco, unmanufactured; tobacco refuse",4.4738,,
1996,356,India,122,"Tobacco, manufactured",0.2069,,
1996,356,India,211,"Hides and skins (except furskins), raw",0.0087,,
1996,356,India,222,Oil seeds and oleaginous fruits (excluding flour),1.7252,,
1996,356,India,223,"Oil seeds & oleaginous fruits (incl. flour, n.e.s.)",4.8125,,
1996,356,India,231,"Natural rubber & similar gums, in primary forms",0.1035,,
1996,356,India,232,Synthetic rubber,0.16,,
1996,356,India,244,"Cork, natural, raw & waste (incl. blocks, sheets)",0.0374,,
1996,356,India,245,Fuel wood (excluding wood waste) and wood charcoal,0.1568,,
1996,356,India,247,Wood in the rough or roughly squared,0.0308,,
1996,356,India,248,"Wood simply worked, and railway sleepers of wood",0.0069,,
1996,356,India,251,Pulp and waste paper,0.006,,
1996,356,India,261,Silk,1.8071,,
1996,356,India,263,Cotton,5.7144,,
1996,356,India,264,"Jute, other textile bast fibre, n.e.s., not spun; tow",2.0575,,
1996,356,India,265,"Vegetable textile fibres, not spun; waste of them",0.2235,,
1996,356,India,266,Synthetic fibres suitable for spinning,0.4729,,
1996,356,India,267,Other man-made fibres suitable for spinning,0.2092,,
1996,356,India,268,Wool and other animal hair (incl. wool tops),0.0558,,
1996,356,India,269,Worn clothing and other worn textile articles,0.0825,,
1996,356,India,272,Crude fertilizers (excluding those of division 56),0.0111,,
1996,356,India,273,"Stone, sand and gravel",8.4422,,
1996,356,India,274,Sulphur and unroasted iron pyrites,0.0376,,
1996,356,India,277,"Natural abrasives, n.e.s. (incl. industri. diamonds)",3.5889,,
1996,356,India,278,Other crude minerals,0.9469,,
1996,356,India,281,Iron ore and concentrates,7.9273,,
1996,356,India,282,"Ferrous waste, scrape; remelting ingots, iron, steel",0.1563,,
1996,356,India,283,"Copper ores and concentrates; copper mattes, cemen",0.0027,,
1996,356,India,284,"Nickel ores & concentrates; nickel mattes, etc.",0.0022,,
1996,356,India,285,Aluminium ores and concentrates (incl. alumina),3.3611,,
1996,356,India,287,"Ores and concentrates of base metals, n.e.s.",2.7108,,
1996,356,India,288,"Non-ferrous base metal waste and scrap, n.e.s.",0.0735,,
1996,356,India,291,"Crude animal materials, n.e.s.",2.0922,,
1996,356,India,292,"Crude vegetable materials, n.e.s.",2.9107,,
1996,356,India,321,"Coal, whether or not pulverized, not agglomerated",0.1736,,
1996,356,India,322,"Briquettes, lignites and peat",0.0447,,
1996,356,India,325,"Coke & semi-cokes of coal, lign., peat; retort carbon",0.0683,,
1996,356,India,334,Petroleum oils or bituminous minerals > 70 % oil,0.6708,,
1996,356,India,335,"Residual petroleum products, n.e.s., related mater.",0.1851,,
1996,356,India,342,Liquefied propane and butane,0.0008,,
1996,356,India,343,"Natural gas, whether or not liquefied",0.0001,,
1996,356,India,344,"Petroleum gases, other gaseous hydrocarbons, n.e.s.",0.0038,,
1996,356,India,345,"Coal gas, water gas & similar gases (excludinghydrocar.)",14.9202,,
1996,356,India,411,Animals oils and fats,0.0214,,
1996,356,India,421,"Fixed vegetable fats & oils, crude, refined, fractio.",0.0257,,
1996,356,India,422,"Fixed vegetable fats & oils, crude, refined, fract.",3.2276,,
1996,356,India,431,"Animal or veg. oils & fats, processed, n.e.s.; mixt.",1.3014,,
1996,356,India,511,"Hydrocarbons, n.e.s., & halogenated, nitr. derivative",0.8036,,
1996,356,India,512,"Alcohols, phenols, halogenat., sulfonat., nitrat. der.",2.1403,,
1996,356,India,513,"Carboxylic acids, anhydrides, halides, per.; derivati.",1.0151,,
1996,356,India,514,Nitrogen-function compounds,1.6612,,
1996,356,India,515,"Organo-inorganic, heterocycl. compounds, nucl. acids",0.4355,,
1996,356,India,516,Other organic chemicals,3.1399,,
1996,356,India,522,"Inorganic chemical elements, oxides & halogen salts",0.6584,,
1996,356,India,523,"Metallic salts & peroxysalts, of inorganic acids",0.8923,,
1996,356,India,524,Other inorganic chemicals,0.824,,
1996,356,India,525,Radio-actives and associated materials,0.0175,,
1996,356,India,531,Synth. organic colouring matter & colouring lakes,6.4514,,
1996,356,India,532,"Dyeing & tanning extracts, synth. tanning materials",1.3383,,
1996,356,India,533,"Pigments, paints, varnishes and related materials",0.1596,,
1996,356,India,541,"Medicinal and pharmaceutical products, excluding 542",1,,
1996,356,India,542,Medicaments (incl. veterinary medicaments),2.0105,,
1996,356,India,551,"Essential oils, perfume & flavour materials",1.4798,,
1996,356,India,553,"Perfumery, cosmetics or toilet prepar. (excluding soaps)",0.6648,,
1996,356,India,554,"Soaps, cleansing and polishing preparations",0.405,,
1996,356,India,562,Fertilizers (other than those of group 272),0.2,,
1996,356,India,571,"Polymers of ethylene, in primary forms",0.1494,,
1996,356,India,572,"Polymers of styrene, in primary forms",0.1898,,
1996,356,India,573,Polymers of vinyl chloride or halogenated olefins,0.4019,,
1996,356,India,574,"Polyethers, epoxide resins; polycarbonat., polyesters",0.1358,,
1996,356,India,575,"Other plastics, in primary forms",0.1368,,
1996,356,India,579,"Waste, parings and scrap, of plastics",0.0498,,
1996,356,India,581,"Tubes, pipes and hoses of plastics",0.3395,,
1996,356,India,582,"Plates, sheets, films, foil & strip, of plastics",0.7593,,
1996,356,India,583,"Monofilaments, of plastics, cross-section > 1mm",0.1081,,
1996,356,India,591,"Insectides &  similar products, for retail sale",2.799,,
1996,356,India,592,"Starche, wheat gluten; albuminoidal substances; glues",0.3996,,
1996,356,India,593,Explosives and pyrotechnic products,1.1442,,
1996,356,India,597,"Prepared addit. for miner. oils; lubricat., de-icing",0.0881,,
1996,356,India,598,"Miscellaneous chemical products, n.e.s.",0.2406,,
1996,356,India,611,Leather,2.9438,,
1996,356,India,612,"Manufactures of leather, n.e.s.; saddlery & harness",13.5432,,
1996,356,India,621,"Materials of rubber (pastes, plates, sheets, etc.)",0.2204,,
1996,356,India,625,"Rubber tyres, tyre treads or flaps & inner tubes",1.5675,,
1996,356,India,629,"Articles of rubber, n.e.s.",0.8576,,
1996,356,India,633,Cork manufactures,0.0233,,
1996,356,India,634,"Veneers, plywood, and other wood, worked, n.e.s.",0.2812,,
1996,356,India,635,"Wood manufacture, n.e.s.",0.0946,,
1996,356,India,641,Paper and paperboard,0.1644,,
1996,356,India,642,"Paper & paperboard, cut to shape or size, articles",0.1845,,
1996,356,India,651,Textile yarn,8.5793,,
1996,356,India,652,"Cotton fabrics, woven",7.1435,,
1996,356,India,653,"Fabrics, woven, of man-made fabrics",1.6409,,
1996,356,India,654,"Other textile fabrics, woven",3.1869,,
1996,356,India,655,"Knitted or crocheted fabrics, n.e.s.",0.7325,,
1996,356,India,656,"Tulles, trimmings, lace, ribbons & other small wares",1.1124,,
1996,356,India,657,"Special yarn, special textile fabrics & related",0.5954,,
1996,356,India,658,"Made-up articles, of textile materials, n.e.s.",8.468,,
1996,356,India,659,"Floor coverings, etc.",10.3148,,
1996,356,India,661,"Lime, cement, fabrica. constr. mat. (excludingglass, clay)",3.3825,,
1996,356,India,662,"Clay construction, refracto. construction materials",0.2784,,
1996,356,India,663,"Mineral manufactures, n.e.s.",0.3108,,
1996,356,India,664,Glass,0.3136,,
1996,356,India,665,Glassware,0.4816,,
1996,356,India,666,Pottery,0.1115,,
1996,356,India,667,"Pearls, precious & semi-precious stones",15.9596,,
1996,356,India,671,"Pig iron & spiegeleisen, sponge iron, powder & granu",2.6497,,
1996,356,India,672,"Ingots, primary forms, of iron or steel; semi-finis.",1.0667,,
1996,356,India,673,"Flat-rolled prod., iron, non-alloy steel, not coated",0.6016,,
1996,356,India,674,"Flat-rolled prod., iron, non-alloy steel, coated, clad",1.5887,,
1996,356,India,675,Flat-rolled products of alloy steel,0.2482,,
1996,356,India,676,"Iron & steel bars, rods, angles, shapes & sections",1.4431,,
1996,356,India,677,"Rails & railway track construction mat., iron, steel",0.4906,,
1996,356,India,678,Wire of iron or steel,2.6303,,
1996,356,India,679,"Tubes, pipes & hollow profiles, fittings, iron, steel",0.7306,,
1996,356,India,681,"Silver, platinum, other metals of the platinum group",0.0313,,
1996,356,India,682,Copper,0.102,,
1996,356,India,683,Nickel,0.0738,,
1996,356,India,684,Aluminium,0.6549,,
1996,356,India,685,Lead,0.2708,,
1996,356,India,686,Zinc,0.0575,,
1996,356,India,687,Tin,1.1644,,
1996,356,India,689,Miscellaneous no-ferrous base metals for metallur.,0.0939,,
1996,356,India,691,"Structures & parts, n.e.s., of iron, steel, aluminium",0.886,,
1996,356,India,692,Metal containers for storage or transport,0.2977,,
1996,356,India,693,Wire products (excluding electrical) and fencing grills,0.914,,
1996,356,India,694,"Nails, screws, nuts, bolts, rivets & the like, of metal",0.713,,
1996,356,India,695,Tools for use in the hand or in machine,1.0695,,
1996,356,India,696,Cutlery,1.3226,,
1996,356,India,697,"Household equipment of base metal, n.e.s.",2.0119,,
1996,356,India,699,"Manufactures of base metal, n.e.s.",0.9404,,
1996,356,India,711,"Vapour generating boilers, auxiliary plant; parts",0.7882,,
1996,356,India,712,"Steam turbines & other vapour turbin., parts, n.e.s.",0.3434,,
1996,356,India,713,"Internal combustion piston engines, parts, n.e.s.",0.3563,,
1996,356,India,714,"Engines & motors, non-electric; parts, n.e.s.",0.057,,
1996,356,India,716,"Rotating electric plant & parts thereof, n.e.s.",0.3181,,
1996,356,India,718,"Other power generating machinery & parts, n.e.s.",0.1655,,
1996,356,India,721,Agricultural machinery (excluding tractors) & parts,0.1685,,
1996,356,India,722,Tractors (excluding those of 71414 & 74415),0.39,,
1996,356,India,723,Civil engineering & contractors' plant & equipment,0.0797,,
1996,356,India,724,"Textile & leather machinery, & parts thereof, n.e.s.",0.6135,,
1996,356,India,725,"Paper mill, pulp mill machinery; paper articles man.",0.1684,,
1996,356,India,726,"Printing & bookbinding machinery, & parts thereof",0.2491,,
1996,356,India,727,Food-processing machines (excluding domestic),0.4918,,
1996,356,India,728,"Other machinery for particular industries, n.e.s.",0.2045,,
1996,356,India,731,Machine-tools working by removing material,0.138,,
1996,356,India,733,"Mach.-tools for working metal, excluding removing mate.",0.1666,,
1996,356,India,735,"Parts, n.e.s., & accessories for machines of 731, 733",0.408,,
1996,356,India,737,Metalworking machinery (excludingmachine-tools) & parts,0.2974,,
1996,356,India,741,"Heating & cooling equipment & parts thereof, n.e.s.",0.1669,,
1996,356,India,742,Pumps for liquids,0.384,,
1996,356,India,743,"Pumps (excluding liquid), gas compressors & fans; centr.",0.2191,,
1996,356,India,744,"Mechanical handling equipment, & parts, n.e.s.",0.1303,,
1996,356,India,745,"Other non-electr. machinery, tools & mechan. appar.",0.1949,,
1996,356,India,746,Ball or roller bearings,0.2309,,
1996,356,India,747,"Appliances for pipes, boiler shells, tanks, vats, etc.",0.2507,,
1996,356,India,748,Transmis. shafts,0.3075,,
1996,356,India,749,"Non-electric parts & accessor. of machinery, n.e.s.",0.2174,,
1996,356,India,751,Office machines,0.0854,,
1996,356,India,752,"Automatic data processing machines, n.e.s.",0.1635,,
1996,356,India,759,"Parts, accessories for machines of groups 751, 752",0.1917,,
1996,356,India,761,"Television receivers, whether or not combined",0.3136,,
1996,356,India,762,"Radio-broadcast receivers, whether or not combined",0.003,,
1996,356,India,763,Sound recorders or reproducers,0.1793,,
1996,356,India,764,"Telecommunication equipment, n.e.s.; & parts, n.e.s.",0.0807,,
1996,356,India,771,"Electric power machinery, and parts thereof",0.3604,,
1996,356,India,772,"Apparatus for electrical circuits; board, panels",0.2366,,
1996,356,India,773,"Equipment for distributing electricity, n.e.s.",0.2837,,
1996,356,India,774,"Electro-diagnostic appa. for medical sciences, etc.",0.1836,,
1996,356,India,775,"Household type equipment, electrical or not, n.e.s.",0.0735,,
1996,356,India,776,Cathode valves & tubes,0.1228,,
1996,356,India,778,"Electrical machinery & apparatus, n.e.s.",0.252,,
1996,356,India,781,Motor vehicles for the transport of persons,0.1535,,
1996,356,India,782,"Motor vehic. for transport of goods, special purpo.",0.1905,,
1996,356,India,783,"Road motor vehicles, n.e.s.",0.466,,
1996,356,India,784,"Parts & accessories of vehicles of 722, 781, 782, 783",0.3745,,
1996,356,India,785,Motorcycles & cycles,2.0996,,
1996,356,India,786,Trailers & semi-trailers,0.1161,,
1996,356,India,791,Railway vehicles & associated equipment,0.3021,,
1996,356,India,792,"Aircraft & associated equipment; spacecraft, etc.",0.0155,,
1996,356,India,793,"Ships, boats & floating structures",0.1741,,
1996,356,India,811,Prefabricated buildings,0.0004,,
1996,356,India,812,"Sanitary, plumbing, heating fixtures, fittings, n.e.s.",0.4621,,
1996,356,India,813,"Lighting fixtures & fittings, n.e.s.",0.0865,,
1996,356,India,821,Furniture & parts,0.0418,,
1996,356,India,831,"Travel goods, handbags & similar containers",2.552,,
1996,356,India,841,"Men's clothing of textile fabrics, not knitted",3.9511,,
1996,356,India,842,"Women's clothing, of textile fabrics",6.3942,,
1996,356,India,843,"Men's or boy's clothing, of textile, knitted, croche.",5.6311,,
1996,356,India,844,"Women's clothing, of textile, knitted or crocheted",2.5174,,
1996,356,India,845,"Articles of apparel, of textile fabrics, n.e.s.",1.696,,
1996,356,India,846,"Clothing accessories, of textile fabrics",1.8716,,
1996,356,India,848,"Articles of apparel, clothing access., excluding textile",5.6691,,
1996,356,India,851,Footwear,1.8438,,
1996,356,India,871,"Optical instruments & apparatus, n.e.s.",0.0334,,
1996,356,India,872,"Instruments & appliances, n.e.s., for medical, etc.",0.166,,
1996,356,India,873,"Meters & counters, n.e.s.",0.039,,
1996,356,India,874,"Measuring, analysing & controlling apparatus, n.e.s.",0.0994,,
1996,356,India,881,"Photographic apparatus & equipment, n.e.s.",0.0949,,
1996,356,India,882,Cinematographic & photographic supplies,0.0452,,
1996,356,India,883,"Cinematograph films, exposed & developed",5.9882,,
1996,356,India,884,"Optical goods, n.e.s.",0.1845,,
1996,356,India,885,Watches & clocks,0.2399,,
1996,356,India,891,Arms & ammunition,0.0193,,
1996,356,India,892,Printed matter,0.2654,,
1996,356,India,893,"Articles, n.e.s., of plastics",0.59,,
1996,356,India,894,"Baby carriages, toys, games & sporting goods",0.3068,,
1996,356,India,895,"Office & stationery supplies, n.e.s.",1.1264,,
1996,356,India,896,"Works of art, collectors' pieces & antiques",0.04,,
1996,356,India,897,"Jewellery & articles of precious materia., n.e.s.",4.3983,,
1996,356,India,898,"Musical instruments, parts; records, tapes & similar",0.8307,,
1996,356,India,899,"Miscellaneous manufactured articles, n.e.s.",0.5328,,
1997,356,India,001,Live animals other than animals of division 03,0.0059,,
1997,356,India,011,"Meat of bovine animals, fresh, chilled or frozen",2.2081,,
1997,356,India,012,Other meat and edible meat offal,0.1057,,
1997,356,India,016,"Meat, edible meat offal, salted, dried; flours, meals",0.0117,,
1997,356,India,017,"Meat, edible meat offal, prepared, preserved, n.e.s.",0.0153,,
1997,356,India,022,"Milk, cream and milk products (excluding butter, cheese)",0.0317,,
1997,356,India,023,Butter and other fats and oils derived from milk,0.0385,,
1997,356,India,024,Cheese and curd,0.0009,,
1997,356,India,025,"Birds' eggs, and eggs' yolks; egg albumin",2.3948,,
1997,356,India,034,"Fish, fresh (live or dead), chilled or frozen",2.1418,,
1997,356,India,035,"Fish, dried, salted or in brine; smoked fish",0.2596,,
1997,356,India,036,"Crustaceans, mollusks and aquatic invertebrates",8.8984,,
1997,356,India,037,"Fish, aqua. invertebrates, prepared, preserved, n.e.s.",0.0384,,
1997,356,India,042,Rice,19.0671,,
1997,356,India,044,"Maize (not including sweet corn), unmilled",0.0069,,
1997,356,India,045,"Cereals, unmilled (excluding wheat, rice, barley, maize)",0.3005,,
1997,356,India,046,Meal and flour of wheat and flour of meslin,0.3095,,
1997,356,India,047,Other cereal meals and flour,0.6785,,
1997,356,India,048,"Cereal preparations, flour of fruits or vegetables",0.1634,,
1997,356,India,054,Vegetables,1.5449,,
1997,356,India,056,"Vegetables, roots, tubers, prepared, preserved, n.e.s.",0.665,,
1997,356,India,057,"Fruits and nuts (excluding oil nuts), fresh or dried",2.3831,,
1997,356,India,058,"Fruit, preserved, and fruit preparations (no juice)",1.3007,,
1997,356,India,059,"Fruit and vegetable juices, unfermented, no spirit",0.0541,,
1997,356,India,061,"Sugar, molasses and honey",0.8062,,
1997,356,India,062,Sugar confectionery,0.0769,,
1997,356,India,071,Coffee and coffee substitutes,4.1903,,
1997,356,India,072,Cocoa,0.0117,,
1997,356,India,073,"Chocolate, food preparations with cocoa, n.e.s.",0.0438,,
1997,356,India,074,Tea and mate,25.4291,,
1997,356,India,075,Spices,18.7869,,
1997,356,India,081,Feeding stuff for animals (no unmilled cereals),5.9532,,
1997,356,India,091,Margarine and shortening,0.4147,,
1997,356,India,098,"Edible products and preparations, n.e.s.",0.3347,,
1997,356,India,111,"Non-alcoholic beverages, n.e.s.",0.0245,,
1997,356,India,112,Alcoholic beverages,0.0476,,
1997,356,India,121,"Tobacco, unmanufactured; tobacco refuse",5.3778,,
1997,356,India,122,"Tobacco, manufactured",0.3355,,
1997,356,India,211,"Hides and skins (except furskins), raw",0.0084,,
1997,356,India,222,Oil seeds and oleaginous fruits (excluding flour),2.2518,,
1997,356,India,223,"Oil seeds & oleaginous fruits (incl. flour, n.e.s.)",3.5457,,
1997,356,India,231,"Natural rubber & similar gums, in primary forms",0.0468,,
1997,356,India,232,Synthetic rubber,0.1058,,
1997,356,India,244,"Cork, natural, raw & waste (incl. blocks, sheets)",0.0229,,
1997,356,India,245,Fuel wood (excluding wood waste) and wood charcoal,0.0718,,
1997,356,India,247,Wood in the rough or roughly squared,0.0112,,
1997,356,India,248,"Wood simply worked, and railway sleepers of wood",0.0028,,
1997,356,India,251,Pulp and waste paper,0.0077,,
1997,356,India,261,Silk,3.6072,,
1997,356,India,263,Cotton,3.1098,,
1997,356,India,264,"Jute, other textile bast fibre, n.e.s., not spun; tow",3.2198,,
1997,356,India,265,"Vegetable textile fibres, not spun; waste of them",0.5363,,
1997,356,India,266,Synthetic fibres suitable for spinning,0.4437,,
1997,356,India,267,Other man-made fibres suitable for spinning,0.2137,,
1997,356,India,268,Wool and other animal hair (incl. wool tops),0.1429,,
1997,356,India,269,Worn clothing and other worn textile articles,0.1335,,
1997,356,India,272,Crude fertilizers (excluding those of division 56),0.0261,,
1997,356,India,273,"Stone, sand and gravel",4.8436,,
1997,356,India,274,Sulphur and unroasted iron pyrites,0.0443,,
1997,356,India,277,"Natural abrasives, n.e.s. (incl. industri. diamonds)",2.201,,
1997,356,India,278,Other crude minerals,0.8352,,
1997,356,India,281,Iron ore and concentrates,7.1326,,
1997,356,India,282,"Ferrous waste, scrape; remelting ingots, iron, steel",0.1066,,
1997,356,India,284,"Nickel ores & concentrates; nickel mattes, etc.",0.0107,,
1997,356,India,285,Aluminium ores and concentrates (incl. alumina),2.809,,
1997,356,India,287,"Ores and concentrates of base metals, n.e.s.",2.1583,,
1997,356,India,288,"Non-ferrous base metal waste and scrap, n.e.s.",0.0084,,
1997,356,India,291,"Crude animal materials, n.e.s.",2.0899,,
1997,356,India,292,"Crude vegetable materials, n.e.s.",3.7312,,
1997,356,India,321,"Coal, whether or not pulverized, not agglomerated",0.1742,,
1997,356,India,322,"Briquettes, lignites and peat",0.0047,,
1997,356,India,325,"Coke & semi-cokes of coal, lign., peat; retort carbon",0.0286,,
1997,356,India,333,"Petroleum oils, oils from bitumin. materials, crude",0,,
1997,356,India,334,Petroleum oils or bituminous minerals > 70 % oil,0.4902,,
1997,356,India,335,"Residual petroleum products, n.e.s., related mater.",0.1851,,
1997,356,India,343,"Natural gas, whether or not liquefied",0.0253,,
1997,356,India,344,"Petroleum gases, other gaseous hydrocarbons, n.e.s.",0.0067,,
1997,356,India,345,"Coal gas, water gas & similar gases (excludinghydrocar.)",16.0754,,
1997,356,India,411,Animals oils and fats,0.011,,
1997,356,India,421,"Fixed vegetable fats & oils, crude, refined, fractio.",0.0957,,
1997,356,India,422,"Fixed vegetable fats & oils, crude, refined, fract.",2.532,,
1997,356,India,431,"Animal or veg. oils & fats, processed, n.e.s.; mixt.",1.2466,,
1997,356,India,511,"Hydrocarbons, n.e.s., & halogenated, nitr. derivative",0.8124,,
1997,356,India,512,"Alcohols, phenols, halogenat., sulfonat., nitrat. der.",1.5013,,
1997,356,India,513,"Carboxylic acids, anhydrides, halides, per.; derivati.",1.231,,
1997,356,India,514,Nitrogen-function compounds,2.0267,,
1997,356,India,515,"Organo-inorganic, heterocycl. compounds, nucl. acids",0.4693,,
1997,356,India,516,Other organic chemicals,4.3845,,
1997,356,India,522,"Inorganic chemical elements, oxides & halogen salts",0.5335,,
1997,356,India,523,"Metallic salts & peroxysalts, of inorganic acids",0.8786,,
1997,356,India,524,Other inorganic chemicals,0.8392,,
1997,356,India,525,Radio-actives and associated materials,0.0524,,
1997,356,India,531,Synth. organic colouring matter & colouring lakes,6.8459,,
1997,356,India,532,"Dyeing & tanning extracts, synth. tanning materials",2.0468,,
1997,356,India,533,"Pigments, paints, varnishes and related materials",0.2041,,
1997,356,India,541,"Medicinal and pharmaceutical products, excluding 542",1.2842,,
1997,356,India,542,Medicaments (incl. veterinary medicaments),2.056,,
1997,356,India,551,"Essential oils, perfume & flavour materials",1.3189,,
1997,356,India,553,"Perfumery, cosmetics or toilet prepar. (excluding soaps)",0.7217,,
1997,356,India,554,"Soaps, cleansing and polishing preparations",0.3395,,
1997,356,India,562,Fertilizers (other than those of group 272),0.0641,,
1997,356,India,571,"Polymers of ethylene, in primary forms",0.1538,,
1997,356,India,572,"Polymers of styrene, in primary forms",0.1503,,
1997,356,India,573,Polymers of vinyl chloride or halogenated olefins,0.5506,,
1997,356,India,574,"Polyethers, epoxide resins; polycarbonat., polyesters",0.1671,,
1997,356,India,575,"Other plastics, in primary forms",0.1439,,
1997,356,India,579,"Waste, parings and scrap, of plastics",0.0508,,
1997,356,India,581,"Tubes, pipes and hoses of plastics",0.3665,,
1997,356,India,582,"Plates, sheets, films, foil & strip, of plastics",0.687,,
1997,356,India,583,"Monofilaments, of plastics, cross-section > 1mm",0.1496,,
1997,356,India,591,"Insectides &  similar products, for retail sale",2.7548,,
1997,356,India,592,"Starche, wheat gluten; albuminoidal substances; glues",0.2038,,
1997,356,India,593,Explosives and pyrotechnic products,1.1063,,
1997,356,India,597,"Prepared addit. for miner. oils; lubricat., de-icing",0.1215,,
1997,356,India,598,"Miscellaneous chemical products, n.e.s.",0.7084,,
1997,356,India,611,Leather,2.8789,,
1997,356,India,612,"Manufactures of leather, n.e.s.; saddlery & harness",15.3415,,
1997,356,India,621,"Materials of rubber (pastes, plates, sheets, etc.)",0.2191,,
1997,356,India,625,"Rubber tyres, tyre treads or flaps & inner tubes",1.6504,,
1997,356,India,629,"Articles of rubber, n.e.s.",0.7901,,
1997,356,India,633,Cork manufactures,0.0329,,
1997,356,India,634,"Veneers, plywood, and other wood, worked, n.e.s.",0.2018,,
1997,356,India,635,"Wood manufacture, n.e.s.",0.0963,,
1997,356,India,641,Paper and paperboard,0.1191,,
1997,356,India,642,"Paper & paperboard, cut to shape or size, articles",0.1785,,
1997,356,India,651,Textile yarn,9.1134,,
1997,356,India,652,"Cotton fabrics, woven",6.7396,,
1997,356,India,653,"Fabrics, woven, of man-made fabrics",1.7482,,
1997,356,India,654,"Other textile fabrics, woven",4.015,,
1997,356,India,655,"Knitted or crocheted fabrics, n.e.s.",0.4709,,
1997,356,India,656,"Tulles, trimmings, lace, ribbons & other small wares",1.8958,,
1997,356,India,657,"Special yarn, special textile fabrics & related",0.4915,,
1997,356,India,658,"Made-up articles, of textile materials, n.e.s.",9.141,,
1997,356,India,659,"Floor coverings, etc.",9.2843,,
1997,356,India,661,"Lime, cement, fabrica. constr. mat. (excludingglass, clay)",3.8374,,
1997,356,India,662,"Clay construction, refracto. construction materials",0.2585,,
1997,356,India,663,"Mineral manufactures, n.e.s.",0.2684,,
1997,356,India,664,Glass,0.2915,,
1997,356,India,665,Glassware,0.4451,,
1997,356,India,666,Pottery,0.0705,,
1997,356,India,667,"Pearls, precious & semi-precious stones",16.0876,,
1997,356,India,671,"Pig iron & spiegeleisen, sponge iron, powder & granu",3.1777,,
1997,356,India,672,"Ingots, primary forms, of iron or steel; semi-finis.",0.9469,,
1997,356,India,673,"Flat-rolled prod., iron, non-alloy steel, not coated",0.6832,,
1997,356,India,674,"Flat-rolled prod., iron, non-alloy steel, coated, clad",2.579,,
1997,356,India,675,Flat-rolled products of alloy steel,0.2899,,
1997,356,India,676,"Iron & steel bars, rods, angles, shapes & sections",1.364,,
1997,356,India,677,"Rails & railway track construction mat., iron, steel",2.089,,
1997,356,India,678,Wire of iron or steel,1.9552,,
1997,356,India,679,"Tubes, pipes & hollow profiles, fittings, iron, steel",0.8707,,
1997,356,India,681,"Silver, platinum, other metals of the platinum group",0.0409,,
1997,356,India,682,Copper,0.1012,,
1997,356,India,683,Nickel,0.0629,,
1997,356,India,684,Aluminium,0.7338,,
1997,356,India,685,Lead,0.1615,,
1997,356,India,686,Zinc,0.198,,
1997,356,India,687,Tin,0.9327,,
1997,356,India,689,Miscellaneous no-ferrous base metals for metallur.,0.0765,,
1997,356,India,691,"Structures & parts, n.e.s., of iron, steel, aluminium",0.5472,,
1997,356,India,692,Metal containers for storage or transport,0.2138,,
1997,356,India,693,Wire products (excluding electrical) and fencing grills,1.7716,,
1997,356,India,694,"Nails, screws, nuts, bolts, rivets & the like, of metal",0.6247,,
1997,356,India,695,Tools for use in the hand or in machine,0.9713,,
1997,356,India,696,Cutlery,1.5424,,
1997,356,India,697,"Household equipment of base metal, n.e.s.",2.1779,,
1997,356,India,699,"Manufactures of base metal, n.e.s.",1.0314,,
1997,356,India,711,"Vapour generating boilers, auxiliary plant; parts",0.7352,,
1997,356,India,712,"Steam turbines & other vapour turbin., parts, n.e.s.",0.3581,,
1997,356,India,713,"Internal combustion piston engines, parts, n.e.s.",0.4076,,
1997,356,India,714,"Engines & motors, non-electric; parts, n.e.s.",0.0417,,
1997,356,India,716,"Rotating electric plant & parts thereof, n.e.s.",0.2584,,
1997,356,India,718,"Other power generating machinery & parts, n.e.s.",0.1758,,
1997,356,India,721,Agricultural machinery (excluding tractors) & parts,0.2997,,
1997,356,India,722,Tractors (excluding those of 71414 & 74415),0.2626,,
1997,356,India,723,Civil engineering & contractors' plant & equipment,0.1765,,
1997,356,India,724,"Textile & leather machinery, & parts thereof, n.e.s.",0.6403,,
1997,356,India,725,"Paper mill, pulp mill machinery; paper articles man.",0.1909,,
1997,356,India,726,"Printing & bookbinding machinery, & parts thereof",0.2398,,
1997,356,India,727,Food-processing machines (excluding domestic),0.7733,,
1997,356,India,728,"Other machinery for particular industries, n.e.s.",0.2173,,
1997,356,India,731,Machine-tools working by removing material,0.2643,,
1997,356,India,733,"Mach.-tools for working metal, excluding removing mate.",0.1782,,
1997,356,India,735,"Parts, n.e.s., & accessories for machines of 731, 733",0.5858,,
1997,356,India,737,Metalworking machinery (excludingmachine-tools) & parts,0.3077,,
1997,356,India,741,"Heating & cooling equipment & parts thereof, n.e.s.",0.1904,,
1997,356,India,742,Pumps for liquids,0.4652,,
1997,356,India,743,"Pumps (excluding liquid), gas compressors & fans; centr.",0.264,,
1997,356,India,744,"Mechanical handling equipment, & parts, n.e.s.",0.1325,,
1997,356,India,745,"Other non-electr. machinery, tools & mechan. appar.",0.2093,,
1997,356,India,746,Ball or roller bearings,0.4399,,
1997,356,India,747,"Appliances for pipes, boiler shells, tanks, vats, etc.",0.2834,,
1997,356,India,748,Transmis. shafts,0.3133,,
1997,356,India,749,"Non-electric parts & accessor. of machinery, n.e.s.",0.2515,,
1997,356,India,751,Office machines,0.1223,,
1997,356,India,752,"Automatic data processing machines, n.e.s.",0.1425,,
1997,356,India,759,"Parts, accessories for machines of groups 751, 752",0.133,,
1997,356,India,761,"Television receivers, whether or not combined",0.2077,,
1997,356,India,762,"Radio-broadcast receivers, whether or not combined",0.0067,,
1997,356,India,763,Sound recorders or reproducers,0.1203,,
1997,356,India,764,"Telecommunication equipment, n.e.s.; & parts, n.e.s.",0.0891,,
1997,356,India,771,"Electric power machinery, and parts thereof",0.5162,,
1997,356,India,772,"Apparatus for electrical circuits; board, panels",0.2179,,
1997,356,India,773,"Equipment for distributing electricity, n.e.s.",0.3217,,
1997,356,India,774,"Electro-diagnostic appa. for medical sciences, etc.",0.3031,,
1997,356,India,775,"Household type equipment, electrical or not, n.e.s.",0.0795,,
1997,356,India,776,Cathode valves & tubes,0.04,,
1997,356,India,778,"Electrical machinery & apparatus, n.e.s.",0.2965,,
1997,356,India,781,Motor vehicles for the transport of persons,0.1298,,
1997,356,India,782,"Motor vehic. for transport of goods, special purpo.",0.2001,,
1997,356,India,783,"Road motor vehicles, n.e.s.",0.4949,,
1997,356,India,784,"Parts & accessories of vehicles of 722, 781, 782, 783",0.325,,
1997,356,India,785,Motorcycles & cycles,1.6337,,
1997,356,India,786,Trailers & semi-trailers,0.1602,,
1997,356,India,791,Railway vehicles & associated equipment,0.1504,,
1997,356,India,792,"Aircraft & associated equipment; spacecraft, etc.",0.078,,
1997,356,India,793,"Ships, boats & floating structures",0.2818,,
1997,356,India,811,Prefabricated buildings,0.0013,,
1997,356,India,812,"Sanitary, plumbing, heating fixtures, fittings, n.e.s.",0.4167,,
1997,356,India,813,"Lighting fixtures & fittings, n.e.s.",0.0703,,
1997,356,India,821,Furniture & parts,0.044,,
1997,356,India,831,"Travel goods, handbags & similar containers",3.2133,,
1997,356,India,841,"Men's clothing of textile fabrics, not knitted",3.7405,,
1997,356,India,842,"Women's clothing, of textile fabrics",6.4072,,
1997,356,India,843,"Men's or boy's clothing, of textile, knitted, croche.",4.3189,,
1997,356,India,844,"Women's clothing, of textile, knitted or crocheted",1.7774,,
1997,356,India,845,"Articles of apparel, of textile fabrics, n.e.s.",1.7201,,
1997,356,India,846,"Clothing accessories, of textile fabrics",1.9985,,
1997,356,India,848,"Articles of apparel, clothing access., excluding textile",5.6152,,
1997,356,India,851,Footwear,1.7234,,
1997,356,India,871,"Optical instruments & apparatus, n.e.s.",0.0527,,
1997,356,India,872,"Instruments & appliances, n.e.s., for medical, etc.",0.2178,,
1997,356,India,873,"Meters & counters, n.e.s.",0.0772,,
1997,356,India,874,"Measuring, analysing & controlling apparatus, n.e.s.",0.1018,,
1997,356,India,881,"Photographic apparatus & equipment, n.e.s.",0.0337,,
1997,356,India,882,Cinematographic & photographic supplies,0.1186,,
1997,356,India,883,"Cinematograph films, exposed & developed",9.3832,,
1997,356,India,884,"Optical goods, n.e.s.",0.1795,,
1997,356,India,885,Watches & clocks,0.2033,,
1997,356,India,891,Arms & ammunition,0.0898,,
1997,356,India,892,Printed matter,0.228,,
1997,356,India,893,"Articles, n.e.s., of plastics",0.4677,,
1997,356,India,894,"Baby carriages, toys, games & sporting goods",0.301,,
1997,356,India,895,"Office & stationery supplies, n.e.s.",0.9071,,
1997,356,India,896,"Works of art, collectors' pieces & antiques",0.0478,,
1997,356,India,897,"Jewellery & articles of precious materia., n.e.s.",4.8416,,
1997,356,India,898,"Musical instruments, parts; records, tapes & similar",1.1157,,
1997,356,India,899,"Miscellaneous manufactured articles, n.e.s.",0.4966,,
1997,356,India,971,"Gold, non-monetary (excluding gold ores and concentrates)",0,,
1998,356,India,001,Live animals other than animals of division 03,0.0194,,
1998,356,India,011,"Meat of bovine animals, fresh, chilled or frozen",1.9099,,
1998,356,India,012,Other meat and edible meat offal,0.1313,,
1998,356,India,016,"Meat, edible meat offal, salted, dried; flours, meals",0.0137,,
1998,356,India,017,"Meat, edible meat offal, prepared, preserved, n.e.s.",0.0294,,
1998,356,India,022,"Milk, cream and milk products (excluding butter, cheese)",0.0174,,
1998,356,India,023,Butter and other fats and oils derived from milk,0.1122,,
1998,356,India,024,Cheese and curd,0.0018,,
1998,356,India,025,"Birds' eggs, and eggs' yolks; egg albumin",1.5811,,
1998,356,India,034,"Fish, fresh (live or dead), chilled or frozen",1.2633,,
1998,356,India,035,"Fish, dried, salted or in brine; smoked fish",0.2939,,
1998,356,India,036,"Crustaceans, mollusks and aquatic invertebrates",9.2212,,
1998,356,India,037,"Fish, aqua. invertebrates, prepared, preserved, n.e.s.",0.0237,,
1998,356,India,041,"Wheat (including spelt) and meslin, unmilled",0.0036,,
1998,356,India,042,Rice,25.7329,,
1998,356,India,043,"Barley, unmilled",0.0039,,
1998,356,India,044,"Maize (not including sweet corn), unmilled",0.0079,,
1998,356,India,045,"Cereals, unmilled (excluding wheat, rice, barley, maize)",0.1805,,
1998,356,India,046,Meal and flour of wheat and flour of meslin,0.0968,,
1998,356,India,047,Other cereal meals and flour,0.4975,,
1998,356,India,048,"Cereal preparations, flour of fruits or vegetables",0.08,,
1998,356,India,054,Vegetables,1.0867,,
1998,356,India,056,"Vegetables, roots, tubers, prepared, preserved, n.e.s.",0.6167,,
1998,356,India,057,"Fruits and nuts (excluding oil nuts), fresh or dried",2.4822,,
1998,356,India,058,"Fruit, preserved, and fruit preparations (no juice)",1.2289,,
1998,356,India,059,"Fruit and vegetable juices, unfermented, no spirit",0.1109,,
1998,356,India,061,"Sugar, molasses and honey",0.1334,,
1998,356,India,062,Sugar confectionery,0.0895,,
1998,356,India,071,Coffee and coffee substitutes,4.2169,,
1998,356,India,072,Cocoa,0.0015,,
1998,356,India,073,"Chocolate, food preparations with cocoa, n.e.s.",0.0466,,
1998,356,India,074,Tea and mate,25.4892,,
1998,356,India,075,Spices,18.4433,,
1998,356,India,081,Feeding stuff for animals (no unmilled cereals),3.6534,,
1998,356,India,091,Margarine and shortening,0.3008,,
1998,356,India,098,"Edible products and preparations, n.e.s.",0.3812,,
1998,356,India,111,"Non-alcoholic beverages, n.e.s.",0.0103,,
1998,356,India,112,Alcoholic beverages,0.0681,,
1998,356,India,121,"Tobacco, unmanufactured; tobacco refuse",3.3797,,
1998,356,India,122,"Tobacco, manufactured",0.3897,,
1998,356,India,211,"Hides and skins (except furskins), raw",0.0037,,
1998,356,India,222,Oil seeds and oleaginous fruits (excluding flour),1.1645,,
1998,356,India,223,"Oil seeds & oleaginous fruits (incl. flour, n.e.s.)",3.3259,,
1998,356,India,231,"Natural rubber & similar gums, in primary forms",0.0333,,
1998,356,India,232,Synthetic rubber,0.181,,
1998,356,India,244,"Cork, natural, raw & waste (incl. blocks, sheets)",0.0216,,
1998,356,India,245,Fuel wood (excluding wood waste) and wood charcoal,0.1485,,
1998,356,India,247,Wood in the rough or roughly squared,0.0139,,
1998,356,India,248,"Wood simply worked, and railway sleepers of wood",0.0033,,
1998,356,India,251,Pulp and waste paper,0.0084,,
1998,356,India,261,Silk,4.8886,,
1998,356,India,263,Cotton,0.8331,,
1998,356,India,264,"Jute, other textile bast fibre, n.e.s., not spun; tow",3.2679,,
1998,356,India,265,"Vegetable textile fibres, not spun; waste of them",0.6949,,
1998,356,India,266,Synthetic fibres suitable for spinning,0.6272,,
1998,356,India,267,Other man-made fibres suitable for spinning,0.1923,,
1998,356,India,268,Wool and other animal hair (incl. wool tops),0.158,,
1998,356,India,269,Worn clothing and other worn textile articles,0.1048,,
1998,356,India,272,Crude fertilizers (excluding those of division 56),0.0362,,
1998,356,India,273,"Stone, sand and gravel",5.7101,,
1998,356,India,274,Sulphur and unroasted iron pyrites,0.0872,,
1998,356,India,277,"Natural abrasives, n.e.s. (incl. industri. diamonds)",2.0963,,
1998,356,India,278,Other crude minerals,0.9542,,
1998,356,India,281,Iron ore and concentrates,6.0439,,
1998,356,India,282,"Ferrous waste, scrape; remelting ingots, iron, steel",0.0246,,
1998,356,India,283,"Copper ores and concentrates; copper mattes, cemen",0.0001,,
1998,356,India,284,"Nickel ores & concentrates; nickel mattes, etc.",0,,
1998,356,India,285,Aluminium ores and concentrates (incl. alumina),1.5951,,
1998,356,India,287,"Ores and concentrates of base metals, n.e.s.",1.9597,,
1998,356,India,288,"Non-ferrous base metal waste and scrap, n.e.s.",0.0444,,
1998,356,India,289,"Ores & concentrates of precious metals; waste, scrap",0.0012,,
1998,356,India,291,"Crude animal materials, n.e.s.",1.7194,,
1998,356,India,292,"Crude vegetable materials, n.e.s.",3.9811,,
1998,356,India,321,"Coal, whether or not pulverized, not agglomerated",0.2777,,
1998,356,India,322,"Briquettes, lignites and peat",0.0111,,
1998,356,India,325,"Coke & semi-cokes of coal, lign., peat; retort carbon",0.0119,,
1998,356,India,334,Petroleum oils or bituminous minerals > 70 % oil,0.1734,,
1998,356,India,335,"Residual petroleum products, n.e.s., related mater.",0.2849,,
1998,356,India,343,"Natural gas, whether or not liquefied",0.0117,,
1998,356,India,344,"Petroleum gases, other gaseous hydrocarbons, n.e.s.",0.1508,,
1998,356,India,345,"Coal gas, water gas & similar gases (excludinghydrocar.)",4.8384,,
1998,356,India,411,Animals oils and fats,0.0348,,
1998,356,India,421,"Fixed vegetable fats & oils, crude, refined, fractio.",0.0102,,
1998,356,India,422,"Fixed vegetable fats & oils, crude, refined, fract.",2.7456,,
1998,356,India,431,"Animal or veg. oils & fats, processed, n.e.s.; mixt.",1.0627,,
1998,356,India,511,"Hydrocarbons, n.e.s., & halogenated, nitr. derivative",0.7966,,
1998,356,India,512,"Alcohols, phenols, halogenat., sulfonat., nitrat. der.",1.1112,,
1998,356,India,513,"Carboxylic acids, anhydrides, halides, per.; derivati.",0.8026,,
1998,356,India,514,Nitrogen-function compounds,1.5986,,
1998,356,India,515,"Organo-inorganic, heterocycl. compounds, nucl. acids",0.4332,,
1998,356,India,516,Other organic chemicals,5.5198,,
1998,356,India,522,"Inorganic chemical elements, oxides & halogen salts",0.6577,,
1998,356,India,523,"Metallic salts & peroxysalts, of inorganic acids",0.923,,
1998,356,India,524,Other inorganic chemicals,0.5929,,
1998,356,India,525,Radio-actives and associated materials,0.0211,,
1998,356,India,531,Synth. organic colouring matter & colouring lakes,5.993,,
1998,356,India,532,"Dyeing & tanning extracts, synth. tanning materials",1.7041,,
1998,356,India,533,"Pigments, paints, varnishes and related materials",0.1462,,
1998,356,India,541,"Medicinal and pharmaceutical products, excluding 542",1.4229,,
1998,356,India,542,Medicaments (incl. veterinary medicaments),1.6848,,
1998,356,India,551,"Essential oils, perfume & flavour materials",1.3014,,
1998,356,India,553,"Perfumery, cosmetics or toilet prepar. (excluding soaps)",0.7179,,
1998,356,India,554,"Soaps, cleansing and polishing preparations",0.2869,,
1998,356,India,562,Fertilizers (other than those of group 272),0.0681,,
1998,356,India,571,"Polymers of ethylene, in primary forms",0.0784,,
1998,356,India,572,"Polymers of styrene, in primary forms",0.1148,,
1998,356,India,573,Polymers of vinyl chloride or halogenated olefins,0.3155,,
1998,356,India,574,"Polyethers, epoxide resins; polycarbonat., polyesters",0.2242,,
1998,356,India,575,"Other plastics, in primary forms",0.1359,,
1998,356,India,579,"Waste, parings and scrap, of plastics",0.0432,,
1998,356,India,581,"Tubes, pipes and hoses of plastics",0.458,,
1998,356,India,582,"Plates, sheets, films, foil & strip, of plastics",0.5318,,
1998,356,India,583,"Monofilaments, of plastics, cross-section > 1mm",0.1884,,
1998,356,India,591,"Insectides &  similar products, for retail sale",2.96,,
1998,356,India,592,"Starche, wheat gluten; albuminoidal substances; glues",0.4004,,
1998,356,India,593,Explosives and pyrotechnic products,0.704,,
1998,356,India,597,"Prepared addit. for miner. oils; lubricat., de-icing",0.0842,,
1998,356,India,598,"Miscellaneous chemical products, n.e.s.",0.4883,,
1998,356,India,611,Leather,2.9255,,
1998,356,India,612,"Manufactures of leather, n.e.s.; saddlery & harness",16.9379,,
1998,356,India,613,"Furskins, tanned or dressed, excluding those of 8483",0.0028,,
1998,356,India,621,"Materials of rubber (pastes, plates, sheets, etc.)",0.2582,,
1998,356,India,625,"Rubber tyres, tyre treads or flaps & inner tubes",1.2712,,
1998,356,India,629,"Articles of rubber, n.e.s.",1.0001,,
1998,356,India,633,Cork manufactures,0.0242,,
1998,356,India,634,"Veneers, plywood, and other wood, worked, n.e.s.",0.1429,,
1998,356,India,635,"Wood manufacture, n.e.s.",0.0919,,
1998,356,India,641,Paper and paperboard,0.1158,,
1998,356,India,642,"Paper & paperboard, cut to shape or size, articles",0.1735,,
1998,356,India,651,Textile yarn,7.3992,,
1998,356,India,652,"Cotton fabrics, woven",7.0128,,
1998,356,India,653,"Fabrics, woven, of man-made fabrics",1.8589,,
1998,356,India,654,"Other textile fabrics, woven",3.9031,,
1998,356,India,655,"Knitted or crocheted fabrics, n.e.s.",0.418,,
1998,356,India,656,"Tulles, trimmings, lace, ribbons & other small wares",1.6972,,
1998,356,India,657,"Special yarn, special textile fabrics & related",0.6149,,
1998,356,India,658,"Made-up articles, of textile materials, n.e.s.",8.3195,,
1998,356,India,659,"Floor coverings, etc.",10.7394,,
1998,356,India,661,"Lime, cement, fabrica. constr. mat. (excludingglass, clay)",3.285,,
1998,356,India,662,"Clay construction, refracto. construction materials",0.308,,
1998,356,India,663,"Mineral manufactures, n.e.s.",0.3742,,
1998,356,India,664,Glass,0.2611,,
1998,356,India,665,Glassware,0.4351,,
1998,356,India,666,Pottery,0.1131,,
1998,356,India,667,"Pearls, precious & semi-precious stones",19.5572,,
1998,356,India,671,"Pig iron & spiegeleisen, sponge iron, powder & granu",2.1894,,
1998,356,India,672,"Ingots, primary forms, of iron or steel; semi-finis.",0.3026,,
1998,356,India,673,"Flat-rolled prod., iron, non-alloy steel, not coated",0.6889,,
1998,356,India,674,"Flat-rolled prod., iron, non-alloy steel, coated, clad",1.3905,,
1998,356,India,675,Flat-rolled products of alloy steel,0.7091,,
1998,356,India,676,"Iron & steel bars, rods, angles, shapes & sections",0.7708,,
1998,356,India,677,"Rails & railway track construction mat., iron, steel",0.4447,,
1998,356,India,678,Wire of iron or steel,1.5975,,
1998,356,India,679,"Tubes, pipes & hollow profiles, fittings, iron, steel",0.8391,,
1998,356,India,681,"Silver, platinum, other metals of the platinum group",0.0375,,
1998,356,India,682,Copper,0.1192,,
1998,356,India,683,Nickel,0.0252,,
1998,356,India,684,Aluminium,0.3476,,
1998,356,India,685,Lead,0.0413,,
1998,356,India,686,Zinc,0.1818,,
1998,356,India,687,Tin,0.4139,,
1998,356,India,689,Miscellaneous no-ferrous base metals for metallur.,0.1643,,
1998,356,India,691,"Structures & parts, n.e.s., of iron, steel, aluminium",1.0523,,
1998,356,India,692,Metal containers for storage or transport,0.2302,,
1998,356,India,693,Wire products (excluding electrical) and fencing grills,1.8718,,
1998,356,India,694,"Nails, screws, nuts, bolts, rivets & the like, of metal",0.7235,,
1998,356,India,695,Tools for use in the hand or in machine,0.9573,,
1998,356,India,696,Cutlery,1.3617,,
1998,356,India,697,"Household equipment of base metal, n.e.s.",2.3268,,
1998,356,India,699,"Manufactures of base metal, n.e.s.",1.0698,,
1998,356,India,711,"Vapour generating boilers, auxiliary plant; parts",0.5576,,
1998,356,India,712,"Steam turbines & other vapour turbin., parts, n.e.s.",1.3478,,
1998,356,India,713,"Internal combustion piston engines, parts, n.e.s.",0.3143,,
1998,356,India,714,"Engines & motors, non-electric; parts, n.e.s.",0.0072,,
1998,356,India,716,"Rotating electric plant & parts thereof, n.e.s.",0.2689,,
1998,356,India,718,"Other power generating machinery & parts, n.e.s.",0.1691,,
1998,356,India,721,Agricultural machinery (excluding tractors) & parts,0.2197,,
1998,356,India,722,Tractors (excluding those of 71414 & 74415),0.2971,,
1998,356,India,723,Civil engineering & contractors' plant & equipment,0.0564,,
1998,356,India,724,"Textile & leather machinery, & parts thereof, n.e.s.",0.5154,,
1998,356,India,725,"Paper mill, pulp mill machinery; paper articles man.",0.1659,,
1998,356,India,726,"Printing & bookbinding machinery, & parts thereof",0.2452,,
1998,356,India,727,Food-processing machines (excluding domestic),0.9793,,
1998,356,India,728,"Other machinery for particular industries, n.e.s.",0.2762,,
1998,356,India,731,Machine-tools working by removing material,0.1914,,
1998,356,India,733,"Mach.-tools for working metal, excluding removing mate.",0.2873,,
1998,356,India,735,"Parts, n.e.s., & accessories for machines of 731, 733",0.7033,,
1998,356,India,737,Metalworking machinery (excludingmachine-tools) & parts,0.3733,,
1998,356,India,741,"Heating & cooling equipment & parts thereof, n.e.s.",0.1608,,
1998,356,India,742,Pumps for liquids,0.56,,
1998,356,India,743,"Pumps (excluding liquid), gas compressors & fans; centr.",0.2839,,
1998,356,India,744,"Mechanical handling equipment, & parts, n.e.s.",0.1529,,
1998,356,India,745,"Other non-electr. machinery, tools & mechan. appar.",0.2311,,
1998,356,India,746,Ball or roller bearings,0.5152,,
1998,356,India,747,"Appliances for pipes, boiler shells, tanks, vats, etc.",0.2774,,
1998,356,India,748,Transmis. shafts,0.3934,,
1998,356,India,749,"Non-electric parts & accessor. of machinery, n.e.s.",0.4752,,
1998,356,India,751,Office machines,0.1375,,
1998,356,India,752,"Automatic data processing machines, n.e.s.",0.0303,,
1998,356,India,759,"Parts, accessories for machines of groups 751, 752",0.0554,,
1998,356,India,761,"Television receivers, whether or not combined",0.1434,,
1998,356,India,762,"Radio-broadcast receivers, whether or not combined",0.0055,,
1998,356,India,763,Sound recorders or reproducers,0.1582,,
1998,356,India,764,"Telecommunication equipment, n.e.s.; & parts, n.e.s.",0.0658,,
1998,356,India,771,"Electric power machinery, and parts thereof",0.4223,,
1998,356,India,772,"Apparatus for electrical circuits; board, panels",0.1733,,
1998,356,India,773,"Equipment for distributing electricity, n.e.s.",0.3579,,
1998,356,India,774,"Electro-diagnostic appa. for medical sciences, etc.",0.2545,,
1998,356,India,775,"Household type equipment, electrical or not, n.e.s.",0.0807,,
1998,356,India,776,Cathode valves & tubes,0.0359,,
1998,356,India,778,"Electrical machinery & apparatus, n.e.s.",0.3125,,
1998,356,India,781,Motor vehicles for the transport of persons,0.0779,,
1998,356,India,782,"Motor vehic. for transport of goods, special purpo.",0.1345,,
1998,356,India,783,"Road motor vehicles, n.e.s.",0.4838,,
1998,356,India,784,"Parts & accessories of vehicles of 722, 781, 782, 783",0.2851,,
1998,356,India,785,Motorcycles & cycles,1.7579,,
1998,356,India,786,Trailers & semi-trailers,0.1105,,
1998,356,India,791,Railway vehicles & associated equipment,0.0847,,
1998,356,India,792,"Aircraft & associated equipment; spacecraft, etc.",0.0183,,
1998,356,India,793,"Ships, boats & floating structures",0.2167,,
1998,356,India,811,Prefabricated buildings,0.0232,,
1998,356,India,812,"Sanitary, plumbing, heating fixtures, fittings, n.e.s.",0.3403,,
1998,356,India,813,"Lighting fixtures & fittings, n.e.s.",0.0643,,
1998,356,India,821,Furniture & parts,0.0552,,
1998,356,India,831,"Travel goods, handbags & similar containers",3.6878,,
1998,356,India,841,"Men's clothing of textile fabrics, not knitted",3.9166,,
1998,356,India,842,"Women's clothing, of textile fabrics",7.1549,,
1998,356,India,843,"Men's or boy's clothing, of textile, knitted, croche.",6.5528,,
1998,356,India,844,"Women's clothing, of textile, knitted or crocheted",2.5955,,
1998,356,India,845,"Articles of apparel, of textile fabrics, n.e.s.",1.8567,,
1998,356,India,846,"Clothing accessories, of textile fabrics",1.9626,,
1998,356,India,848,"Articles of apparel, clothing access., excluding textile",5.4806,,
1998,356,India,851,Footwear,2.0681,,
1998,356,India,871,"Optical instruments & apparatus, n.e.s.",0.0923,,
1998,356,India,872,"Instruments & appliances, n.e.s., for medical, etc.",0.2158,,
1998,356,India,873,"Meters & counters, n.e.s.",0.135,,
1998,356,India,874,"Measuring, analysing & controlling apparatus, n.e.s.",0.1261,,
1998,356,India,881,"Photographic apparatus & equipment, n.e.s.",0.0288,,
1998,356,India,882,Cinematographic & photographic supplies,0.1748,,
1998,356,India,883,"Cinematograph films, exposed & developed",9.8049,,
1998,356,India,884,"Optical goods, n.e.s.",0.1929,,
1998,356,India,885,Watches & clocks,0.2165,,
1998,356,India,891,Arms & ammunition,0.0113,,
1998,356,India,892,Printed matter,0.2854,,
1998,356,India,893,"Articles, n.e.s., of plastics",0.4381,,
1998,356,India,894,"Baby carriages, toys, games & sporting goods",0.2873,,
1998,356,India,895,"Office & stationery supplies, n.e.s.",0.9377,,
1998,356,India,896,"Works of art, collectors' pieces & antiques",0.039,,
1998,356,India,897,"Jewellery & articles of precious materia., n.e.s.",6.9964,,
1998,356,India,898,"Musical instruments, parts; records, tapes & similar",1.1357,,
1998,356,India,899,"Miscellaneous manufactured articles, n.e.s.",0.5836,,
1998,356,India,961,"Coin (other than gold coin), not being legal tender",0.0071,,
1999,356,India,001,Live animals other than animals of division 03,0.0166,,
1999,356,India,011,"Meat of bovine animals, fresh, chilled or frozen",1.6533,,
1999,356,India,012,Other meat and edible meat offal,0.1427,,
1999,356,India,016,"Meat, edible meat offal, salted, dried; flours, meals",0.0363,,
1999,356,India,017,"Meat, edible meat offal, prepared, preserved, n.e.s.",0.046,,
1999,356,India,022,"Milk, cream and milk products (excluding butter, cheese)",0.0749,,
1999,356,India,023,Butter and other fats and oils derived from milk,0.2023,,
1999,356,India,024,Cheese and curd,0.0007,,
1999,356,India,025,"Birds' eggs, and eggs' yolks; egg albumin",1.3584,,
1999,356,India,034,"Fish, fresh (live or dead), chilled or frozen",1.5203,,
1999,356,India,035,"Fish, dried, salted or in brine; smoked fish",0.3539,,
1999,356,India,036,"Crustaceans, mollusks and aquatic invertebrates",9.0554,,
1999,356,India,037,"Fish, aqua. invertebrates, prepared, preserved, n.e.s.",0.1233,,
1999,356,India,041,"Wheat (including spelt) and meslin, unmilled",0,,
1999,356,India,042,Rice,14.2449,,
1999,356,India,043,"Barley, unmilled",0.0029,,
1999,356,India,044,"Maize (not including sweet corn), unmilled",0.0196,,
1999,356,India,045,"Cereals, unmilled (excluding wheat, rice, barley, maize)",0.125,,
1999,356,India,046,Meal and flour of wheat and flour of meslin,0.0229,,
1999,356,India,047,Other cereal meals and flour,0.3234,,
1999,356,India,048,"Cereal preparations, flour of fruits or vegetables",0.1069,,
1999,356,India,054,Vegetables,1.3971,,
1999,356,India,056,"Vegetables, roots, tubers, prepared, preserved, n.e.s.",0.6846,,
1999,356,India,057,"Fruits and nuts (excluding oil nuts), fresh or dried",3.3952,,
1999,356,India,058,"Fruit, preserved, and fruit preparations (no juice)",1.539,,
1999,356,India,059,"Fruit and vegetable juices, unfermented, no spirit",0.0584,,
1999,356,India,061,"Sugar, molasses and honey",0.1679,,
1999,356,India,062,Sugar confectionery,0.1785,,
1999,356,India,071,Coffee and coffee substitutes,3.849,,
1999,356,India,072,Cocoa,0.0004,,
1999,356,India,073,"Chocolate, food preparations with cocoa, n.e.s.",0.063,,
1999,356,India,074,Tea and mate,21.157,,
1999,356,India,075,Spices,18.063,,
1999,356,India,081,Feeding stuff for animals (no unmilled cereals),3.0114,,
1999,356,India,091,Margarine and shortening,0.3714,,
1999,356,India,098,"Edible products and preparations, n.e.s.",0.3996,,
1999,356,India,111,"Non-alcoholic beverages, n.e.s.",0.0116,,
1999,356,India,112,Alcoholic beverages,0.0631,,
1999,356,India,121,"Tobacco, unmanufactured; tobacco refuse",4.4504,,
1999,356,India,122,"Tobacco, manufactured",0.407,,
1999,356,India,211,"Hides and skins (except furskins), raw",0.0045,,
1999,356,India,222,Oil seeds and oleaginous fruits (excluding flour),1.967,,
1999,356,India,223,"Oil seeds & oleaginous fruits (incl. flour, n.e.s.)",4.302,,
1999,356,India,231,"Natural rubber & similar gums, in primary forms",0.0486,,
1999,356,India,232,Synthetic rubber,0.1357,,
1999,356,India,244,"Cork, natural, raw & waste (incl. blocks, sheets)",0.0364,,
1999,356,India,245,Fuel wood (excluding wood waste) and wood charcoal,0.4729,,
1999,356,India,246,Wood in chips or particles and wood waste,0.0002,,
1999,356,India,247,Wood in the rough or roughly squared,0.0068,,
1999,356,India,248,"Wood simply worked, and railway sleepers of wood",0.0027,,
1999,356,India,251,Pulp and waste paper,0.0039,,
1999,356,India,261,Silk,3.4147,,
1999,356,India,263,Cotton,0.3587,,
1999,356,India,264,"Jute, other textile bast fibre, n.e.s., not spun; tow",3.0701,,
1999,356,India,265,"Vegetable textile fibres, not spun; waste of them",0.7553,,
1999,356,India,266,Synthetic fibres suitable for spinning,1.4767,,
1999,356,India,267,Other man-made fibres suitable for spinning,0.2564,,
1999,356,India,268,Wool and other animal hair (incl. wool tops),0.0963,,
1999,356,India,269,Worn clothing and other worn textile articles,0.0714,,
1999,356,India,272,Crude fertilizers (excluding those of division 56),0.0334,,
1999,356,India,273,"Stone, sand and gravel",9.5249,,
1999,356,India,274,Sulphur and unroasted iron pyrites,0.0143,,
1999,356,India,277,"Natural abrasives, n.e.s. (incl. industri. diamonds)",2.4729,,
1999,356,India,278,Other crude minerals,0.8571,,
1999,356,India,281,Iron ore and concentrates,4.7379,,
1999,356,India,282,"Ferrous waste, scrape; remelting ingots, iron, steel",0.0102,,
1999,356,India,283,"Copper ores and concentrates; copper mattes, cemen",0.0001,,
1999,356,India,285,Aluminium ores and concentrates (incl. alumina),0.9674,,
1999,356,India,287,"Ores and concentrates of base metals, n.e.s.",1.8985,,
1999,356,India,288,"Non-ferrous base metal waste and scrap, n.e.s.",0.1596,,
1999,356,India,289,"Ores & concentrates of precious metals; waste, scrap",0.0097,,
1999,356,India,291,"Crude animal materials, n.e.s.",1.7788,,
1999,356,India,292,"Crude vegetable materials, n.e.s.",3.4978,,
1999,356,India,321,"Coal, whether or not pulverized, not agglomerated",0.2449,,
1999,356,India,322,"Briquettes, lignites and peat",0.0085,,
1999,356,India,325,"Coke & semi-cokes of coal, lign., peat; retort carbon",0.0103,,
1999,356,India,334,Petroleum oils or bituminous minerals > 70 % oil,0.057,,
1999,356,India,335,"Residual petroleum products, n.e.s., related mater.",0.4211,,
1999,356,India,343,"Natural gas, whether or not liquefied",0.0207,,
1999,356,India,344,"Petroleum gases, other gaseous hydrocarbons, n.e.s.",0.0004,,
1999,356,India,411,Animals oils and fats,0.0426,,
1999,356,India,421,"Fixed vegetable fats & oils, crude, refined, fractio.",0.0188,,
1999,356,India,422,"Fixed vegetable fats & oils, crude, refined, fract.",4.1854,,
1999,356,India,431,"Animal or veg. oils & fats, processed, n.e.s.; mixt.",1.5529,,
1999,356,India,511,"Hydrocarbons, n.e.s., & halogenated, nitr. derivative",1.4214,,
1999,356,India,512,"Alcohols, phenols, halogenat., sulfonat., nitrat. der.",1.3784,,
1999,356,India,513,"Carboxylic acids, anhydrides, halides, per.; derivati.",1.0893,,
1999,356,India,514,Nitrogen-function compounds,1.5068,,
1999,356,India,515,"Organo-inorganic, heterocycl. compounds, nucl. acids",0.4473,,
1999,356,India,516,Other organic chemicals,5.5794,,
1999,356,India,522,"Inorganic chemical elements, oxides & halogen salts",0.6603,,
1999,356,India,523,"Metallic salts & peroxysalts, of inorganic acids",1.2007,,
1999,356,India,524,Other inorganic chemicals,0.5766,,
1999,356,India,525,Radio-actives and associated materials,0.003,,
1999,356,India,531,Synth. organic colouring matter & colouring lakes,6.8593,,
1999,356,India,532,"Dyeing & tanning extracts, synth. tanning materials",1.6787,,
1999,356,India,533,"Pigments, paints, varnishes and related materials",0.1462,,
1999,356,India,541,"Medicinal and pharmaceutical products, excluding 542",1.3075,,
1999,356,India,542,Medicaments (incl. veterinary medicaments),1.65,,
1999,356,India,551,"Essential oils, perfume & flavour materials",1.1461,,
1999,356,India,553,"Perfumery, cosmetics or toilet prepar. (excluding soaps)",0.7358,,
1999,356,India,554,"Soaps, cleansing and polishing preparations",0.291,,
1999,356,India,562,Fertilizers (other than those of group 272),0.0228,,
1999,356,India,571,"Polymers of ethylene, in primary forms",0.182,,
1999,356,India,572,"Polymers of styrene, in primary forms",0.1598,,
1999,356,India,573,Polymers of vinyl chloride or halogenated olefins,0.3267,,
1999,356,India,574,"Polyethers, epoxide resins; polycarbonat., polyesters",0.2294,,
1999,356,India,575,"Other plastics, in primary forms",0.2528,,
1999,356,India,579,"Waste, parings and scrap, of plastics",0.0174,,
1999,356,India,581,"Tubes, pipes and hoses of plastics",0.3962,,
1999,356,India,582,"Plates, sheets, films, foil & strip, of plastics",0.5465,,
1999,356,India,583,"Monofilaments, of plastics, cross-section > 1mm",0.1482,,
1999,356,India,591,"Insectides &  similar products, for retail sale",3.1358,,
1999,356,India,592,"Starche, wheat gluten; albuminoidal substances; glues",0.5299,,
1999,356,India,593,Explosives and pyrotechnic products,0.7281,,
1999,356,India,597,"Prepared addit. for miner. oils; lubricat., de-icing",0.1407,,
1999,356,India,598,"Miscellaneous chemical products, n.e.s.",0.6143,,
1999,356,India,611,Leather,2.5776,,
1999,356,India,612,"Manufactures of leather, n.e.s.; saddlery & harness",13.0311,,
1999,356,India,613,"Furskins, tanned or dressed, excluding those of 8483",0.0033,,
1999,356,India,621,"Materials of rubber (pastes, plates, sheets, etc.)",0.3578,,
1999,356,India,625,"Rubber tyres, tyre treads or flaps & inner tubes",1.1576,,
1999,356,India,629,"Articles of rubber, n.e.s.",0.9623,,
1999,356,India,633,Cork manufactures,0.2392,,
1999,356,India,634,"Veneers, plywood, and other wood, worked, n.e.s.",0.1433,,
1999,356,India,635,"Wood manufacture, n.e.s.",0.0847,,
1999,356,India,641,Paper and paperboard,0.1784,,
1999,356,India,642,"Paper & paperboard, cut to shape or size, articles",0.1758,,
1999,356,India,651,Textile yarn,8.1314,,
1999,356,India,652,"Cotton fabrics, woven",7.1967,,
1999,356,India,653,"Fabrics, woven, of man-made fabrics",2.019,,
1999,356,India,654,"Other textile fabrics, woven",4.4285,,
1999,356,India,655,"Knitted or crocheted fabrics, n.e.s.",0.308,,
1999,356,India,656,"Tulles, trimmings, lace, ribbons & other small wares",2.4369,,
1999,356,India,657,"Special yarn, special textile fabrics & related",0.6747,,
1999,356,India,658,"Made-up articles, of textile materials, n.e.s.",8.5224,,
1999,356,India,659,"Floor coverings, etc.",11.2595,,
1999,356,India,661,"Lime, cement, fabrica. constr. mat. (excludingglass, clay)",3.8841,,
1999,356,India,662,"Clay construction, refracto. construction materials",0.3141,,
1999,356,India,663,"Mineral manufactures, n.e.s.",0.3675,,
1999,356,India,664,Glass,0.4088,,
1999,356,India,665,Glassware,0.596,,
1999,356,India,666,Pottery,0.1472,,
1999,356,India,667,"Pearls, precious & semi-precious stones",20.7442,,
1999,356,India,671,"Pig iron & spiegeleisen, sponge iron, powder & granu",1.6086,,
1999,356,India,672,"Ingots, primary forms, of iron or steel; semi-finis.",0.3899,,
1999,356,India,673,"Flat-rolled prod., iron, non-alloy steel, not coated",1.4571,,
1999,356,India,674,"Flat-rolled prod., iron, non-alloy steel, coated, clad",1.7201,,
1999,356,India,675,Flat-rolled products of alloy steel,1.6325,,
1999,356,India,676,"Iron & steel bars, rods, angles, shapes & sections",0.9235,,
1999,356,India,677,"Rails & railway track construction mat., iron, steel",0.0839,,
1999,356,India,678,Wire of iron or steel,1.4852,,
1999,356,India,679,"Tubes, pipes & hollow profiles, fittings, iron, steel",0.8393,,
1999,356,India,681,"Silver, platinum, other metals of the platinum group",0.1462,,
1999,356,India,682,Copper,0.107,,
1999,356,India,683,Nickel,0.0317,,
1999,356,India,684,Aluminium,0.7196,,
1999,356,India,685,Lead,0.0411,,
1999,356,India,686,Zinc,0.0144,,
1999,356,India,687,Tin,0.6855,,
1999,356,India,689,Miscellaneous no-ferrous base metals for metallur.,0.0752,,
1999,356,India,691,"Structures & parts, n.e.s., of iron, steel, aluminium",1.0264,,
1999,356,India,692,Metal containers for storage or transport,0.2326,,
1999,356,India,693,Wire products (excluding electrical) and fencing grills,1.6712,,
1999,356,India,694,"Nails, screws, nuts, bolts, rivets & the like, of metal",0.8756,,
1999,356,India,695,Tools for use in the hand or in machine,1.1282,,
1999,356,India,696,Cutlery,1.0614,,
1999,356,India,697,"Household equipment of base metal, n.e.s.",3.2649,,
1999,356,India,699,"Manufactures of base metal, n.e.s.",1.2157,,
1999,356,India,711,"Vapour generating boilers, auxiliary plant; parts",0.6289,,
1999,356,India,712,"Steam turbines & other vapour turbin., parts, n.e.s.",0.1458,,
1999,356,India,713,"Internal combustion piston engines, parts, n.e.s.",0.3648,,
1999,356,India,714,"Engines & motors, non-electric; parts, n.e.s.",0.0387,,
1999,356,India,716,"Rotating electric plant & parts thereof, n.e.s.",0.2772,,
1999,356,India,718,"Other power generating machinery & parts, n.e.s.",0.1064,,
1999,356,India,721,Agricultural machinery (excluding tractors) & parts,0.2375,,
1999,356,India,722,Tractors (excluding those of 71414 & 74415),0.264,,
1999,356,India,723,Civil engineering & contractors' plant & equipment,0.0295,,
1999,356,India,724,"Textile & leather machinery, & parts thereof, n.e.s.",0.5382,,
1999,356,India,725,"Paper mill, pulp mill machinery; paper articles man.",0.1432,,
1999,356,India,726,"Printing & bookbinding machinery, & parts thereof",0.2688,,
1999,356,India,727,Food-processing machines (excluding domestic),0.6391,,
1999,356,India,728,"Other machinery for particular industries, n.e.s.",0.2286,,
1999,356,India,731,Machine-tools working by removing material,0.1536,,
1999,356,India,733,"Mach.-tools for working metal, excluding removing mate.",0.254,,
1999,356,India,735,"Parts, n.e.s., & accessories for machines of 731, 733",0.5798,,
1999,356,India,737,Metalworking machinery (excludingmachine-tools) & parts,0.3452,,
1999,356,India,741,"Heating & cooling equipment & parts thereof, n.e.s.",0.18,,
1999,356,India,742,Pumps for liquids,0.4509,,
1999,356,India,743,"Pumps (excluding liquid), gas compressors & fans; centr.",0.2324,,
1999,356,India,744,"Mechanical handling equipment, & parts, n.e.s.",0.123,,
1999,356,India,745,"Other non-electr. machinery, tools & mechan. appar.",0.2346,,
1999,356,India,746,Ball or roller bearings,0.6438,,
1999,356,India,747,"Appliances for pipes, boiler shells, tanks, vats, etc.",0.3266,,
1999,356,India,748,Transmis. shafts,0.2863,,
1999,356,India,749,"Non-electric parts & accessor. of machinery, n.e.s.",0.3767,,
1999,356,India,751,Office machines,0.1032,,
1999,356,India,752,"Automatic data processing machines, n.e.s.",0.0274,,
1999,356,India,759,"Parts, accessories for machines of groups 751, 752",0.1,,
1999,356,India,761,"Television receivers, whether or not combined",0.1368,,
1999,356,India,762,"Radio-broadcast receivers, whether or not combined",0.0034,,
1999,356,India,763,Sound recorders or reproducers,0.0793,,
1999,356,India,764,"Telecommunication equipment, n.e.s.; & parts, n.e.s.",0.0596,,
1999,356,India,771,"Electric power machinery, and parts thereof",0.3617,,
1999,356,India,772,"Apparatus for electrical circuits; board, panels",0.1884,,
1999,356,India,773,"Equipment for distributing electricity, n.e.s.",0.3641,,
1999,356,India,774,"Electro-diagnostic appa. for medical sciences, etc.",0.8728,,
1999,356,India,775,"Household type equipment, electrical or not, n.e.s.",0.0932,,
1999,356,India,776,Cathode valves & tubes,0.0343,,
1999,356,India,778,"Electrical machinery & apparatus, n.e.s.",0.2935,,
1999,356,India,781,Motor vehicles for the transport of persons,0.049,,
1999,356,India,782,"Motor vehic. for transport of goods, special purpo.",0.0956,,
1999,356,India,783,"Road motor vehicles, n.e.s.",0.5202,,
1999,356,India,784,"Parts & accessories of vehicles of 722, 781, 782, 783",0.2902,,
1999,356,India,785,Motorcycles & cycles,1.7802,,
1999,356,India,786,Trailers & semi-trailers,0.0762,,
1999,356,India,791,Railway vehicles & associated equipment,0.0509,,
1999,356,India,792,"Aircraft & associated equipment; spacecraft, etc.",0.0429,,
1999,356,India,793,"Ships, boats & floating structures",0.2981,,
1999,356,India,811,Prefabricated buildings,0.004,,
1999,356,India,812,"Sanitary, plumbing, heating fixtures, fittings, n.e.s.",0.394,,
1999,356,India,813,"Lighting fixtures & fittings, n.e.s.",0.0713,,
1999,356,India,821,Furniture & parts,0.0813,,
1999,356,India,831,"Travel goods, handbags & similar containers",3.0583,,
1999,356,India,841,"Men's clothing of textile fabrics, not knitted",3.7653,,
1999,356,India,842,"Women's clothing, of textile fabrics",6.5732,,
1999,356,India,843,"Men's or boy's clothing, of textile, knitted, croche.",6.4195,,
1999,356,India,844,"Women's clothing, of textile, knitted or crocheted",3.0614,,
1999,356,India,845,"Articles of apparel, of textile fabrics, n.e.s.",2.2816,,
1999,356,India,846,"Clothing accessories, of textile fabrics",3.1802,,
1999,356,India,848,"Articles of apparel, clothing access., excluding textile",5.0019,,
1999,356,India,851,Footwear,2.0333,,
1999,356,India,871,"Optical instruments & apparatus, n.e.s.",0.0473,,
1999,356,India,872,"Instruments & appliances, n.e.s., for medical, etc.",0.2044,,
1999,356,India,873,"Meters & counters, n.e.s.",0.1354,,
1999,356,India,874,"Measuring, analysing & controlling apparatus, n.e.s.",0.1391,,
1999,356,India,881,"Photographic apparatus & equipment, n.e.s.",0.0256,,
1999,356,India,882,Cinematographic & photographic supplies,0.1563,,
1999,356,India,883,"Cinematograph films, exposed & developed",9.6836,,
1999,356,India,884,"Optical goods, n.e.s.",0.1646,,
1999,356,India,885,Watches & clocks,0.287,,
1999,356,India,891,Arms & ammunition,0.0248,,
1999,356,India,892,Printed matter,0.3003,,
1999,356,India,893,"Articles, n.e.s., of plastics",0.5198,,
1999,356,India,894,"Baby carriages, toys, games & sporting goods",0.2383,,
1999,356,India,895,"Office & stationery supplies, n.e.s.",1.0573,,
1999,356,India,896,"Works of art, collectors' pieces & antiques",0.0457,,
1999,356,India,897,"Jewellery & articles of precious materia., n.e.s.",6.0825,,
1999,356,India,898,"Musical instruments, parts; records, tapes & similar",0.9568,,
1999,356,India,899,"Miscellaneous manufactured articles, n.e.s.",0.5615,,
1999,356,India,971,"Gold, non-monetary (excluding gold ores and concentrates)",0,,
2000,356,India,001,Live animals other than animals of division 03,0.0184,,
2000,356,India,011,"Meat of bovine animals, fresh, chilled or frozen",2.6549,,
2000,356,India,012,Other meat and edible meat offal,0.1091,,
2000,356,India,016,"Meat, edible meat offal, salted, dried; flours, meals",0.038,,
2000,356,India,017,"Meat, edible meat offal, prepared, preserved, n.e.s.",0.016,,
2000,356,India,022,"Milk, cream and milk products (excluding butter, cheese)",0.1127,,
2000,356,India,023,Butter and other fats and oils derived from milk,0.2564,,
2000,356,India,024,Cheese and curd,0.0021,,
2000,356,India,025,"Birds' eggs, and eggs' yolks; egg albumin",1.7171,,
2000,356,India,034,"Fish, fresh (live or dead), chilled or frozen",2.0257,,
2000,356,India,035,"Fish, dried, salted or in brine; smoked fish",0.3929,,
2000,356,India,036,"Crustaceans, mollusks and aquatic invertebrates",9.1909,,
2000,356,India,037,"Fish, aqua. invertebrates, prepared, preserved, n.e.s.",0.0745,,
2000,356,India,041,"Wheat (including spelt) and meslin, unmilled",0.0457,,
2000,356,India,042,Rice,14.6894,,
2000,356,India,043,"Barley, unmilled",0.0001,,
2000,356,India,044,"Maize (not including sweet corn), unmilled",0.0717,,
2000,356,India,045,"Cereals, unmilled (excluding wheat, rice, barley, maize)",0.2034,,
2000,356,India,046,Meal and flour of wheat and flour of meslin,1.1507,,
2000,356,India,047,Other cereal meals and flour,0.4335,,
2000,356,India,048,"Cereal preparations, flour of fruits or vegetables",0.1532,,
2000,356,India,054,Vegetables,1.7282,,
2000,356,India,056,"Vegetables, roots, tubers, prepared, preserved, n.e.s.",0.902,,
2000,356,India,057,"Fruits and nuts (excluding oil nuts), fresh or dried",2.9934,,
2000,356,India,058,"Fruit, preserved, and fruit preparations (no juice)",2.06,,
2000,356,India,059,"Fruit and vegetable juices, unfermented, no spirit",0.0817,,
2000,356,India,061,"Sugar, molasses and honey",1.1013,,
2000,356,India,062,Sugar confectionery,0.1185,,
2000,356,India,071,Coffee and coffee substitutes,3.5188,,
2000,356,India,072,Cocoa,0.0018,,
2000,356,India,073,"Chocolate, food preparations with cocoa, n.e.s.",0.0464,,
2000,356,India,074,Tea and mate,17.8755,,
2000,356,India,075,Spices,14.6257,,
2000,356,India,081,Feeding stuff for animals (no unmilled cereals),3.516,,
2000,356,India,091,Margarine and shortening,0.6027,,
2000,356,India,098,"Edible products and preparations, n.e.s.",0.4443,,
2000,356,India,111,"Non-alcoholic beverages, n.e.s.",0.014,,
2000,356,India,112,Alcoholic beverages,0.0838,,
2000,356,India,121,"Tobacco, unmanufactured; tobacco refuse",3.6897,,
2000,356,India,122,"Tobacco, manufactured",0.3856,,
2000,356,India,211,"Hides and skins (except furskins), raw",0.0058,,
2000,356,India,212,"Furskins, raw, other than hides & skins of group 211",0.0002,,
2000,356,India,222,Oil seeds and oleaginous fruits (excluding flour),1.9792,,
2000,356,India,223,"Oil seeds & oleaginous fruits (incl. flour, n.e.s.)",8.117,,
2000,356,India,231,"Natural rubber & similar gums, in primary forms",0.0743,,
2000,356,India,232,Synthetic rubber,0.1279,,
2000,356,India,244,"Cork, natural, raw & waste (incl. blocks, sheets)",0.1298,,
2000,356,India,245,Fuel wood (excluding wood waste) and wood charcoal,0.7162,,
2000,356,India,246,Wood in chips or particles and wood waste,0.0131,,
2000,356,India,247,Wood in the rough or roughly squared,0.0192,,
2000,356,India,248,"Wood simply worked, and railway sleepers of wood",0.0035,,
2000,356,India,251,Pulp and waste paper,0.0071,,
2000,356,India,261,Silk,3.2096,,
2000,356,India,263,Cotton,0.8935,,
2000,356,India,264,"Jute, other textile bast fibre, n.e.s., not spun; tow",2.2078,,
2000,356,India,265,"Vegetable textile fibres, not spun; waste of them",0.6625,,
2000,356,India,266,Synthetic fibres suitable for spinning,1.1707,,
2000,356,India,267,Other man-made fibres suitable for spinning,0.4554,,
2000,356,India,268,Wool and other animal hair (incl. wool tops),0.135,,
2000,356,India,269,Worn clothing and other worn textile articles,0.4457,,
2000,356,India,272,Crude fertilizers (excluding those of division 56),0.0768,,
2000,356,India,273,"Stone, sand and gravel",9.9492,,
2000,356,India,274,Sulphur and unroasted iron pyrites,0.0283,,
2000,356,India,277,"Natural abrasives, n.e.s. (incl. industri. diamonds)",4.3967,,
2000,356,India,278,Other crude minerals,1.0702,,
2000,356,India,281,Iron ore and concentrates,5.5832,,
2000,356,India,282,"Ferrous waste, scrape; remelting ingots, iron, steel",0.0114,,
2000,356,India,283,"Copper ores and concentrates; copper mattes, cemen",0.1657,,
2000,356,India,284,"Nickel ores & concentrates; nickel mattes, etc.",0.0003,,
2000,356,India,285,Aluminium ores and concentrates (incl. alumina),1.9424,,
2000,356,India,287,"Ores and concentrates of base metals, n.e.s.",1.7509,,
2000,356,India,288,"Non-ferrous base metal waste and scrap, n.e.s.",0.0252,,
2000,356,India,289,"Ores & concentrates of precious metals; waste, scrap",0.0148,,
2000,356,India,291,"Crude animal materials, n.e.s.",1.8228,,
2000,356,India,292,"Crude vegetable materials, n.e.s.",3.6874,,
2000,356,India,321,"Coal, whether or not pulverized, not agglomerated",0.2939,,
2000,356,India,322,"Briquettes, lignites and peat",0.0211,,
2000,356,India,325,"Coke & semi-cokes of coal, lign., peat; retort carbon",0.0486,,
2000,356,India,334,Petroleum oils or bituminous minerals > 70 % oil,1.2644,,
2000,356,India,335,"Residual petroleum products, n.e.s., related mater.",0.4349,,
2000,356,India,343,"Natural gas, whether or not liquefied",0.0121,,
2000,356,India,344,"Petroleum gases, other gaseous hydrocarbons, n.e.s.",0.0004,,
2000,356,India,345,"Coal gas, water gas & similar gases (excludinghydrocar.)",0.0266,,
2000,356,India,351,Electric current,0.001,,
2000,356,India,411,Animals oils and fats,0.2,,
2000,356,India,421,"Fixed vegetable fats & oils, crude, refined, fractio.",0.0731,,
2000,356,India,422,"Fixed vegetable fats & oils, crude, refined, fract.",4.6054,,
2000,356,India,431,"Animal or veg. oils & fats, processed, n.e.s.; mixt.",1.5788,,
2000,356,India,511,"Hydrocarbons, n.e.s., & halogenated, nitr. derivative",1.1289,,
2000,356,India,512,"Alcohols, phenols, halogenat., sulfonat., nitrat. der.",1.4536,,
2000,356,India,513,"Carboxylic acids, anhydrides, halides, per.; derivati.",1.6302,,
2000,356,India,514,Nitrogen-function compounds,1.6062,,
2000,356,India,515,"Organo-inorganic, heterocycl. compounds, nucl. acids",0.5268,,
2000,356,India,516,Other organic chemicals,5.1271,,
2000,356,India,522,"Inorganic chemical elements, oxides & halogen salts",0.7643,,
2000,356,India,523,"Metallic salts & peroxysalts, of inorganic acids",1.4512,,
2000,356,India,524,Other inorganic chemicals,0.5262,,
2000,356,India,525,Radio-actives and associated materials,0.1241,,
2000,356,India,531,Synth. organic colouring matter & colouring lakes,7.9188,,
2000,356,India,532,"Dyeing & tanning extracts, synth. tanning materials",1.5827,,
2000,356,India,533,"Pigments, paints, varnishes and related materials",0.1963,,
2000,356,India,541,"Medicinal and pharmaceutical products, excluding 542",1.6649,,
2000,356,India,542,Medicaments (incl. veterinary medicaments),1.5938,,
2000,356,India,551,"Essential oils, perfume & flavour materials",1.3988,,
2000,356,India,553,"Perfumery, cosmetics or toilet prepar. (excluding soaps)",0.8609,,
2000,356,India,554,"Soaps, cleansing and polishing preparations",0.3077,,
2000,356,India,562,Fertilizers (other than those of group 272),0.0687,,
2000,356,India,571,"Polymers of ethylene, in primary forms",0.2971,,
2000,356,India,572,"Polymers of styrene, in primary forms",0.2596,,
2000,356,India,573,Polymers of vinyl chloride or halogenated olefins,0.5523,,
2000,356,India,574,"Polyethers, epoxide resins; polycarbonat., polyesters",0.364,,
2000,356,India,575,"Other plastics, in primary forms",0.7035,,
2000,356,India,579,"Waste, parings and scrap, of plastics",0.064,,
2000,356,India,581,"Tubes, pipes and hoses of plastics",0.3623,,
2000,356,India,582,"Plates, sheets, films, foil & strip, of plastics",0.4771,,
2000,356,India,583,"Monofilaments, of plastics, cross-section > 1mm",0.192,,
2000,356,India,591,"Insectides &  similar products, for retail sale",3.4072,,
2000,356,India,592,"Starche, wheat gluten; albuminoidal substances; glues",0.6445,,
2000,356,India,593,Explosives and pyrotechnic products,0.896,,
2000,356,India,597,"Prepared addit. for miner. oils; lubricat., de-icing",0.1833,,
2000,356,India,598,"Miscellaneous chemical products, n.e.s.",0.6963,,
2000,356,India,611,Leather,3.069,,
2000,356,India,612,"Manufactures of leather, n.e.s.; saddlery & harness",14.0039,,
2000,356,India,621,"Materials of rubber (pastes, plates, sheets, etc.)",0.3397,,
2000,356,India,625,"Rubber tyres, tyre treads or flaps & inner tubes",1.2718,,
2000,356,India,629,"Articles of rubber, n.e.s.",1.0513,,
2000,356,India,633,Cork manufactures,0.1987,,
2000,356,India,634,"Veneers, plywood, and other wood, worked, n.e.s.",0.1389,,
2000,356,India,635,"Wood manufacture, n.e.s.",0.1205,,
2000,356,India,641,Paper and paperboard,0.2547,,
2000,356,India,642,"Paper & paperboard, cut to shape or size, articles",0.222,,
2000,356,India,651,Textile yarn,8.3127,,
2000,356,India,652,"Cotton fabrics, woven",7.0644,,
2000,356,India,653,"Fabrics, woven, of man-made fabrics",2.2088,,
2000,356,India,654,"Other textile fabrics, woven",4.925,,
2000,356,India,655,"Knitted or crocheted fabrics, n.e.s.",0.2922,,
2000,356,India,656,"Tulles, trimmings, lace, ribbons & other small wares",2.1896,,
2000,356,India,657,"Special yarn, special textile fabrics & related",0.6109,,
2000,356,India,658,"Made-up articles, of textile materials, n.e.s.",9.4806,,
2000,356,India,659,"Floor coverings, etc.",11.1078,,
2000,356,India,661,"Lime, cement, fabrica. constr. mat. (excludingglass, clay)",5.1769,,
2000,356,India,662,"Clay construction, refracto. construction materials",0.3477,,
2000,356,India,663,"Mineral manufactures, n.e.s.",0.3776,,
2000,356,India,664,Glass,0.4289,,
2000,356,India,665,Glassware,0.6922,,
2000,356,India,666,Pottery,0.1789,,
2000,356,India,667,"Pearls, precious & semi-precious stones",18.9838,,
2000,356,India,671,"Pig iron & spiegeleisen, sponge iron, powder & granu",2.1444,,
2000,356,India,672,"Ingots, primary forms, of iron or steel; semi-finis.",0.645,,
2000,356,India,673,"Flat-rolled prod., iron, non-alloy steel, not coated",1.5998,,
2000,356,India,674,"Flat-rolled prod., iron, non-alloy steel, coated, clad",2.2561,,
2000,356,India,675,Flat-rolled products of alloy steel,1.2276,,
2000,356,India,676,"Iron & steel bars, rods, angles, shapes & sections",1.0919,,
2000,356,India,677,"Rails & railway track construction mat., iron, steel",0.1524,,
2000,356,India,678,Wire of iron or steel,2.2758,,
2000,356,India,679,"Tubes, pipes & hollow profiles, fittings, iron, steel",0.9662,,
2000,356,India,681,"Silver, platinum, other metals of the platinum group",0.2194,,
2000,356,India,682,Copper,0.3637,,
2000,356,India,683,Nickel,0.0224,,
2000,356,India,684,Aluminium,0.7271,,
2000,356,India,685,Lead,0.0325,,
2000,356,India,686,Zinc,0.1517,,
2000,356,India,687,Tin,1.0403,,
2000,356,India,689,Miscellaneous no-ferrous base metals for metallur.,0.078,,
2000,356,India,691,"Structures & parts, n.e.s., of iron, steel, aluminium",0.8765,,
2000,356,India,692,Metal containers for storage or transport,0.3607,,
2000,356,India,693,Wire products (excluding electrical) and fencing grills,1.5794,,
2000,356,India,694,"Nails, screws, nuts, bolts, rivets & the like, of metal",0.9385,,
2000,356,India,695,Tools for use in the hand or in machine,1.2308,,
2000,356,India,696,Cutlery,1.1564,,
2000,356,India,697,"Household equipment of base metal, n.e.s.",4.2532,,
2000,356,India,699,"Manufactures of base metal, n.e.s.",1.2073,,
2000,356,India,711,"Vapour generating boilers, auxiliary plant; parts",0.5999,,
2000,356,India,712,"Steam turbines & other vapour turbin., parts, n.e.s.",0.0848,,
2000,356,India,713,"Internal combustion piston engines, parts, n.e.s.",0.4171,,
2000,356,India,714,"Engines & motors, non-electric; parts, n.e.s.",0.0236,,
2000,356,India,716,"Rotating electric plant & parts thereof, n.e.s.",0.359,,
2000,356,India,718,"Other power generating machinery & parts, n.e.s.",0.155,,
2000,356,India,721,Agricultural machinery (excluding tractors) & parts,0.2898,,
2000,356,India,722,Tractors (excluding those of 71414 & 74415),0.324,,
2000,356,India,723,Civil engineering & contractors' plant & equipment,0.0376,,
2000,356,India,724,"Textile & leather machinery, & parts thereof, n.e.s.",0.6614,,
2000,356,India,725,"Paper mill, pulp mill machinery; paper articles man.",0.2049,,
2000,356,India,726,"Printing & bookbinding machinery, & parts thereof",0.3011,,
2000,356,India,727,Food-processing machines (excluding domestic),0.5366,,
2000,356,India,728,"Other machinery for particular industries, n.e.s.",0.2381,,
2000,356,India,731,Machine-tools working by removing material,0.1509,,
2000,356,India,733,"Mach.-tools for working metal, excluding removing mate.",0.2494,,
2000,356,India,735,"Parts, n.e.s., & accessories for machines of 731, 733",0.6838,,
2000,356,India,737,Metalworking machinery (excludingmachine-tools) & parts,0.4085,,
2000,356,India,741,"Heating & cooling equipment & parts thereof, n.e.s.",0.179,,
2000,356,India,742,Pumps for liquids,0.533,,
2000,356,India,743,"Pumps (excluding liquid), gas compressors & fans; centr.",0.2699,,
2000,356,India,744,"Mechanical handling equipment, & parts, n.e.s.",0.1468,,
2000,356,India,745,"Other non-electr. machinery, tools & mechan. appar.",0.2384,,
2000,356,India,746,Ball or roller bearings,0.5384,,
2000,356,India,747,"Appliances for pipes, boiler shells, tanks, vats, etc.",0.4074,,
2000,356,India,748,Transmis. shafts,0.2884,,
2000,356,India,749,"Non-electric parts & accessor. of machinery, n.e.s.",0.3476,,
2000,356,India,751,Office machines,0.1214,,
2000,356,India,752,"Automatic data processing machines, n.e.s.",0.045,,
2000,356,India,759,"Parts, accessories for machines of groups 751, 752",0.129,,
2000,356,India,761,"Television receivers, whether or not combined",0.0952,,
2000,356,India,762,"Radio-broadcast receivers, whether or not combined",0.002,,
2000,356,India,763,Sound recorders or reproducers,0.0388,,
2000,356,India,764,"Telecommunication equipment, n.e.s.; & parts, n.e.s.",0.0527,,
2000,356,India,771,"Electric power machinery, and parts thereof",0.3526,,
2000,356,India,772,"Apparatus for electrical circuits; board, panels",0.1942,,
2000,356,India,773,"Equipment for distributing electricity, n.e.s.",0.4158,,
2000,356,India,774,"Electro-diagnostic appa. for medical sciences, etc.",0.9017,,
2000,356,India,775,"Household type equipment, electrical or not, n.e.s.",0.1042,,
2000,356,India,776,Cathode valves & tubes,0.0359,,
2000,356,India,778,"Electrical machinery & apparatus, n.e.s.",0.3104,,
2000,356,India,781,Motor vehicles for the transport of persons,0.0504,,
2000,356,India,782,"Motor vehic. for transport of goods, special purpo.",0.1652,,
2000,356,India,783,"Road motor vehicles, n.e.s.",0.7495,,
2000,356,India,784,"Parts & accessories of vehicles of 722, 781, 782, 783",0.3278,,
2000,356,India,785,Motorcycles & cycles,1.8688,,
2000,356,India,786,Trailers & semi-trailers,0.0801,,
2000,356,India,791,Railway vehicles & associated equipment,0.1204,,
2000,356,India,792,"Aircraft & associated equipment; spacecraft, etc.",0.08,,
2000,356,India,793,"Ships, boats & floating structures",0.1709,,
2000,356,India,811,Prefabricated buildings,0.0267,,
2000,356,India,812,"Sanitary, plumbing, heating fixtures, fittings, n.e.s.",0.4866,,
2000,356,India,813,"Lighting fixtures & fittings, n.e.s.",0.0896,,
2000,356,India,821,Furniture & parts,0.114,,
2000,356,India,831,"Travel goods, handbags & similar containers",3.0331,,
2000,356,India,841,"Men's clothing of textile fabrics, not knitted",4.4057,,
2000,356,India,842,"Women's clothing, of textile fabrics",6.816,,
2000,356,India,843,"Men's or boy's clothing, of textile, knitted, croche.",7.4624,,
2000,356,India,844,"Women's clothing, of textile, knitted or crocheted",3.242,,
2000,356,India,845,"Articles of apparel, of textile fabrics, n.e.s.",2.1816,,
2000,356,India,846,"Clothing accessories, of textile fabrics",3.7897,,
2000,356,India,848,"Articles of apparel, clothing access., excluding textile",5.4693,,
2000,356,India,851,Footwear,2.0128,,
2000,356,India,871,"Optical instruments & apparatus, n.e.s.",0.0396,,
2000,356,India,872,"Instruments & appliances, n.e.s., for medical, etc.",0.2641,,
2000,356,India,873,"Meters & counters, n.e.s.",0.3212,,
2000,356,India,874,"Measuring, analysing & controlling apparatus, n.e.s.",0.1254,,
2000,356,India,881,"Photographic apparatus & equipment, n.e.s.",0.0354,,
2000,356,India,882,Cinematographic & photographic supplies,0.1452,,
2000,356,India,883,"Cinematograph films, exposed & developed",11.5105,,
2000,356,India,884,"Optical goods, n.e.s.",0.2491,,
2000,356,India,885,Watches & clocks,0.3333,,
2000,356,India,891,Arms & ammunition,0.0412,,
2000,356,India,892,Printed matter,0.3233,,
2000,356,India,893,"Articles, n.e.s., of plastics",0.5148,,
2000,356,India,894,"Baby carriages, toys, games & sporting goods",0.221,,
2000,356,India,895,"Office & stationery supplies, n.e.s.",1.3169,,
2000,356,India,896,"Works of art, collectors' pieces & antiques",0.029,,
2000,356,India,897,"Jewellery & articles of precious materia., n.e.s.",5.7076,,
2000,356,India,898,"Musical instruments, parts; records, tapes & similar",1.4987,,
2000,356,India,899,"Miscellaneous manufactured articles, n.e.s.",0.581,,
2000,356,India,961,"Coin (other than gold coin), not being legal tender",0.0029,,
2000,356,India,971,"Gold, non-monetary (excluding gold ores and concentrates)",0,,
2001,356,India,001,Live animals other than animals of division 03,0.0351,,
2001,356,India,011,"Meat of bovine animals, fresh, chilled or frozen",2.9016,,
2001,356,India,012,Other meat and edible meat offal,0.05,,
2001,356,India,016,"Meat, edible meat offal, salted, dried; flours, meals",0.0373,,
2001,356,India,017,"Meat, edible meat offal, prepared, preserved, n.e.s.",0.0062,,
2001,356,India,022,"Milk, cream and milk products (excluding butter, cheese)",0.3099,,
2001,356,India,023,Butter and other fats and oils derived from milk,0.2532,,
2001,356,India,024,Cheese and curd,0.0042,,
2001,356,India,025,"Birds' eggs, and eggs' yolks; egg albumin",2.7848,,
2001,356,India,034,"Fish, fresh (live or dead), chilled or frozen",1.6824,,
2001,356,India,035,"Fish, dried, salted or in brine; smoked fish",0.3633,,
2001,356,India,036,"Crustaceans, mollusks and aquatic invertebrates",7.9268,,
2001,356,India,037,"Fish, aqua. invertebrates, prepared, preserved, n.e.s.",0.0618,,
2001,356,India,041,"Wheat (including spelt) and meslin, unmilled",2.8616,,
2001,356,India,042,Rice,12.3886,,
2001,356,India,043,"Barley, unmilled",0.0001,,
2001,356,India,044,"Maize (not including sweet corn), unmilled",0.2319,,
2001,356,India,045,"Cereals, unmilled (excluding wheat, rice, barley, maize)",0.3218,,
2001,356,India,046,Meal and flour of wheat and flour of meslin,3.1238,,
2001,356,India,047,Other cereal meals and flour,0.3312,,
2001,356,India,048,"Cereal preparations, flour of fruits or vegetables",0.1481,,
2001,356,India,054,Vegetables,1.3851,,
2001,356,India,056,"Vegetables, roots, tubers, prepared, preserved, n.e.s.",0.7705,,
2001,356,India,057,"Fruits and nuts (excluding oil nuts), fresh or dried",2.4239,,
2001,356,India,058,"Fruit, preserved, and fruit preparations (no juice)",1.9756,,
2001,356,India,059,"Fruit and vegetable juices, unfermented, no spirit",0.0983,,
2001,356,India,061,"Sugar, molasses and honey",3.8797,,
2001,356,India,062,Sugar confectionery,0.2132,,
2001,356,India,071,Coffee and coffee substitutes,4.1843,,
2001,356,India,072,Cocoa,0.027,,
2001,356,India,073,"Chocolate, food preparations with cocoa, n.e.s.",0.0485,,
2001,356,India,074,Tea and mate,18.8106,,
2001,356,India,075,Spices,12.8574,,
2001,356,India,081,Feeding stuff for animals (no unmilled cereals),2.7961,,
2001,356,India,091,Margarine and shortening,0.5493,,
2001,356,India,098,"Edible products and preparations, n.e.s.",0.494,,
2001,356,India,111,"Non-alcoholic beverages, n.e.s.",0.022,,
2001,356,India,112,Alcoholic beverages,0.0825,,
2001,356,India,121,"Tobacco, unmanufactured; tobacco refuse",3.0099,,
2001,356,India,122,"Tobacco, manufactured",0.4374,,
2001,356,India,211,"Hides and skins (except furskins), raw",0.028,,
2001,356,India,212,"Furskins, raw, other than hides & skins of group 211",0.0032,,
2001,356,India,222,Oil seeds and oleaginous fruits (excluding flour),1.8939,,
2001,356,India,223,"Oil seeds & oleaginous fruits (incl. flour, n.e.s.)",4.4361,,
2001,356,India,231,"Natural rubber & similar gums, in primary forms",0.1705,,
2001,356,India,232,Synthetic rubber,0.1859,,
2001,356,India,244,"Cork, natural, raw & waste (incl. blocks, sheets)",0.0613,,
2001,356,India,245,Fuel wood (excluding wood waste) and wood charcoal,0.7149,,
2001,356,India,246,Wood in chips or particles and wood waste,0.0001,,
2001,356,India,247,Wood in the rough or roughly squared,0.0207,,
2001,356,India,248,"Wood simply worked, and railway sleepers of wood",0.0058,,
2001,356,India,251,Pulp and waste paper,0.0137,,
2001,356,India,261,Silk,4.6433,,
2001,356,India,263,Cotton,0.276,,
2001,356,India,264,"Jute, other textile bast fibre, n.e.s., not spun; tow",3.0251,,
2001,356,India,265,"Vegetable textile fibres, not spun; waste of them",0.8779,,
2001,356,India,266,Synthetic fibres suitable for spinning,0.6761,,
2001,356,India,267,Other man-made fibres suitable for spinning,0.3256,,
2001,356,India,268,Wool and other animal hair (incl. wool tops),0.1354,,
2001,356,India,269,Worn clothing and other worn textile articles,0.509,,
2001,356,India,272,Crude fertilizers (excluding those of division 56),0.2809,,
2001,356,India,273,"Stone, sand and gravel",9.8138,,
2001,356,India,274,Sulphur and unroasted iron pyrites,0.0488,,
2001,356,India,277,"Natural abrasives, n.e.s. (incl. industri. diamonds)",4.8149,,
2001,356,India,278,Other crude minerals,1.4205,,
2001,356,India,281,Iron ore and concentrates,5.6016,,
2001,356,India,282,"Ferrous waste, scrape; remelting ingots, iron, steel",0.0794,,
2001,356,India,283,"Copper ores and concentrates; copper mattes, cemen",0.0152,,
2001,356,India,285,Aluminium ores and concentrates (incl. alumina),1.0131,,
2001,356,India,287,"Ores and concentrates of base metals, n.e.s.",2.7465,,
2001,356,India,288,"Non-ferrous base metal waste and scrap, n.e.s.",0.0942,,
2001,356,India,289,"Ores & concentrates of precious metals; waste, scrap",0.0158,,
2001,356,India,291,"Crude animal materials, n.e.s.",1.6844,,
2001,356,India,292,"Crude vegetable materials, n.e.s.",3.3727,,
2001,356,India,321,"Coal, whether or not pulverized, not agglomerated",0.3651,,
2001,356,India,322,"Briquettes, lignites and peat",0.0101,,
2001,356,India,325,"Coke & semi-cokes of coal, lign., peat; retort carbon",0.0187,,
2001,356,India,333,"Petroleum oils, oils from bitumin. materials, crude",0,,
2001,356,India,334,Petroleum oils or bituminous minerals > 70 % oil,1.9842,,
2001,356,India,335,"Residual petroleum products, n.e.s., related mater.",0.4145,,
2001,356,India,343,"Natural gas, whether or not liquefied",0.0001,,
2001,356,India,344,"Petroleum gases, other gaseous hydrocarbons, n.e.s.",0.0064,,
2001,356,India,345,"Coal gas, water gas & similar gases (excludinghydrocar.)",0.0077,,
2001,356,India,411,Animals oils and fats,0.1593,,
2001,356,India,421,"Fixed vegetable fats & oils, crude, refined, fractio.",0.0841,,
2001,356,India,422,"Fixed vegetable fats & oils, crude, refined, fract.",3.8099,,
2001,356,India,431,"Animal or veg. oils & fats, processed, n.e.s.; mixt.",1.4826,,
2001,356,India,511,"Hydrocarbons, n.e.s., & halogenated, nitr. derivative",0.7642,,
2001,356,India,512,"Alcohols, phenols, halogenat., sulfonat., nitrat. der.",1.3148,,
2001,356,India,513,"Carboxylic acids, anhydrides, halides, per.; derivati.",1.4962,,
2001,356,India,514,Nitrogen-function compounds,1.4558,,
2001,356,India,515,"Organo-inorganic, heterocycl. compounds, nucl. acids",0.5362,,
2001,356,India,516,Other organic chemicals,5.3892,,
2001,356,India,522,"Inorganic chemical elements, oxides & halogen salts",0.7385,,
2001,356,India,523,"Metallic salts & peroxysalts, of inorganic acids",1.1938,,
2001,356,India,524,Other inorganic chemicals,1.8786,,
2001,356,India,525,Radio-actives and associated materials,0.0799,,
2001,356,India,531,Synth. organic colouring matter & colouring lakes,7.107,,
2001,356,India,532,"Dyeing & tanning extracts, synth. tanning materials",1.5246,,
2001,356,India,533,"Pigments, paints, varnishes and related materials",0.4064,,
2001,356,India,541,"Medicinal and pharmaceutical products, excluding 542",1.4545,,
2001,356,India,542,Medicaments (incl. veterinary medicaments),1.3639,,
2001,356,India,551,"Essential oils, perfume & flavour materials",0.9533,,
2001,356,India,553,"Perfumery, cosmetics or toilet prepar. (excluding soaps)",0.8506,,
2001,356,India,554,"Soaps, cleansing and polishing preparations",0.31,,
2001,356,India,562,Fertilizers (other than those of group 272),0.2058,,
2001,356,India,571,"Polymers of ethylene, in primary forms",0.4719,,
2001,356,India,572,"Polymers of styrene, in primary forms",0.3833,,
2001,356,India,573,Polymers of vinyl chloride or halogenated olefins,0.4963,,
2001,356,India,574,"Polyethers, epoxide resins; polycarbonat., polyesters",0.454,,
2001,356,India,575,"Other plastics, in primary forms",0.8869,,
2001,356,India,579,"Waste, parings and scrap, of plastics",0.054,,
2001,356,India,581,"Tubes, pipes and hoses of plastics",0.2884,,
2001,356,India,582,"Plates, sheets, films, foil & strip, of plastics",0.6733,,
2001,356,India,583,"Monofilaments, of plastics, cross-section > 1mm",0.1284,,
2001,356,India,591,"Insectides &  similar products, for retail sale",3.6354,,
2001,356,India,592,"Starche, wheat gluten; albuminoidal substances; glues",0.7435,,
2001,356,India,593,Explosives and pyrotechnic products,1.0201,,
2001,356,India,597,"Prepared addit. for miner. oils; lubricat., de-icing",0.2869,,
2001,356,India,598,"Miscellaneous chemical products, n.e.s.",0.4944,,
2001,356,India,611,Leather,3.6316,,
2001,356,India,612,"Manufactures of leather, n.e.s.; saddlery & harness",11.8389,,
2001,356,India,613,"Furskins, tanned or dressed, excluding those of 8483",0.0018,,
2001,356,India,621,"Materials of rubber (pastes, plates, sheets, etc.)",0.4697,,
2001,356,India,625,"Rubber tyres, tyre treads or flaps & inner tubes",1.4193,,
2001,356,India,629,"Articles of rubber, n.e.s.",1.0215,,
2001,356,India,633,Cork manufactures,0.0507,,
2001,356,India,634,"Veneers, plywood, and other wood, worked, n.e.s.",0.1225,,
2001,356,India,635,"Wood manufacture, n.e.s.",0.1191,,
2001,356,India,641,Paper and paperboard,0.2562,,
2001,356,India,642,"Paper & paperboard, cut to shape or size, articles",0.2576,,
2001,356,India,651,Textile yarn,7.7257,,
2001,356,India,652,"Cotton fabrics, woven",6.2327,,
2001,356,India,653,"Fabrics, woven, of man-made fabrics",2.9449,,
2001,356,India,654,"Other textile fabrics, woven",5.1871,,
2001,356,India,655,"Knitted or crocheted fabrics, n.e.s.",0.3075,,
2001,356,India,656,"Tulles, trimmings, lace, ribbons & other small wares",1.9174,,
2001,356,India,657,"Special yarn, special textile fabrics & related",0.5657,,
2001,356,India,658,"Made-up articles, of textile materials, n.e.s.",8.6175,,
2001,356,India,659,"Floor coverings, etc.",9.757,,
2001,356,India,661,"Lime, cement, fabrica. constr. mat. (excludingglass, clay)",4.2651,,
2001,356,India,662,"Clay construction, refracto. construction materials",0.7436,,
2001,356,India,663,"Mineral manufactures, n.e.s.",0.4367,,
2001,356,India,664,Glass,0.4412,,
2001,356,India,665,Glassware,0.7341,,
2001,356,India,666,Pottery,0.2544,,
2001,356,India,667,"Pearls, precious & semi-precious stones",17.3386,,
2001,356,India,671,"Pig iron & spiegeleisen, sponge iron, powder & granu",1.8637,,
2001,356,India,672,"Ingots, primary forms, of iron or steel; semi-finis.",0.5741,,
2001,356,India,673,"Flat-rolled prod., iron, non-alloy steel, not coated",0.9209,,
2001,356,India,674,"Flat-rolled prod., iron, non-alloy steel, coated, clad",2.0262,,
2001,356,India,675,Flat-rolled products of alloy steel,0.9628,,
2001,356,India,676,"Iron & steel bars, rods, angles, shapes & sections",1.0554,,
2001,356,India,677,"Rails & railway track construction mat., iron, steel",0.2335,,
2001,356,India,678,Wire of iron or steel,2.0197,,
2001,356,India,679,"Tubes, pipes & hollow profiles, fittings, iron, steel",1.0451,,
2001,356,India,681,"Silver, platinum, other metals of the platinum group",0.0961,,
2001,356,India,682,Copper,0.5387,,
2001,356,India,683,Nickel,0.1108,,
2001,356,India,684,Aluminium,0.7028,,
2001,356,India,685,Lead,0.0769,,
2001,356,India,686,Zinc,0.0647,,
2001,356,India,687,Tin,0.9177,,
2001,356,India,689,Miscellaneous no-ferrous base metals for metallur.,0.101,,
2001,356,India,691,"Structures & parts, n.e.s., of iron, steel, aluminium",0.6227,,
2001,356,India,692,Metal containers for storage or transport,0.373,,
2001,356,India,693,Wire products (excluding electrical) and fencing grills,1.4937,,
2001,356,India,694,"Nails, screws, nuts, bolts, rivets & the like, of metal",0.995,,
2001,356,India,695,Tools for use in the hand or in machine,1.2362,,
2001,356,India,696,Cutlery,1.0272,,
2001,356,India,697,"Household equipment of base metal, n.e.s.",4.6665,,
2001,356,India,699,"Manufactures of base metal, n.e.s.",1.2881,,
2001,356,India,711,"Vapour generating boilers, auxiliary plant; parts",0.7877,,
2001,356,India,712,"Steam turbines & other vapour turbin., parts, n.e.s.",0.6364,,
2001,356,India,713,"Internal combustion piston engines, parts, n.e.s.",0.3093,,
2001,356,India,714,"Engines & motors, non-electric; parts, n.e.s.",0.0416,,
2001,356,India,716,"Rotating electric plant & parts thereof, n.e.s.",0.4137,,
2001,356,India,718,"Other power generating machinery & parts, n.e.s.",0.2792,,
2001,356,India,721,Agricultural machinery (excluding tractors) & parts,0.2505,,
2001,356,India,722,Tractors (excluding those of 71414 & 74415),0.4966,,
2001,356,India,723,Civil engineering & contractors' plant & equipment,0.1057,,
2001,356,India,724,"Textile & leather machinery, & parts thereof, n.e.s.",0.8537,,
2001,356,India,725,"Paper mill, pulp mill machinery; paper articles man.",0.2531,,
2001,356,India,726,"Printing & bookbinding machinery, & parts thereof",0.2414,,
2001,356,India,727,Food-processing machines (excluding domestic),0.5807,,
2001,356,India,728,"Other machinery for particular industries, n.e.s.",0.3738,,
2001,356,India,731,Machine-tools working by removing material,0.1933,,
2001,356,India,733,"Mach.-tools for working metal, excluding removing mate.",0.3317,,
2001,356,India,735,"Parts, n.e.s., & accessories for machines of 731, 733",0.9268,,
2001,356,India,737,Metalworking machinery (excludingmachine-tools) & parts,0.6093,,
2001,356,India,741,"Heating & cooling equipment & parts thereof, n.e.s.",0.2004,,
2001,356,India,742,Pumps for liquids,0.5982,,
2001,356,India,743,"Pumps (excluding liquid), gas compressors & fans; centr.",0.2468,,
2001,356,India,744,"Mechanical handling equipment, & parts, n.e.s.",0.1608,,
2001,356,India,745,"Other non-electr. machinery, tools & mechan. appar.",0.2397,,
2001,356,India,746,Ball or roller bearings,0.6059,,
2001,356,India,747,"Appliances for pipes, boiler shells, tanks, vats, etc.",0.5188,,
2001,356,India,748,Transmis. shafts,0.2961,,
2001,356,India,749,"Non-electric parts & accessor. of machinery, n.e.s.",0.3919,,
2001,356,India,751,Office machines,0.1491,,
2001,356,India,752,"Automatic data processing machines, n.e.s.",0.0723,,
2001,356,India,759,"Parts, accessories for machines of groups 751, 752",0.247,,
2001,356,India,761,"Television receivers, whether or not combined",0.1428,,
2001,356,India,762,"Radio-broadcast receivers, whether or not combined",0.0063,,
2001,356,India,763,Sound recorders or reproducers,0.0804,,
2001,356,India,764,"Telecommunication equipment, n.e.s.; & parts, n.e.s.",0.0653,,
2001,356,India,771,"Electric power machinery, and parts thereof",0.4716,,
2001,356,India,772,"Apparatus for electrical circuits; board, panels",0.2436,,
2001,356,India,773,"Equipment for distributing electricity, n.e.s.",0.5079,,
2001,356,India,774,"Electro-diagnostic appa. for medical sciences, etc.",1.0379,,
2001,356,India,775,"Household type equipment, electrical or not, n.e.s.",0.1129,,
2001,356,India,776,Cathode valves & tubes,0.0537,,
2001,356,India,778,"Electrical machinery & apparatus, n.e.s.",0.4037,,
2001,356,India,781,Motor vehicles for the transport of persons,0.0401,,
2001,356,India,782,"Motor vehic. for transport of goods, special purpo.",0.1248,,
2001,356,India,783,"Road motor vehicles, n.e.s.",0.2527,,
2001,356,India,784,"Parts & accessories of vehicles of 722, 781, 782, 783",0.3667,,
2001,356,India,785,Motorcycles & cycles,2.1085,,
2001,356,India,786,Trailers & semi-trailers,0.1025,,
2001,356,India,791,Railway vehicles & associated equipment,0.4492,,
2001,356,India,792,"Aircraft & associated equipment; spacecraft, etc.",0.0967,,
2001,356,India,793,"Ships, boats & floating structures",0.1575,,
2001,356,India,811,Prefabricated buildings,0.0317,,
2001,356,India,812,"Sanitary, plumbing, heating fixtures, fittings, n.e.s.",0.4857,,
2001,356,India,813,"Lighting fixtures & fittings, n.e.s.",0.1016,,
2001,356,India,821,Furniture & parts,0.1076,,
2001,356,India,831,"Travel goods, handbags & similar containers",2.7498,,
2001,356,India,841,"Men's clothing of textile fabrics, not knitted",3.8121,,
2001,356,India,842,"Women's clothing, of textile fabrics",5.5502,,
2001,356,India,843,"Men's or boy's clothing, of textile, knitted, croche.",7.7825,,
2001,356,India,844,"Women's clothing, of textile, knitted or crocheted",2.9467,,
2001,356,India,845,"Articles of apparel, of textile fabrics, n.e.s.",2.0768,,
2001,356,India,846,"Clothing accessories, of textile fabrics",2.605,,
2001,356,India,848,"Articles of apparel, clothing access., excluding textile",4.3157,,
2001,356,India,851,Footwear,1.886,,
2001,356,India,871,"Optical instruments & apparatus, n.e.s.",0.0479,,
2001,356,India,872,"Instruments & appliances, n.e.s., for medical, etc.",0.2165,,
2001,356,India,873,"Meters & counters, n.e.s.",0.2481,,
2001,356,India,874,"Measuring, analysing & controlling apparatus, n.e.s.",0.1424,,
2001,356,India,881,"Photographic apparatus & equipment, n.e.s.",0.0682,,
2001,356,India,882,Cinematographic & photographic supplies,0.0848,,
2001,356,India,883,"Cinematograph films, exposed & developed",7.1602,,
2001,356,India,884,"Optical goods, n.e.s.",0.2761,,
2001,356,India,885,Watches & clocks,0.4005,,
2001,356,India,891,Arms & ammunition,0.2143,,
2001,356,India,892,Printed matter,0.3064,,
2001,356,India,893,"Articles, n.e.s., of plastics",0.5541,,
2001,356,India,894,"Baby carriages, toys, games & sporting goods",0.2393,,
2001,356,India,895,"Office & stationery supplies, n.e.s.",1.4213,,
2001,356,India,896,"Works of art, collectors' pieces & antiques",0.0455,,
2001,356,India,897,"Jewellery & articles of precious materia., n.e.s.",6.6865,,
2001,356,India,898,"Musical instruments, parts; records, tapes & similar",1.2563,,
2001,356,India,899,"Miscellaneous manufactured articles, n.e.s.",0.6066,,
2001,356,India,961,"Coin (other than gold coin), not being legal tender",0.0323,,
2001,356,India,971,"Gold, non-monetary (excluding gold ores and concentrates)",0.0011,,
2002,356,India,001,Live animals other than animals of division 03,0.0138,,
2002,356,India,011,"Meat of bovine animals, fresh, chilled or frozen",2.4814,,
2002,356,India,012,Other meat and edible meat offal,0.0486,,
2002,356,India,016,"Meat, edible meat offal, salted, dried; flours, meals",0.0687,,
2002,356,India,017,"Meat, edible meat offal, prepared, preserved, n.e.s.",0.0479,,
2002,356,India,022,"Milk, cream and milk products (excluding butter, cheese)",0.1738,,
2002,356,India,023,Butter and other fats and oils derived from milk,0.225,,
2002,356,India,024,Cheese and curd,0.0051,,
2002,356,India,025,"Birds' eggs, and eggs' yolks; egg albumin",2.6642,,
2002,356,India,034,"Fish, fresh (live or dead), chilled or frozen",1.5338,,
2002,356,India,035,"Fish, dried, salted or in brine; smoked fish",0.3086,,
2002,356,India,036,"Crustaceans, mollusks and aquatic invertebrates",7.9899,,
2002,356,India,037,"Fish, aqua. invertebrates, prepared, preserved, n.e.s.",0.2137,,
2002,356,India,041,"Wheat (including spelt) and meslin, unmilled",3.3245,,
2002,356,India,042,Rice,21.9724,,
2002,356,India,043,"Barley, unmilled",0.002,,
2002,356,India,044,"Maize (not including sweet corn), unmilled",0.2331,,
2002,356,India,045,"Cereals, unmilled (excluding wheat, rice, barley, maize)",0.4631,,
2002,356,India,046,Meal and flour of wheat and flour of meslin,4.0225,,
2002,356,India,047,Other cereal meals and flour,0.896,,
2002,356,India,048,"Cereal preparations, flour of fruits or vegetables",0.2258,,
2002,356,India,054,Vegetables,1.2865,,
2002,356,India,056,"Vegetables, roots, tubers, prepared, preserved, n.e.s.",0.6708,,
2002,356,India,057,"Fruits and nuts (excluding oil nuts), fresh or dried",2.1659,,
2002,356,India,058,"Fruit, preserved, and fruit preparations (no juice)",1.5416,,
2002,356,India,059,"Fruit and vegetable juices, unfermented, no spirit",0.1023,,
2002,356,India,061,"Sugar, molasses and honey",3.1807,,
2002,356,India,062,Sugar confectionery,0.2401,,
2002,356,India,071,Coffee and coffee substitutes,2.7901,,
2002,356,India,072,Cocoa,0.0017,,
2002,356,India,073,"Chocolate, food preparations with cocoa, n.e.s.",0.0341,,
2002,356,India,074,Tea and mate,13.8297,,
2002,356,India,075,Spices,10.5501,,
2002,356,India,081,Feeding stuff for animals (no unmilled cereals),2.2631,,
2002,356,India,091,Margarine and shortening,0.25,,
2002,356,India,098,"Edible products and preparations, n.e.s.",0.4481,,
2002,356,India,111,"Non-alcoholic beverages, n.e.s.",0.0125,,
2002,356,India,112,Alcoholic beverages,0.0766,,
2002,356,India,121,"Tobacco, unmanufactured; tobacco refuse",3.4119,,
2002,356,India,122,"Tobacco, manufactured",0.4372,,
2002,356,India,211,"Hides and skins (except furskins), raw",0.0367,,
2002,356,India,212,"Furskins, raw, other than hides & skins of group 211",0.0084,,
2002,356,India,222,Oil seeds and oleaginous fruits (excluding flour),1.0451,,
2002,356,India,223,"Oil seeds & oleaginous fruits (incl. flour, n.e.s.)",3.5642,,
2002,356,India,231,"Natural rubber & similar gums, in primary forms",0.6457,,
2002,356,India,232,Synthetic rubber,0.169,,
2002,356,India,244,"Cork, natural, raw & waste (incl. blocks, sheets)",0.0599,,
2002,356,India,245,Fuel wood (excluding wood waste) and wood charcoal,0.9028,,
2002,356,India,246,Wood in chips or particles and wood waste,0.0011,,
2002,356,India,247,Wood in the rough or roughly squared,0.0338,,
2002,356,India,248,"Wood simply worked, and railway sleepers of wood",0.008,,
2002,356,India,251,Pulp and waste paper,0.0016,,
2002,356,India,261,Silk,1.7726,,
2002,356,India,263,Cotton,0.1753,,
2002,356,India,264,"Jute, other textile bast fibre, n.e.s., not spun; tow",2.0046,,
2002,356,India,265,"Vegetable textile fibres, not spun; waste of them",1.1653,,
2002,356,India,266,Synthetic fibres suitable for spinning,0.7861,,
2002,356,India,267,Other man-made fibres suitable for spinning,0.6673,,
2002,356,India,268,Wool and other animal hair (incl. wool tops),0.3727,,
2002,356,India,269,Worn clothing and other worn textile articles,0.4296,,
2002,356,India,272,Crude fertilizers (excluding those of division 56),0.0537,,
2002,356,India,273,"Stone, sand and gravel",9.3737,,
2002,356,India,274,Sulphur and unroasted iron pyrites,0.1631,,
2002,356,India,277,"Natural abrasives, n.e.s. (incl. industri. diamonds)",4.8215,,
2002,356,India,278,Other crude minerals,1.1444,,
2002,356,India,281,Iron ore and concentrates,9.7702,,
2002,356,India,282,"Ferrous waste, scrape; remelting ingots, iron, steel",0.0825,,
2002,356,India,283,"Copper ores and concentrates; copper mattes, cemen",0.1469,,
2002,356,India,284,"Nickel ores & concentrates; nickel mattes, etc.",0.0044,,
2002,356,India,285,Aluminium ores and concentrates (incl. alumina),5.5679,,
2002,356,India,286,Ores and concentrates of uranium or thorium,0.0095,,
2002,356,India,287,"Ores and concentrates of base metals, n.e.s.",2.1882,,
2002,356,India,288,"Non-ferrous base metal waste and scrap, n.e.s.",0.2183,,
2002,356,India,289,"Ores & concentrates of precious metals; waste, scrap",0.015,,
2002,356,India,291,"Crude animal materials, n.e.s.",1.5742,,
2002,356,India,292,"Crude vegetable materials, n.e.s.",2.7863,,
2002,356,India,321,"Coal, whether or not pulverized, not agglomerated",0.3267,,
2002,356,India,322,"Briquettes, lignites and peat",0.0103,,
2002,356,India,325,"Coke & semi-cokes of coal, lign., peat; retort carbon",0.0065,,
2002,356,India,333,"Petroleum oils, oils from bitumin. materials, crude",0,,
2002,356,India,334,Petroleum oils or bituminous minerals > 70 % oil,1.963,,
2002,356,India,335,"Residual petroleum products, n.e.s., related mater.",1.0411,,
2002,356,India,342,Liquefied propane and butane,0.0005,,
2002,356,India,343,"Natural gas, whether or not liquefied",0.0261,,
2002,356,India,344,"Petroleum gases, other gaseous hydrocarbons, n.e.s.",0.0436,,
2002,356,India,411,Animals oils and fats,0.1448,,
2002,356,India,421,"Fixed vegetable fats & oils, crude, refined, fractio.",0.1405,,
2002,356,India,422,"Fixed vegetable fats & oils, crude, refined, fract.",1.7207,,
2002,356,India,431,"Animal or veg. oils & fats, processed, n.e.s.; mixt.",1.4164,,
2002,356,India,511,"Hydrocarbons, n.e.s., & halogenated, nitr. derivative",1.0509,,
2002,356,India,512,"Alcohols, phenols, halogenat., sulfonat., nitrat. der.",0.9947,,
2002,356,India,513,"Carboxylic acids, anhydrides, halides, per.; derivati.",1.7018,,
2002,356,India,514,Nitrogen-function compounds,1.4867,,
2002,356,India,515,"Organo-inorganic, heterocycl. compounds, nucl. acids",0.4736,,
2002,356,India,516,Other organic chemicals,5.5674,,
2002,356,India,522,"Inorganic chemical elements, oxides & halogen salts",0.7827,,
2002,356,India,523,"Metallic salts & peroxysalts, of inorganic acids",1.2385,,
2002,356,India,524,Other inorganic chemicals,0.7096,,
2002,356,India,525,Radio-actives and associated materials,0.0528,,
2002,356,India,531,Synth. organic colouring matter & colouring lakes,6.8521,,
2002,356,India,532,"Dyeing & tanning extracts, synth. tanning materials",1.8505,,
2002,356,India,533,"Pigments, paints, varnishes and related materials",0.3714,,
2002,356,India,541,"Medicinal and pharmaceutical products, excluding 542",1.4146,,
2002,356,India,542,Medicaments (incl. veterinary medicaments),1.1794,,
2002,356,India,551,"Essential oils, perfume & flavour materials",0.9646,,
2002,356,India,553,"Perfumery, cosmetics or toilet prepar. (excluding soaps)",0.7086,,
2002,356,India,554,"Soaps, cleansing and polishing preparations",0.4109,,
2002,356,India,562,Fertilizers (other than those of group 272),0.0196,,
2002,356,India,571,"Polymers of ethylene, in primary forms",0.7825,,
2002,356,India,572,"Polymers of styrene, in primary forms",0.6482,,
2002,356,India,573,Polymers of vinyl chloride or halogenated olefins,0.1504,,
2002,356,India,574,"Polyethers, epoxide resins; polycarbonat., polyesters",0.3067,,
2002,356,India,575,"Other plastics, in primary forms",0.9105,,
2002,356,India,579,"Waste, parings and scrap, of plastics",0.0323,,
2002,356,India,581,"Tubes, pipes and hoses of plastics",0.2873,,
2002,356,India,582,"Plates, sheets, films, foil & strip, of plastics",0.7166,,
2002,356,India,583,"Monofilaments, of plastics, cross-section > 1mm",0.1221,,
2002,356,India,591,"Insectides &  similar products, for retail sale",3.6151,,
2002,356,India,592,"Starche, wheat gluten; albuminoidal substances; glues",0.6286,,
2002,356,India,593,Explosives and pyrotechnic products,0.645,,
2002,356,India,597,"Prepared addit. for miner. oils; lubricat., de-icing",0.5321,,
2002,356,India,598,"Miscellaneous chemical products, n.e.s.",0.3703,,
2002,356,India,611,Leather,3.7797,,
2002,356,India,612,"Manufactures of leather, n.e.s.; saddlery & harness",10.0732,,
2002,356,India,613,"Furskins, tanned or dressed, excluding those of 8483",0.0057,,
2002,356,India,621,"Materials of rubber (pastes, plates, sheets, etc.)",0.5514,,
2002,356,India,625,"Rubber tyres, tyre treads or flaps & inner tubes",1.5395,,
2002,356,India,629,"Articles of rubber, n.e.s.",1.074,,
2002,356,India,633,Cork manufactures,0.0428,,
2002,356,India,634,"Veneers, plywood, and other wood, worked, n.e.s.",0.1392,,
2002,356,India,635,"Wood manufacture, n.e.s.",0.1414,,
2002,356,India,641,Paper and paperboard,0.2952,,
2002,356,India,642,"Paper & paperboard, cut to shape or size, articles",0.3494,,
2002,356,India,651,Textile yarn,7.0237,,
2002,356,India,652,"Cotton fabrics, woven",5.2497,,
2002,356,India,653,"Fabrics, woven, of man-made fabrics",3.3076,,
2002,356,India,654,"Other textile fabrics, woven",5.1068,,
2002,356,India,655,"Knitted or crocheted fabrics, n.e.s.",0.2277,,
2002,356,India,656,"Tulles, trimmings, lace, ribbons & other small wares",1.9559,,
2002,356,India,657,"Special yarn, special textile fabrics & related",0.5537,,
2002,356,India,658,"Made-up articles, of textile materials, n.e.s.",7.97,,
2002,356,India,659,"Floor coverings, etc.",8.8614,,
2002,356,India,661,"Lime, cement, fabrica. constr. mat. (excludingglass, clay)",4.188,,
2002,356,India,662,"Clay construction, refracto. construction materials",0.6113,,
2002,356,India,663,"Mineral manufactures, n.e.s.",0.4179,,
2002,356,India,664,Glass,0.4729,,
2002,356,India,665,Glassware,0.8493,,
2002,356,India,666,Pottery,0.3538,,
2002,356,India,667,"Pearls, precious & semi-precious stones",16.152,,
2002,356,India,671,"Pig iron & spiegeleisen, sponge iron, powder & granu",1.5713,,
2002,356,India,672,"Ingots, primary forms, of iron or steel; semi-finis.",1.0457,,
2002,356,India,673,"Flat-rolled prod., iron, non-alloy steel, not coated",1.3501,,
2002,356,India,674,"Flat-rolled prod., iron, non-alloy steel, coated, clad",2.8689,,
2002,356,India,675,Flat-rolled products of alloy steel,1.5659,,
2002,356,India,676,"Iron & steel bars, rods, angles, shapes & sections",1.1678,,
2002,356,India,677,"Rails & railway track construction mat., iron, steel",0.3015,,
2002,356,India,678,Wire of iron or steel,2.5437,,
2002,356,India,679,"Tubes, pipes & hollow profiles, fittings, iron, steel",1.1345,,
2002,356,India,681,"Silver, platinum, other metals of the platinum group",0.0389,,
2002,356,India,682,Copper,1.0196,,
2002,356,India,683,Nickel,0.0327,,
2002,356,India,684,Aluminium,0.89,,
2002,356,India,685,Lead,0.0411,,
2002,356,India,686,Zinc,0.0777,,
2002,356,India,687,Tin,0.8291,,
2002,356,India,689,Miscellaneous no-ferrous base metals for metallur.,0.0543,,
2002,356,India,691,"Structures & parts, n.e.s., of iron, steel, aluminium",0.595,,
2002,356,India,692,Metal containers for storage or transport,0.4251,,
2002,356,India,693,Wire products (excluding electrical) and fencing grills,1.5703,,
2002,356,India,694,"Nails, screws, nuts, bolts, rivets & the like, of metal",0.9642,,
2002,356,India,695,Tools for use in the hand or in machine,1.141,,
2002,356,India,696,Cutlery,0.9644,,
2002,356,India,697,"Household equipment of base metal, n.e.s.",3.6886,,
2002,356,India,699,"Manufactures of base metal, n.e.s.",1.137,,
2002,356,India,711,"Vapour generating boilers, auxiliary plant; parts",0.8746,,
2002,356,India,712,"Steam turbines & other vapour turbin., parts, n.e.s.",1.2162,,
2002,356,India,713,"Internal combustion piston engines, parts, n.e.s.",0.3083,,
2002,356,India,714,"Engines & motors, non-electric; parts, n.e.s.",0.0544,,
2002,356,India,716,"Rotating electric plant & parts thereof, n.e.s.",0.4602,,
2002,356,India,718,"Other power generating machinery & parts, n.e.s.",0.331,,
2002,356,India,721,Agricultural machinery (excluding tractors) & parts,0.1858,,
2002,356,India,722,Tractors (excluding those of 71414 & 74415),0.7463,,
2002,356,India,723,Civil engineering & contractors' plant & equipment,0.0924,,
2002,356,India,724,"Textile & leather machinery, & parts thereof, n.e.s.",0.584,,
2002,356,India,725,"Paper mill, pulp mill machinery; paper articles man.",0.1432,,
2002,356,India,726,"Printing & bookbinding machinery, & parts thereof",0.3404,,
2002,356,India,727,Food-processing machines (excluding domestic),0.4392,,
2002,356,India,728,"Other machinery for particular industries, n.e.s.",0.3784,,
2002,356,India,731,Machine-tools working by removing material,0.1479,,
2002,356,India,733,"Mach.-tools for working metal, excluding removing mate.",0.2753,,
2002,356,India,735,"Parts, n.e.s., & accessories for machines of 731, 733",1.1618,,
2002,356,India,737,Metalworking machinery (excludingmachine-tools) & parts,0.8525,,
2002,356,India,741,"Heating & cooling equipment & parts thereof, n.e.s.",0.2287,,
2002,356,India,742,Pumps for liquids,0.5848,,
2002,356,India,743,"Pumps (excluding liquid), gas compressors & fans; centr.",0.2973,,
2002,356,India,744,"Mechanical handling equipment, & parts, n.e.s.",0.1724,,
2002,356,India,745,"Other non-electr. machinery, tools & mechan. appar.",0.2847,,
2002,356,India,746,Ball or roller bearings,0.6142,,
2002,356,India,747,"Appliances for pipes, boiler shells, tanks, vats, etc.",0.5235,,
2002,356,India,748,Transmis. shafts,0.3719,,
2002,356,India,749,"Non-electric parts & accessor. of machinery, n.e.s.",0.3507,,
2002,356,India,751,Office machines,0.13,,
2002,356,India,752,"Automatic data processing machines, n.e.s.",0.0977,,
2002,356,India,759,"Parts, accessories for machines of groups 751, 752",0.1151,,
2002,356,India,761,"Television receivers, whether or not combined",0.1576,,
2002,356,India,762,"Radio-broadcast receivers, whether or not combined",0.0017,,
2002,356,India,763,Sound recorders or reproducers,0.032,,
2002,356,India,764,"Telecommunication equipment, n.e.s.; & parts, n.e.s.",0.0668,,
2002,356,India,771,"Electric power machinery, and parts thereof",0.4586,,
2002,356,India,772,"Apparatus for electrical circuits; board, panels",0.2719,,
2002,356,India,773,"Equipment for distributing electricity, n.e.s.",0.5511,,
2002,356,India,774,"Electro-diagnostic appa. for medical sciences, etc.",1.2157,,
2002,356,India,775,"Household type equipment, electrical or not, n.e.s.",0.1156,,
2002,356,India,776,Cathode valves & tubes,0.077,,
2002,356,India,778,"Electrical machinery & apparatus, n.e.s.",0.3302,,
2002,356,India,781,Motor vehicles for the transport of persons,0.0563,,
2002,356,India,782,"Motor vehic. for transport of goods, special purpo.",0.0835,,
2002,356,India,783,"Road motor vehicles, n.e.s.",0.3309,,
2002,356,India,784,"Parts & accessories of vehicles of 722, 781, 782, 783",0.3347,,
2002,356,India,785,Motorcycles & cycles,2.0785,,
2002,356,India,786,Trailers & semi-trailers,0.1276,,
2002,356,India,791,Railway vehicles & associated equipment,0.0846,,
2002,356,India,792,"Aircraft & associated equipment; spacecraft, etc.",0.1098,,
2002,356,India,793,"Ships, boats & floating structures",0.1544,,
2002,356,India,811,Prefabricated buildings,0.0157,,
2002,356,India,812,"Sanitary, plumbing, heating fixtures, fittings, n.e.s.",0.4071,,
2002,356,India,813,"Lighting fixtures & fittings, n.e.s.",0.0854,,
2002,356,India,821,Furniture & parts,0.1218,,
2002,356,India,831,"Travel goods, handbags & similar containers",2.6651,,
2002,356,India,841,"Men's clothing of textile fabrics, not knitted",3.3905,,
2002,356,India,842,"Women's clothing, of textile fabrics",4.9425,,
2002,356,India,843,"Men's or boy's clothing, of textile, knitted, croche.",8.154,,
2002,356,India,844,"Women's clothing, of textile, knitted or crocheted",2.9552,,
2002,356,India,845,"Articles of apparel, of textile fabrics, n.e.s.",2.1985,,
2002,356,India,846,"Clothing accessories, of textile fabrics",2.351,,
2002,356,India,848,"Articles of apparel, clothing access., excluding textile",2.9392,,
2002,356,India,851,Footwear,1.662,,
2002,356,India,871,"Optical instruments & apparatus, n.e.s.",0.0335,,
2002,356,India,872,"Instruments & appliances, n.e.s., for medical, etc.",0.2059,,
2002,356,India,873,"Meters & counters, n.e.s.",0.1514,,
2002,356,India,874,"Measuring, analysing & controlling apparatus, n.e.s.",0.1464,,
2002,356,India,881,"Photographic apparatus & equipment, n.e.s.",0.0731,,
2002,356,India,882,Cinematographic & photographic supplies,0.0674,,
2002,356,India,883,"Cinematograph films, exposed & developed",4.569,,
2002,356,India,884,"Optical goods, n.e.s.",0.1792,,
2002,356,India,885,Watches & clocks,0.3389,,
2002,356,India,891,Arms & ammunition,0.0564,,
2002,356,India,892,Printed matter,0.3135,,
2002,356,India,893,"Articles, n.e.s., of plastics",0.5075,,
2002,356,India,894,"Baby carriages, toys, games & sporting goods",0.2038,,
2002,356,India,895,"Office & stationery supplies, n.e.s.",1.2144,,
2002,356,India,896,"Works of art, collectors' pieces & antiques",0.0632,,
2002,356,India,897,"Jewellery & articles of precious materia., n.e.s.",6.9858,,
2002,356,India,898,"Musical instruments, parts; records, tapes & similar",0.8686,,
2002,356,India,899,"Miscellaneous manufactured articles, n.e.s.",0.5619,,
2002,356,India,961,"Coin (other than gold coin), not being legal tender",0.0034,,
2002,356,India,971,"Gold, non-monetary (excluding gold ores and concentrates)",0.0004,,
2003,356,India,001,Live animals other than animals of division 03,0.0483,,
2003,356,India,011,"Meat of bovine animals, fresh, chilled or frozen",2.1255,,
2003,356,India,012,Other meat and edible meat offal,0.1202,,
2003,356,India,016,"Meat, edible meat offal, salted, dried; flours, meals",0.0608,,
2003,356,India,017,"Meat, edible meat offal, prepared, preserved, n.e.s.",0.0415,,
2003,356,India,022,"Milk, cream and milk products (excluding butter, cheese)",0.1354,,
2003,356,India,023,Butter and other fats and oils derived from milk,0.1899,,
2003,356,India,024,Cheese and curd,0.0086,,
2003,356,India,025,"Birds' eggs, and eggs' yolks; egg albumin",2.9503,,
2003,356,India,034,"Fish, fresh (live or dead), chilled or frozen",1.0314,,
2003,356,India,035,"Fish, dried, salted or in brine; smoked fish",0.4807,,
2003,356,India,036,"Crustaceans, mollusks and aquatic invertebrates",7.1287,,
2003,356,India,037,"Fish, aqua. invertebrates, prepared, preserved, n.e.s.",0.7281,,
2003,356,India,041,"Wheat (including spelt) and meslin, unmilled",3.712,,
2003,356,India,042,Rice,15.5034,,
2003,356,India,043,"Barley, unmilled",0.0023,,
2003,356,India,044,"Maize (not including sweet corn), unmilled",0.3341,,
2003,356,India,045,"Cereals, unmilled (excluding wheat, rice, barley, maize)",0.4848,,
2003,356,India,046,Meal and flour of wheat and flour of meslin,5.0166,,
2003,356,India,047,Other cereal meals and flour,0.5913,,
2003,356,India,048,"Cereal preparations, flour of fruits or vegetables",0.2603,,
2003,356,India,054,Vegetables,1.2534,,
2003,356,India,056,"Vegetables, roots, tubers, prepared, preserved, n.e.s.",0.7705,,
2003,356,India,057,"Fruits and nuts (excluding oil nuts), fresh or dried",1.7439,,
2003,356,India,058,"Fruit, preserved, and fruit preparations (no juice)",0.5946,,
2003,356,India,059,"Fruit and vegetable juices, unfermented, no spirit",0.0796,,
2003,356,India,061,"Sugar, molasses and honey",3.826,,
2003,356,India,062,Sugar confectionery,0.2665,,
2003,356,India,071,Coffee and coffee substitutes,2.543,,
2003,356,India,072,Cocoa,0.0008,,
2003,356,India,073,"Chocolate, food preparations with cocoa, n.e.s.",0.0452,,
2003,356,India,074,Tea and mate,12.5117,,
2003,356,India,075,Spices,9.4176,,
2003,356,India,081,Feeding stuff for animals (no unmilled cereals),2.1792,,
2003,356,India,091,Margarine and shortening,0.2378,,
2003,356,India,098,"Edible products and preparations, n.e.s.",0.3229,,
2003,356,India,111,"Non-alcoholic beverages, n.e.s.",0.0459,,
2003,356,India,112,Alcoholic beverages,0.0682,,
2003,356,India,121,"Tobacco, unmanufactured; tobacco refuse",3.2796,,
2003,356,India,122,"Tobacco, manufactured",0.4919,,
2003,356,India,211,"Hides and skins (except furskins), raw",0.0539,,
2003,356,India,212,"Furskins, raw, other than hides & skins of group 211",0.0071,,
2003,356,India,222,Oil seeds and oleaginous fruits (excluding flour),1.4066,,
2003,356,India,223,"Oil seeds & oleaginous fruits (incl. flour, n.e.s.)",2.3514,,
2003,356,India,231,"Natural rubber & similar gums, in primary forms",0.8313,,
2003,356,India,232,Synthetic rubber,0.3107,,
2003,356,India,244,"Cork, natural, raw & waste (incl. blocks, sheets)",0.0867,,
2003,356,India,245,Fuel wood (excluding wood waste) and wood charcoal,0.5825,,
2003,356,India,246,Wood in chips or particles and wood waste,0.0021,,
2003,356,India,247,Wood in the rough or roughly squared,0.045,,
2003,356,India,248,"Wood simply worked, and railway sleepers of wood",0.009,,
2003,356,India,251,Pulp and waste paper,0.004,,
2003,356,India,261,Silk,1.0781,,
2003,356,India,263,Cotton,0.7845,,
2003,356,India,264,"Jute, other textile bast fibre, n.e.s., not spun; tow",2.3513,,
2003,356,India,265,"Vegetable textile fibres, not spun; waste of them",1.0461,,
2003,356,India,266,Synthetic fibres suitable for spinning,1.293,,
2003,356,India,267,Other man-made fibres suitable for spinning,0.5916,,
2003,356,India,268,Wool and other animal hair (incl. wool tops),0.318,,
2003,356,India,269,Worn clothing and other worn textile articles,0.6122,,
2003,356,India,272,Crude fertilizers (excluding those of division 56),0.06,,
2003,356,India,273,"Stone, sand and gravel",8.3406,,
2003,356,India,274,Sulphur and unroasted iron pyrites,0.0834,,
2003,356,India,277,"Natural abrasives, n.e.s. (incl. industri. diamonds)",2.6395,,
2003,356,India,278,Other crude minerals,1.2011,,
2003,356,India,281,Iron ore and concentrates,8.4398,,
2003,356,India,282,"Ferrous waste, scrape; remelting ingots, iron, steel",0.0266,,
2003,356,India,283,"Copper ores and concentrates; copper mattes, cemen",0.0479,,
2003,356,India,284,"Nickel ores & concentrates; nickel mattes, etc.",0.0036,,
2003,356,India,285,Aluminium ores and concentrates (incl. alumina),3.6247,,
2003,356,India,287,"Ores and concentrates of base metals, n.e.s.",2.4287,,
2003,356,India,288,"Non-ferrous base metal waste and scrap, n.e.s.",0.6071,,
2003,356,India,289,"Ores & concentrates of precious metals; waste, scrap",0.1417,,
2003,356,India,291,"Crude animal materials, n.e.s.",1.0855,,
2003,356,India,292,"Crude vegetable materials, n.e.s.",2.4532,,
2003,356,India,321,"Coal, whether or not pulverized, not agglomerated",0.3314,,
2003,356,India,322,"Briquettes, lignites and peat",0.0124,,
2003,356,India,325,"Coke & semi-cokes of coal, lign., peat; retort carbon",0.0688,,
2003,356,India,333,"Petroleum oils, oils from bitumin. materials, crude",0.0075,,
2003,356,India,334,Petroleum oils or bituminous minerals > 70 % oil,2.338,,
2003,356,India,335,"Residual petroleum products, n.e.s., related mater.",1.5898,,
2003,356,India,343,"Natural gas, whether or not liquefied",0.0171,,
2003,356,India,344,"Petroleum gases, other gaseous hydrocarbons, n.e.s.",0.1111,,
2003,356,India,345,"Coal gas, water gas & similar gases (excludinghydrocar.)",0.5407,,
2003,356,India,411,Animals oils and fats,0.1064,,
2003,356,India,421,"Fixed vegetable fats & oils, crude, refined, fractio.",0.2144,,
2003,356,India,422,"Fixed vegetable fats & oils, crude, refined, fract.",1.3202,,
2003,356,India,431,"Animal or veg. oils & fats, processed, n.e.s.; mixt.",1.7345,,
2003,356,India,511,"Hydrocarbons, n.e.s., & halogenated, nitr. derivative",1.4829,,
2003,356,India,512,"Alcohols, phenols, halogenat., sulfonat., nitrat. der.",0.7491,,
2003,356,India,513,"Carboxylic acids, anhydrides, halides, per.; derivati.",1.1364,,
2003,356,India,514,Nitrogen-function compounds,1.3338,,
2003,356,India,515,"Organo-inorganic, heterocycl. compounds, nucl. acids",0.3932,,
2003,356,India,516,Other organic chemicals,6.8771,,
2003,356,India,522,"Inorganic chemical elements, oxides & halogen salts",0.7194,,
2003,356,India,523,"Metallic salts & peroxysalts, of inorganic acids",1.3892,,
2003,356,India,524,Other inorganic chemicals,0.5263,,
2003,356,India,525,Radio-actives and associated materials,0.03,,
2003,356,India,531,Synth. organic colouring matter & colouring lakes,6.9639,,
2003,356,India,532,"Dyeing & tanning extracts, synth. tanning materials",1.8573,,
2003,356,India,533,"Pigments, paints, varnishes and related materials",0.3766,,
2003,356,India,541,"Medicinal and pharmaceutical products, excluding 542",1.3033,,
2003,356,India,542,Medicaments (incl. veterinary medicaments),1.2173,,
2003,356,India,551,"Essential oils, perfume & flavour materials",1.0575,,
2003,356,India,553,"Perfumery, cosmetics or toilet prepar. (excluding soaps)",0.5937,,
2003,356,India,554,"Soaps, cleansing and polishing preparations",0.3439,,
2003,356,India,562,Fertilizers (other than those of group 272),0.0475,,
2003,356,India,571,"Polymers of ethylene, in primary forms",0.6094,,
2003,356,India,572,"Polymers of styrene, in primary forms",0.4713,,
2003,356,India,573,Polymers of vinyl chloride or halogenated olefins,0.0918,,
2003,356,India,574,"Polyethers, epoxide resins; polycarbonat., polyesters",0.5047,,
2003,356,India,575,"Other plastics, in primary forms",1.018,,
2003,356,India,579,"Waste, parings and scrap, of plastics",0.1225,,
2003,356,India,581,"Tubes, pipes and hoses of plastics",0.3043,,
2003,356,India,582,"Plates, sheets, films, foil & strip, of plastics",0.5924,,
2003,356,India,583,"Monofilaments, of plastics, cross-section > 1mm",0.2611,,
2003,356,India,591,"Insectides &  similar products, for retail sale",3.4096,,
2003,356,India,592,"Starche, wheat gluten; albuminoidal substances; glues",0.559,,
2003,356,India,593,Explosives and pyrotechnic products,0.655,,
2003,356,India,597,"Prepared addit. for miner. oils; lubricat., de-icing",0.252,,
2003,356,India,598,"Miscellaneous chemical products, n.e.s.",0.3708,,
2003,356,India,611,Leather,3.0576,,
2003,356,India,612,"Manufactures of leather, n.e.s.; saddlery & harness",5.9839,,
2003,356,India,613,"Furskins, tanned or dressed, excluding those of 8483",0.0036,,
2003,356,India,621,"Materials of rubber (pastes, plates, sheets, etc.)",0.4689,,
2003,356,India,625,"Rubber tyres, tyre treads or flaps & inner tubes",1.5354,,
2003,356,India,629,"Articles of rubber, n.e.s.",1.1587,,
2003,356,India,633,Cork manufactures,0.0307,,
2003,356,India,634,"Veneers, plywood, and other wood, worked, n.e.s.",0.1353,,
2003,356,India,635,"Wood manufacture, n.e.s.",0.1452,,
2003,356,India,641,Paper and paperboard,0.245,,
2003,356,India,642,"Paper & paperboard, cut to shape or size, articles",0.2997,,
2003,356,India,651,Textile yarn,6.3823,,
2003,356,India,652,"Cotton fabrics, woven",4.5638,,
2003,356,India,653,"Fabrics, woven, of man-made fabrics",3.8386,,
2003,356,India,654,"Other textile fabrics, woven",5.0275,,
2003,356,India,655,"Knitted or crocheted fabrics, n.e.s.",0.2931,,
2003,356,India,656,"Tulles, trimmings, lace, ribbons & other small wares",1.6106,,
2003,356,India,657,"Special yarn, special textile fabrics & related",0.5411,,
2003,356,India,658,"Made-up articles, of textile materials, n.e.s.",8.0112,,
2003,356,India,659,"Floor coverings, etc.",8.8637,,
2003,356,India,661,"Lime, cement, fabrica. constr. mat. (excludingglass, clay)",4.9523,,
2003,356,India,662,"Clay construction, refracto. construction materials",0.5128,,
2003,356,India,663,"Mineral manufactures, n.e.s.",0.4419,,
2003,356,India,664,Glass,0.5648,,
2003,356,India,665,Glassware,0.8284,,
2003,356,India,666,Pottery,0.3712,,
2003,356,India,667,"Pearls, precious & semi-precious stones",17.5466,,
2003,356,India,671,"Pig iron & spiegeleisen, sponge iron, powder & granu",1.4779,,
2003,356,India,672,"Ingots, primary forms, of iron or steel; semi-finis.",1.3115,,
2003,356,India,673,"Flat-rolled prod., iron, non-alloy steel, not coated",1.9548,,
2003,356,India,674,"Flat-rolled prod., iron, non-alloy steel, coated, clad",2.0634,,
2003,356,India,675,Flat-rolled products of alloy steel,3.3896,,
2003,356,India,676,"Iron & steel bars, rods, angles, shapes & sections",1.2286,,
2003,356,India,677,"Rails & railway track construction mat., iron, steel",0.2503,,
2003,356,India,678,Wire of iron or steel,2.6502,,
2003,356,India,679,"Tubes, pipes & hollow profiles, fittings, iron, steel",1.1576,,
2003,356,India,681,"Silver, platinum, other metals of the platinum group",0.039,,
2003,356,India,682,Copper,1.4794,,
2003,356,India,683,Nickel,0.0758,,
2003,356,India,684,Aluminium,0.6168,,
2003,356,India,685,Lead,0.1084,,
2003,356,India,686,Zinc,0.2412,,
2003,356,India,687,Tin,1.003,,
2003,356,India,689,Miscellaneous no-ferrous base metals for metallur.,0.0315,,
2003,356,India,691,"Structures & parts, n.e.s., of iron, steel, aluminium",0.7064,,
2003,356,India,692,Metal containers for storage or transport,0.5925,,
2003,356,India,693,Wire products (excluding electrical) and fencing grills,1.2524,,
2003,356,India,694,"Nails, screws, nuts, bolts, rivets & the like, of metal",1.0993,,
2003,356,India,695,Tools for use in the hand or in machine,1.2388,,
2003,356,India,696,Cutlery,0.961,,
2003,356,India,697,"Household equipment of base metal, n.e.s.",4.17,,
2003,356,India,699,"Manufactures of base metal, n.e.s.",1.2778,,
2003,356,India,711,"Vapour generating boilers, auxiliary plant; parts",1.2654,,
2003,356,India,712,"Steam turbines & other vapour turbin., parts, n.e.s.",0.4988,,
2003,356,India,713,"Internal combustion piston engines, parts, n.e.s.",0.3537,,
2003,356,India,714,"Engines & motors, non-electric; parts, n.e.s.",0.0478,,
2003,356,India,716,"Rotating electric plant & parts thereof, n.e.s.",0.4671,,
2003,356,India,718,"Other power generating machinery & parts, n.e.s.",0.4297,,
2003,356,India,721,Agricultural machinery (excluding tractors) & parts,0.2191,,
2003,356,India,722,Tractors (excluding those of 71414 & 74415),0.9989,,
2003,356,India,723,Civil engineering & contractors' plant & equipment,0.2374,,
2003,356,India,724,"Textile & leather machinery, & parts thereof, n.e.s.",0.6872,,
2003,356,India,725,"Paper mill, pulp mill machinery; paper articles man.",0.2643,,
2003,356,India,726,"Printing & bookbinding machinery, & parts thereof",0.4477,,
2003,356,India,727,Food-processing machines (excluding domestic),0.4824,,
2003,356,India,728,"Other machinery for particular industries, n.e.s.",0.3604,,
2003,356,India,731,Machine-tools working by removing material,0.1538,,
2003,356,India,733,"Mach.-tools for working metal, excluding removing mate.",0.32,,
2003,356,India,735,"Parts, n.e.s., & accessories for machines of 731, 733",1.0069,,
2003,356,India,737,Metalworking machinery (excludingmachine-tools) & parts,1.0191,,
2003,356,India,741,"Heating & cooling equipment & parts thereof, n.e.s.",0.311,,
2003,356,India,742,Pumps for liquids,0.559,,
2003,356,India,743,"Pumps (excluding liquid), gas compressors & fans; centr.",0.3106,,
2003,356,India,744,"Mechanical handling equipment, & parts, n.e.s.",0.1492,,
2003,356,India,745,"Other non-electr. machinery, tools & mechan. appar.",0.256,,
2003,356,India,746,Ball or roller bearings,0.6796,,
2003,356,India,747,"Appliances for pipes, boiler shells, tanks, vats, etc.",0.5398,,
2003,356,India,748,Transmis. shafts,0.4146,,
2003,356,India,749,"Non-electric parts & accessor. of machinery, n.e.s.",0.4623,,
2003,356,India,751,Office machines,0.1801,,
2003,356,India,752,"Automatic data processing machines, n.e.s.",0.1002,,
2003,356,India,759,"Parts, accessories for machines of groups 751, 752",0.1433,,
2003,356,India,761,"Television receivers, whether or not combined",0.2174,,
2003,356,India,762,"Radio-broadcast receivers, whether or not combined",0.0108,,
2003,356,India,763,Sound recorders or reproducers,0.0166,,
2003,356,India,764,"Telecommunication equipment, n.e.s.; & parts, n.e.s.",0.0754,,
2003,356,India,771,"Electric power machinery, and parts thereof",0.5491,,
2003,356,India,772,"Apparatus for electrical circuits; board, panels",0.2676,,
2003,356,India,773,"Equipment for distributing electricity, n.e.s.",0.4805,,
2003,356,India,774,"Electro-diagnostic appa. for medical sciences, etc.",1.2028,,
2003,356,India,775,"Household type equipment, electrical or not, n.e.s.",0.1554,,
2003,356,India,776,Cathode valves & tubes,0.0599,,
2003,356,India,778,"Electrical machinery & apparatus, n.e.s.",0.4032,,
2003,356,India,781,Motor vehicles for the transport of persons,0.1338,,
2003,356,India,782,"Motor vehic. for transport of goods, special purpo.",0.088,,
2003,356,India,783,"Road motor vehicles, n.e.s.",0.5312,,
2003,356,India,784,"Parts & accessories of vehicles of 722, 781, 782, 783",0.343,,
2003,356,India,785,Motorcycles & cycles,1.8739,,
2003,356,India,786,Trailers & semi-trailers,0.0935,,
2003,356,India,791,Railway vehicles & associated equipment,0.1606,,
2003,356,India,792,"Aircraft & associated equipment; spacecraft, etc.",0.0877,,
2003,356,India,793,"Ships, boats & floating structures",0.2612,,
2003,356,India,811,Prefabricated buildings,0.0221,,
2003,356,India,812,"Sanitary, plumbing, heating fixtures, fittings, n.e.s.",0.3069,,
2003,356,India,813,"Lighting fixtures & fittings, n.e.s.",0.0942,,
2003,356,India,821,Furniture & parts,0.1945,,
2003,356,India,831,"Travel goods, handbags & similar containers",2.7281,,
2003,356,India,841,"Men's clothing of textile fabrics, not knitted",3.1103,,
2003,356,India,842,"Women's clothing, of textile fabrics",4.2865,,
2003,356,India,843,"Men's or boy's clothing, of textile, knitted, croche.",7.431,,
2003,356,India,844,"Women's clothing, of textile, knitted or crocheted",3.1138,,
2003,356,India,845,"Articles of apparel, of textile fabrics, n.e.s.",2.2347,,
2003,356,India,846,"Clothing accessories, of textile fabrics",2.5493,,
2003,356,India,848,"Articles of apparel, clothing access., excluding textile",2.9958,,
2003,356,India,851,Footwear,1.6086,,
2003,356,India,871,"Optical instruments & apparatus, n.e.s.",0.039,,
2003,356,India,872,"Instruments & appliances, n.e.s., for medical, etc.",0.2725,,
2003,356,India,873,"Meters & counters, n.e.s.",0.2141,,
2003,356,India,874,"Measuring, analysing & controlling apparatus, n.e.s.",0.1435,,
2003,356,India,881,"Photographic apparatus & equipment, n.e.s.",0.1043,,
2003,356,India,882,Cinematographic & photographic supplies,0.0587,,
2003,356,India,883,"Cinematograph films, exposed & developed",3.0094,,
2003,356,India,884,"Optical goods, n.e.s.",0.203,,
2003,356,India,885,Watches & clocks,0.3869,,
2003,356,India,891,Arms & ammunition,0.0862,,
2003,356,India,892,Printed matter,0.3444,,
2003,356,India,893,"Articles, n.e.s., of plastics",0.5018,,
2003,356,India,894,"Baby carriages, toys, games & sporting goods",0.238,,
2003,356,India,895,"Office & stationery supplies, n.e.s.",1.2517,,
2003,356,India,896,"Works of art, collectors' pieces & antiques",4.0888,,
2003,356,India,897,"Jewellery & articles of precious materia., n.e.s.",7.7245,,
2003,356,India,898,"Musical instruments, parts; records, tapes & similar",1.1738,,
2003,356,India,899,"Miscellaneous manufactured articles, n.e.s.",0.5975,,
2003,356,India,961,"Coin (other than gold coin), not being legal tender",0.0054,,
2003,356,India,971,"Gold, non-monetary (excluding gold ores and concentrates)",0.0006,,
2004,356,India,001,Live animals other than animals of division 03,0.061,,
2004,356,India,011,"Meat of bovine animals, fresh, chilled or frozen",2.5319,,
2004,356,India,012,Other meat and edible meat offal,0.0825,,
2004,356,India,016,"Meat, edible meat offal, salted, dried; flours, meals",0.1064,,
2004,356,India,017,"Meat, edible meat offal, prepared, preserved, n.e.s.",0.0132,,
2004,356,India,022,"Milk, cream and milk products (excluding butter, cheese)",0.241,,
2004,356,India,023,Butter and other fats and oils derived from milk,0.2351,,
2004,356,India,024,Cheese and curd,0.0037,,
2004,356,India,025,"Birds' eggs, and eggs' yolks; egg albumin",3.186,,
2004,356,India,034,"Fish, fresh (live or dead), chilled or frozen",0.5588,,
2004,356,India,035,"Fish, dried, salted or in brine; smoked fish",0.3505,,
2004,356,India,036,"Crustaceans, mollusks and aquatic invertebrates",6.0727,,
2004,356,India,037,"Fish, aqua. invertebrates, prepared, preserved, n.e.s.",0.9851,,
2004,356,India,041,"Wheat (including spelt) and meslin, unmilled",3.0054,,
2004,356,India,042,Rice,15.9091,,
2004,356,India,043,"Barley, unmilled",0.0585,,
2004,356,India,044,"Maize (not including sweet corn), unmilled",1.9192,,
2004,356,India,045,"Cereals, unmilled (excluding wheat, rice, barley, maize)",1.3795,,
2004,356,India,046,Meal and flour of wheat and flour of meslin,2.6701,,
2004,356,India,047,Other cereal meals and flour,1.4573,,
2004,356,India,048,"Cereal preparations, flour of fruits or vegetables",0.3246,,
2004,356,India,054,Vegetables,1.3796,,
2004,356,India,056,"Vegetables, roots, tubers, prepared, preserved, n.e.s.",0.7034,,
2004,356,India,057,"Fruits and nuts (excluding oil nuts), fresh or dried",1.944,,
2004,356,India,058,"Fruit, preserved, and fruit preparations (no juice)",0.3863,,
2004,356,India,059,"Fruit and vegetable juices, unfermented, no spirit",0.0938,,
2004,356,India,061,"Sugar, molasses and honey",0.6177,,
2004,356,India,062,Sugar confectionery,0.2719,,
2004,356,India,071,Coffee and coffee substitutes,2.1283,,
2004,356,India,072,Cocoa,0.0262,,
2004,356,India,073,"Chocolate, food preparations with cocoa, n.e.s.",0.0412,,
2004,356,India,074,Tea and mate,12.6764,,
2004,356,India,075,Spices,9.7389,,
2004,356,India,081,Feeding stuff for animals (no unmilled cereals),3.6522,,
2004,356,India,091,Margarine and shortening,0.1272,,
2004,356,India,098,"Edible products and preparations, n.e.s.",0.2416,,
2004,356,India,111,"Non-alcoholic beverages, n.e.s.",0.0379,,
2004,356,India,112,Alcoholic beverages,0.068,,
2004,356,India,121,"Tobacco, unmanufactured; tobacco refuse",3.4226,,
2004,356,India,122,"Tobacco, manufactured",0.4557,,
2004,356,India,211,"Hides and skins (except furskins), raw",0.0732,,
2004,356,India,212,"Furskins, raw, other than hides & skins of group 211",0.0004,,
2004,356,India,222,Oil seeds and oleaginous fruits (excluding flour),2.0706,,
2004,356,India,223,"Oil seeds & oleaginous fruits (incl. flour, n.e.s.)",1.7604,,
2004,356,India,231,"Natural rubber & similar gums, in primary forms",0.8561,,
2004,356,India,232,Synthetic rubber,0.2316,,
2004,356,India,244,"Cork, natural, raw & waste (incl. blocks, sheets)",0.1717,,
2004,356,India,245,Fuel wood (excluding wood waste) and wood charcoal,0.52,,
2004,356,India,246,Wood in chips or particles and wood waste,0.0004,,
2004,356,India,247,Wood in the rough or roughly squared,0.0203,,
2004,356,India,248,"Wood simply worked, and railway sleepers of wood",0.0289,,
2004,356,India,251,Pulp and waste paper,0.0057,,
2004,356,India,261,Silk,0.7921,,
2004,356,India,263,Cotton,2.1613,,
2004,356,India,264,"Jute, other textile bast fibre, n.e.s., not spun; tow",2.6431,,
2004,356,India,265,"Vegetable textile fibres, not spun; waste of them",1.3315,,
2004,356,India,266,Synthetic fibres suitable for spinning,1.2718,,
2004,356,India,267,Other man-made fibres suitable for spinning,0.7897,,
2004,356,India,268,Wool and other animal hair (incl. wool tops),0.4516,,
2004,356,India,269,Worn clothing and other worn textile articles,0.9798,,
2004,356,India,272,Crude fertilizers (excluding those of division 56),0.0882,,
2004,356,India,273,"Stone, sand and gravel",8.8448,,
2004,356,India,274,Sulphur and unroasted iron pyrites,0.0855,,
2004,356,India,277,"Natural abrasives, n.e.s. (incl. industri. diamonds)",4.0087,,
2004,356,India,278,Other crude minerals,1.4315,,
2004,356,India,281,Iron ore and concentrates,14.9836,,
2004,356,India,282,"Ferrous waste, scrape; remelting ingots, iron, steel",0.0311,,
2004,356,India,283,"Copper ores and concentrates; copper mattes, cemen",0.0065,,
2004,356,India,284,"Nickel ores & concentrates; nickel mattes, etc.",0.0016,,
2004,356,India,285,Aluminium ores and concentrates (incl. alumina),5.0621,,
2004,356,India,286,Ores and concentrates of uranium or thorium,0.0664,,
2004,356,India,287,"Ores and concentrates of base metals, n.e.s.",1.1879,,
2004,356,India,288,"Non-ferrous base metal waste and scrap, n.e.s.",0.6325,,
2004,356,India,289,"Ores & concentrates of precious metals; waste, scrap",0.1639,,
2004,356,India,291,"Crude animal materials, n.e.s.",1.0002,,
2004,356,India,292,"Crude vegetable materials, n.e.s.",2.3119,,
2004,356,India,321,"Coal, whether or not pulverized, not agglomerated",0.1983,,
2004,356,India,322,"Briquettes, lignites and peat",0.024,,
2004,356,India,325,"Coke & semi-cokes of coal, lign., peat; retort carbon",0.2633,,
2004,356,India,333,"Petroleum oils, oils from bitumin. materials, crude",0.006,,
2004,356,India,334,Petroleum oils or bituminous minerals > 70 % oil,2.8115,,
2004,356,India,335,"Residual petroleum products, n.e.s., related mater.",0.5158,,
2004,356,India,342,Liquefied propane and butane,0.0002,,
2004,356,India,343,"Natural gas, whether or not liquefied",0.0134,,
2004,356,India,344,"Petroleum gases, other gaseous hydrocarbons, n.e.s.",0.1965,,
2004,356,India,345,"Coal gas, water gas & similar gases (excludinghydrocar.)",106.9951,,
2004,356,India,411,Animals oils and fats,0.3459,,
2004,356,India,421,"Fixed vegetable fats & oils, crude, refined, fractio.",0.4184,,
2004,356,India,422,"Fixed vegetable fats & oils, crude, refined, fract.",1.7689,,
2004,356,India,431,"Animal or veg. oils & fats, processed, n.e.s.; mixt.",1.8057,,
2004,356,India,511,"Hydrocarbons, n.e.s., & halogenated, nitr. derivative",1.7248,,
2004,356,India,512,"Alcohols, phenols, halogenat., sulfonat., nitrat. der.",1.127,,
2004,356,India,513,"Carboxylic acids, anhydrides, halides, per.; derivati.",0.9398,,
2004,356,India,514,Nitrogen-function compounds,1.1134,,
2004,356,India,515,"Organo-inorganic, heterocycl. compounds, nucl. acids",0.4109,,
2004,356,India,516,Other organic chemicals,7.2138,,
2004,356,India,522,"Inorganic chemical elements, oxides & halogen salts",0.796,,
2004,356,India,523,"Metallic salts & peroxysalts, of inorganic acids",1.4524,,
2004,356,India,524,Other inorganic chemicals,0.3729,,
2004,356,India,525,Radio-actives and associated materials,0.0157,,
2004,356,India,531,Synth. organic colouring matter & colouring lakes,6.305,,
2004,356,India,532,"Dyeing & tanning extracts, synth. tanning materials",2.7674,,
2004,356,India,533,"Pigments, paints, varnishes and related materials",0.3649,,
2004,356,India,541,"Medicinal and pharmaceutical products, excluding 542",0.98,,
2004,356,India,542,Medicaments (incl. veterinary medicaments),1.1623,,
2004,356,India,551,"Essential oils, perfume & flavour materials",1.0327,,
2004,356,India,553,"Perfumery, cosmetics or toilet prepar. (excluding soaps)",0.5548,,
2004,356,India,554,"Soaps, cleansing and polishing preparations",0.2866,,
2004,356,India,562,Fertilizers (other than those of group 272),0.0504,,
2004,356,India,571,"Polymers of ethylene, in primary forms",1.19,,
2004,356,India,572,"Polymers of styrene, in primary forms",0.6642,,
2004,356,India,573,Polymers of vinyl chloride or halogenated olefins,0.316,,
2004,356,India,574,"Polyethers, epoxide resins; polycarbonat., polyesters",0.9962,,
2004,356,India,575,"Other plastics, in primary forms",1.1006,,
2004,356,India,579,"Waste, parings and scrap, of plastics",1.0298,,
2004,356,India,581,"Tubes, pipes and hoses of plastics",0.4299,,
2004,356,India,582,"Plates, sheets, films, foil & strip, of plastics",0.633,,
2004,356,India,583,"Monofilaments, of plastics, cross-section > 1mm",0.1653,,
2004,356,India,591,"Insectides &  similar products, for retail sale",3.3574,,
2004,356,India,592,"Starche, wheat gluten; albuminoidal substances; glues",0.7543,,
2004,356,India,593,Explosives and pyrotechnic products,0.67,,
2004,356,India,597,"Prepared addit. for miner. oils; lubricat., de-icing",0.1487,,
2004,356,India,598,"Miscellaneous chemical products, n.e.s.",0.3476,,
2004,356,India,611,Leather,3.4718,,
2004,356,India,612,"Manufactures of leather, n.e.s.; saddlery & harness",4.4913,,
2004,356,India,613,"Furskins, tanned or dressed, excluding those of 8483",0,,
2004,356,India,621,"Materials of rubber (pastes, plates, sheets, etc.)",0.4993,,
2004,356,India,625,"Rubber tyres, tyre treads or flaps & inner tubes",1.3075,,
2004,356,India,629,"Articles of rubber, n.e.s.",1.1105,,
2004,356,India,633,Cork manufactures,0.0515,,
2004,356,India,634,"Veneers, plywood, and other wood, worked, n.e.s.",0.1791,,
2004,356,India,635,"Wood manufacture, n.e.s.",0.1728,,
2004,356,India,641,Paper and paperboard,0.2813,,
2004,356,India,642,"Paper & paperboard, cut to shape or size, articles",0.2886,,
2004,356,India,651,Textile yarn,6.1981,,
2004,356,India,652,"Cotton fabrics, woven",3.8751,,
2004,356,India,653,"Fabrics, woven, of man-made fabrics",3.8448,,
2004,356,India,654,"Other textile fabrics, woven",5.1855,,
2004,356,India,655,"Knitted or crocheted fabrics, n.e.s.",0.2889,,
2004,356,India,656,"Tulles, trimmings, lace, ribbons & other small wares",1.447,,
2004,356,India,657,"Special yarn, special textile fabrics & related",0.5506,,
2004,356,India,658,"Made-up articles, of textile materials, n.e.s.",8.0468,,
2004,356,India,659,"Floor coverings, etc.",8.6513,,
2004,356,India,661,"Lime, cement, fabrica. constr. mat. (excludingglass, clay)",4.0813,,
2004,356,India,662,"Clay construction, refracto. construction materials",0.371,,
2004,356,India,663,"Mineral manufactures, n.e.s.",0.4359,,
2004,356,India,664,Glass,0.4882,,
2004,356,India,665,Glassware,0.8169,,
2004,356,India,666,Pottery,0.2684,,
2004,356,India,667,"Pearls, precious & semi-precious stones",14.2228,,
2004,356,India,671,"Pig iron & spiegeleisen, sponge iron, powder & granu",1.3535,,
2004,356,India,672,"Ingots, primary forms, of iron or steel; semi-finis.",0.519,,
2004,356,India,673,"Flat-rolled prod., iron, non-alloy steel, not coated",1.9186,,
2004,356,India,674,"Flat-rolled prod., iron, non-alloy steel, coated, clad",4.0247,,
2004,356,India,675,Flat-rolled products of alloy steel,2.0049,,
2004,356,India,676,"Iron & steel bars, rods, angles, shapes & sections",1.0669,,
2004,356,India,677,"Rails & railway track construction mat., iron, steel",0.3062,,
2004,356,India,678,Wire of iron or steel,2.173,,
2004,356,India,679,"Tubes, pipes & hollow profiles, fittings, iron, steel",1.7824,,
2004,356,India,681,"Silver, platinum, other metals of the platinum group",0.0677,,
2004,356,India,682,Copper,1.5849,,
2004,356,India,683,Nickel,0.0512,,
2004,356,India,684,Aluminium,0.5295,,
2004,356,India,685,Lead,0.2922,,
2004,356,India,686,Zinc,0.6426,,
2004,356,India,687,Tin,0.2153,,
2004,356,India,689,Miscellaneous no-ferrous base metals for metallur.,0.0454,,
2004,356,India,691,"Structures & parts, n.e.s., of iron, steel, aluminium",0.8992,,
2004,356,India,692,Metal containers for storage or transport,0.4116,,
2004,356,India,693,Wire products (excluding electrical) and fencing grills,1.2011,,
2004,356,India,694,"Nails, screws, nuts, bolts, rivets & the like, of metal",1.0872,,
2004,356,India,695,Tools for use in the hand or in machine,1.1903,,
2004,356,India,696,Cutlery,1.1359,,
2004,356,India,697,"Household equipment of base metal, n.e.s.",3.4899,,
2004,356,India,699,"Manufactures of base metal, n.e.s.",1.3539,,
2004,356,India,711,"Vapour generating boilers, auxiliary plant; parts",1.7697,,
2004,356,India,712,"Steam turbines & other vapour turbin., parts, n.e.s.",0.3503,,
2004,356,India,713,"Internal combustion piston engines, parts, n.e.s.",0.4197,,
2004,356,India,714,"Engines & motors, non-electric; parts, n.e.s.",0.1161,,
2004,356,India,716,"Rotating electric plant & parts thereof, n.e.s.",0.4157,,
2004,356,India,718,"Other power generating machinery & parts, n.e.s.",0.3341,,
2004,356,India,721,Agricultural machinery (excluding tractors) & parts,0.1854,,
2004,356,India,722,Tractors (excluding those of 71414 & 74415),0.9209,,
2004,356,India,723,Civil engineering & contractors' plant & equipment,0.1713,,
2004,356,India,724,"Textile & leather machinery, & parts thereof, n.e.s.",0.4695,,
2004,356,India,725,"Paper mill, pulp mill machinery; paper articles man.",0.193,,
2004,356,India,726,"Printing & bookbinding machinery, & parts thereof",0.468,,
2004,356,India,727,Food-processing machines (excluding domestic),0.5868,,
2004,356,India,728,"Other machinery for particular industries, n.e.s.",0.362,,
2004,356,India,731,Machine-tools working by removing material,0.1598,,
2004,356,India,733,"Mach.-tools for working metal, excluding removing mate.",0.4002,,
2004,356,India,735,"Parts, n.e.s., & accessories for machines of 731, 733",0.8734,,
2004,356,India,737,Metalworking machinery (excludingmachine-tools) & parts,0.8707,,
2004,356,India,741,"Heating & cooling equipment & parts thereof, n.e.s.",0.4175,,
2004,356,India,742,Pumps for liquids,0.4921,,
2004,356,India,743,"Pumps (excluding liquid), gas compressors & fans; centr.",0.324,,
2004,356,India,744,"Mechanical handling equipment, & parts, n.e.s.",0.2537,,
2004,356,India,745,"Other non-electr. machinery, tools & mechan. appar.",0.2365,,
2004,356,India,746,Ball or roller bearings,0.8679,,
2004,356,India,747,"Appliances for pipes, boiler shells, tanks, vats, etc.",0.6172,,
2004,356,India,748,Transmis. shafts,0.4993,,
2004,356,India,749,"Non-electric parts & accessor. of machinery, n.e.s.",0.4609,,
2004,356,India,751,Office machines,0.1208,,
2004,356,India,752,"Automatic data processing machines, n.e.s.",0.0697,,
2004,356,India,759,"Parts, accessories for machines of groups 751, 752",0.182,,
2004,356,India,761,"Television receivers, whether or not combined",0.2035,,
2004,356,India,762,"Radio-broadcast receivers, whether or not combined",0.014,,
2004,356,India,763,Sound recorders or reproducers,0.0085,,
2004,356,India,764,"Telecommunication equipment, n.e.s.; & parts, n.e.s.",0.0628,,
2004,356,India,771,"Electric power machinery, and parts thereof",0.5153,,
2004,356,India,772,"Apparatus for electrical circuits; board, panels",0.2698,,
2004,356,India,773,"Equipment for distributing electricity, n.e.s.",0.4279,,
2004,356,India,774,"Electro-diagnostic appa. for medical sciences, etc.",1.1076,,
2004,356,India,775,"Household type equipment, electrical or not, n.e.s.",0.1324,,
2004,356,India,776,Cathode valves & tubes,0.089,,
2004,356,India,778,"Electrical machinery & apparatus, n.e.s.",0.2863,,
2004,356,India,781,Motor vehicles for the transport of persons,0.1948,,
2004,356,India,782,"Motor vehic. for transport of goods, special purpo.",0.1842,,
2004,356,India,783,"Road motor vehicles, n.e.s.",0.5283,,
2004,356,India,784,"Parts & accessories of vehicles of 722, 781, 782, 783",0.3997,,
2004,356,India,785,Motorcycles & cycles,1.7569,,
2004,356,India,786,Trailers & semi-trailers,0.0802,,
2004,356,India,791,Railway vehicles & associated equipment,0.1538,,
2004,356,India,792,"Aircraft & associated equipment; spacecraft, etc.",0.0753,,
2004,356,India,793,"Ships, boats & floating structures",0.6513,,
2004,356,India,811,Prefabricated buildings,0.0194,,
2004,356,India,812,"Sanitary, plumbing, heating fixtures, fittings, n.e.s.",0.2923,,
2004,356,India,813,"Lighting fixtures & fittings, n.e.s.",0.1095,,
2004,356,India,821,Furniture & parts,0.2881,,
2004,356,India,831,"Travel goods, handbags & similar containers",2.7558,,
2004,356,India,841,"Men's clothing of textile fabrics, not knitted",3.0143,,
2004,356,India,842,"Women's clothing, of textile fabrics",4.1074,,
2004,356,India,843,"Men's or boy's clothing, of textile, knitted, croche.",6.6483,,
2004,356,India,844,"Women's clothing, of textile, knitted or crocheted",2.9887,,
2004,356,India,845,"Articles of apparel, of textile fabrics, n.e.s.",1.8644,,
2004,356,India,846,"Clothing accessories, of textile fabrics",2.531,,
2004,356,India,848,"Articles of apparel, clothing access., excluding textile",3.2473,,
2004,356,India,851,Footwear,1.6879,,
2004,356,India,871,"Optical instruments & apparatus, n.e.s.",0.0293,,
2004,356,India,872,"Instruments & appliances, n.e.s., for medical, etc.",0.2526,,
2004,356,India,873,"Meters & counters, n.e.s.",0.1966,,
2004,356,India,874,"Measuring, analysing & controlling apparatus, n.e.s.",0.1791,,
2004,356,India,881,"Photographic apparatus & equipment, n.e.s.",0.1013,,
2004,356,India,882,Cinematographic & photographic supplies,0.0684,,
2004,356,India,883,"Cinematograph films, exposed & developed",2.8742,,
2004,356,India,884,"Optical goods, n.e.s.",0.2237,,
2004,356,India,885,Watches & clocks,0.3391,,
2004,356,India,891,Arms & ammunition,0.0759,,
2004,356,India,892,Printed matter,0.3562,,
2004,356,India,893,"Articles, n.e.s., of plastics",0.4989,,
2004,356,India,894,"Baby carriages, toys, games & sporting goods",0.2309,,
2004,356,India,895,"Office & stationery supplies, n.e.s.",1.2396,,
2004,356,India,896,"Works of art, collectors' pieces & antiques",3.7376,,
2004,356,India,897,"Jewellery & articles of precious materia., n.e.s.",11.68,,
2004,356,India,898,"Musical instruments, parts; records, tapes & similar",0.7843,,
2004,356,India,899,"Miscellaneous manufactured articles, n.e.s.",0.5107,,
2004,356,India,961,"Coin (other than gold coin), not being legal tender",0.0188,,
2004,356,India,971,"Gold, non-monetary (excluding gold ores and concentrates)",0.0004,,
2005,356,India,001,Live animals other than animals of division 03,0.0379,,
2005,356,India,011,"Meat of bovine animals, fresh, chilled or frozen",2.6708,,
2005,356,India,012,Other meat and edible meat offal,0.0532,,
2005,356,India,016,"Meat, edible meat offal, salted, dried; flours, meals",0.0594,,
2005,356,India,017,"Meat, edible meat offal, prepared, preserved, n.e.s.",0.0259,,
2005,356,India,022,"Milk, cream and milk products (excluding butter, cheese)",0.5828,,
2005,356,India,023,Butter and other fats and oils derived from milk,0.3546,,
2005,356,India,024,Cheese and curd,0.0126,,
2005,356,India,025,"Birds' eggs, and eggs' yolks; egg albumin",3.1538,,
2005,356,India,034,"Fish, fresh (live or dead), chilled or frozen",0.8633,,
2005,356,India,035,"Fish, dried, salted or in brine; smoked fish",0.2885,,
2005,356,India,036,"Crustaceans, mollusks and aquatic invertebrates",6.018,,
2005,356,India,037,"Fish, aqua. invertebrates, prepared, preserved, n.e.s.",1.0839,,
2005,356,India,041,"Wheat (including spelt) and meslin, unmilled",1.0713,,
2005,356,India,042,Rice,16.6676,,
2005,356,India,043,"Barley, unmilled",0.0026,,
2005,356,India,044,"Maize (not including sweet corn), unmilled",0.6664,,
2005,356,India,045,"Cereals, unmilled (excluding wheat, rice, barley, maize)",1.9955,,
2005,356,India,046,Meal and flour of wheat and flour of meslin,0.6359,,
2005,356,India,047,Other cereal meals and flour,0.8233,,
2005,356,India,048,"Cereal preparations, flour of fruits or vegetables",0.3721,,
2005,356,India,054,Vegetables,1.5281,,
2005,356,India,056,"Vegetables, roots, tubers, prepared, preserved, n.e.s.",0.8731,,
2005,356,India,057,"Fruits and nuts (excluding oil nuts), fresh or dried",1.8322,,
2005,356,India,058,"Fruit, preserved, and fruit preparations (no juice)",0.4177,,
2005,356,India,059,"Fruit and vegetable juices, unfermented, no spirit",0.1107,,
2005,356,India,061,"Sugar, molasses and honey",0.4114,,
2005,356,India,062,Sugar confectionery,0.3351,,
2005,356,India,071,Coffee and coffee substitutes,2.2113,,
2005,356,India,072,Cocoa,0.0126,,
2005,356,India,073,"Chocolate, food preparations with cocoa, n.e.s.",0.0351,,
2005,356,India,074,Tea and mate,10.1111,,
2005,356,India,075,Spices,9.1939,,
2005,356,India,081,Feeding stuff for animals (no unmilled cereals),2.7024,,
2005,356,India,091,Margarine and shortening,0.1344,,
2005,356,India,098,"Edible products and preparations, n.e.s.",0.2362,,
2005,356,India,111,"Non-alcoholic beverages, n.e.s.",0.0427,,
2005,356,India,112,Alcoholic beverages,0.0753,,
2005,356,India,121,"Tobacco, unmanufactured; tobacco refuse",3.3773,,
2005,356,India,122,"Tobacco, manufactured",0.3651,,
2005,356,India,211,"Hides and skins (except furskins), raw",0.176,,
2005,356,India,212,"Furskins, raw, other than hides & skins of group 211",0.0025,,
2005,356,India,222,Oil seeds and oleaginous fruits (excluding flour),1.3779,,
2005,356,India,223,"Oil seeds & oleaginous fruits (incl. flour, n.e.s.)",1.5572,,
2005,356,India,231,"Natural rubber & similar gums, in primary forms",0.7735,,
2005,356,India,232,Synthetic rubber,0.3621,,
2005,356,India,244,"Cork, natural, raw & waste (incl. blocks, sheets)",0.1688,,
2005,356,India,245,Fuel wood (excluding wood waste) and wood charcoal,0.4009,,
2005,356,India,246,Wood in chips or particles and wood waste,0.001,,
2005,356,India,247,Wood in the rough or roughly squared,0.0204,,
2005,356,India,248,"Wood simply worked, and railway sleepers of wood",0.0224,,
2005,356,India,251,Pulp and waste paper,0.005,,
2005,356,India,261,Silk,2.148,,
2005,356,India,263,Cotton,3.1818,,
2005,356,India,264,"Jute, other textile bast fibre, n.e.s., not spun; tow",2.5279,,
2005,356,India,265,"Vegetable textile fibres, not spun; waste of them",1.775,,
2005,356,India,266,Synthetic fibres suitable for spinning,1.5703,,
2005,356,India,267,Other man-made fibres suitable for spinning,0.8655,,
2005,356,India,268,Wool and other animal hair (incl. wool tops),0.4177,,
2005,356,India,269,Worn clothing and other worn textile articles,0.347,,
2005,356,India,272,Crude fertilizers (excluding those of division 56),0.144,,
2005,356,India,273,"Stone, sand and gravel",7.5717,,
2005,356,India,274,Sulphur and unroasted iron pyrites,0.081,,
2005,356,India,277,"Natural abrasives, n.e.s. (incl. industri. diamonds)",3.2707,,
2005,356,India,278,Other crude minerals,1.8208,,
2005,356,India,281,Iron ore and concentrates,14.6668,,
2005,356,India,282,"Ferrous waste, scrape; remelting ingots, iron, steel",0.0186,,
2005,356,India,283,"Copper ores and concentrates; copper mattes, cemen",0.0266,,
2005,356,India,284,"Nickel ores & concentrates; nickel mattes, etc.",0.0054,,
2005,356,India,285,Aluminium ores and concentrates (incl. alumina),4.5664,,
2005,356,India,287,"Ores and concentrates of base metals, n.e.s.",2.3908,,
2005,356,India,288,"Non-ferrous base metal waste and scrap, n.e.s.",0.8188,,
2005,356,India,289,"Ores & concentrates of precious metals; waste, scrap",0.9256,,
2005,356,India,291,"Crude animal materials, n.e.s.",0.8144,,
2005,356,India,292,"Crude vegetable materials, n.e.s.",2.4757,,
2005,356,India,321,"Coal, whether or not pulverized, not agglomerated",0.1362,,
2005,356,India,322,"Briquettes, lignites and peat",0.0085,,
2005,356,India,325,"Coke & semi-cokes of coal, lign., peat; retort carbon",0.2993,,
2005,356,India,333,"Petroleum oils, oils from bitumin. materials, crude",0.0022,,
2005,356,India,334,Petroleum oils or bituminous minerals > 70 % oil,2.7866,,
2005,356,India,335,"Residual petroleum products, n.e.s., related mater.",1.3413,,
2005,356,India,342,Liquefied propane and butane,0.0013,,
2005,356,India,343,"Natural gas, whether or not liquefied",0.0045,,
2005,356,India,344,"Petroleum gases, other gaseous hydrocarbons, n.e.s.",0.4344,,
2005,356,India,345,"Coal gas, water gas & similar gases (excludinghydrocar.)",76.5263,,
2005,356,India,351,Electric current,0.0001,,
2005,356,India,411,Animals oils and fats,0.8032,,
2005,356,India,421,"Fixed vegetable fats & oils, crude, refined, fractio.",0.1475,,
2005,356,India,422,"Fixed vegetable fats & oils, crude, refined, fract.",1.8069,,
2005,356,India,431,"Animal or veg. oils & fats, processed, n.e.s.; mixt.",1.0102,,
2005,356,India,511,"Hydrocarbons, n.e.s., & halogenated, nitr. derivative",1.6648,,
2005,356,India,512,"Alcohols, phenols, halogenat., sulfonat., nitrat. der.",1.4415,,
2005,356,India,513,"Carboxylic acids, anhydrides, halides, per.; derivati.",0.7613,,
2005,356,India,514,Nitrogen-function compounds,1.2148,,
2005,356,India,515,"Organo-inorganic, heterocycl. compounds, nucl. acids",0.4166,,
2005,356,India,516,Other organic chemicals,7.4985,,
2005,356,India,522,"Inorganic chemical elements, oxides & halogen salts",0.6987,,
2005,356,India,523,"Metallic salts & peroxysalts, of inorganic acids",1.4142,,
2005,356,India,524,Other inorganic chemicals,0.2677,,
2005,356,India,525,Radio-actives and associated materials,0.0254,,
2005,356,India,531,Synth. organic colouring matter & colouring lakes,6.5626,,
2005,356,India,532,"Dyeing & tanning extracts, synth. tanning materials",1.9925,,
2005,356,India,533,"Pigments, paints, varnishes and related materials",0.4047,,
2005,356,India,541,"Medicinal and pharmaceutical products, excluding 542",0.8589,,
2005,356,India,542,Medicaments (incl. veterinary medicaments),1.1178,,
2005,356,India,551,"Essential oils, perfume & flavour materials",1.2409,,
2005,356,India,553,"Perfumery, cosmetics or toilet prepar. (excluding soaps)",0.4815,,
2005,356,India,554,"Soaps, cleansing and polishing preparations",0.3128,,
2005,356,India,562,Fertilizers (other than those of group 272),0.0488,,
2005,356,India,571,"Polymers of ethylene, in primary forms",0.99,,
2005,356,India,572,"Polymers of styrene, in primary forms",0.6683,,
2005,356,India,573,Polymers of vinyl chloride or halogenated olefins,0.2667,,
2005,356,India,574,"Polyethers, epoxide resins; polycarbonat., polyesters",1.1143,,
2005,356,India,575,"Other plastics, in primary forms",0.5492,,
2005,356,India,579,"Waste, parings and scrap, of plastics",0.2388,,
2005,356,India,581,"Tubes, pipes and hoses of plastics",0.4828,,
2005,356,India,582,"Plates, sheets, films, foil & strip, of plastics",0.6355,,
2005,356,India,583,"Monofilaments, of plastics, cross-section > 1mm",0.0854,,
2005,356,India,591,"Insectides &  similar products, for retail sale",3.8771,,
2005,356,India,592,"Starche, wheat gluten; albuminoidal substances; glues",0.9516,,
2005,356,India,593,Explosives and pyrotechnic products,0.4704,,
2005,356,India,597,"Prepared addit. for miner. oils; lubricat., de-icing",0.3126,,
2005,356,India,598,"Miscellaneous chemical products, n.e.s.",0.5415,,
2005,356,India,611,Leather,3.1398,,
2005,356,India,612,"Manufactures of leather, n.e.s.; saddlery & harness",4.6176,,
2005,356,India,613,"Furskins, tanned or dressed, excluding those of 8483",0.0003,,
2005,356,India,621,"Materials of rubber (pastes, plates, sheets, etc.)",0.5706,,
2005,356,India,625,"Rubber tyres, tyre treads or flaps & inner tubes",1.3406,,
2005,356,India,629,"Articles of rubber, n.e.s.",1.1675,,
2005,356,India,633,Cork manufactures,0.0391,,
2005,356,India,634,"Veneers, plywood, and other wood, worked, n.e.s.",0.1775,,
2005,356,India,635,"Wood manufacture, n.e.s.",0.1778,,
2005,356,India,641,Paper and paperboard,0.3195,,
2005,356,India,642,"Paper & paperboard, cut to shape or size, articles",0.3102,,
2005,356,India,651,Textile yarn,5.604,,
2005,356,India,652,"Cotton fabrics, woven",3.1586,,
2005,356,India,653,"Fabrics, woven, of man-made fabrics",3.2504,,
2005,356,India,654,"Other textile fabrics, woven",4.7685,,
2005,356,India,655,"Knitted or crocheted fabrics, n.e.s.",0.2324,,
2005,356,India,656,"Tulles, trimmings, lace, ribbons & other small wares",1.4169,,
2005,356,India,657,"Special yarn, special textile fabrics & related",0.5656,,
2005,356,India,658,"Made-up articles, of textile materials, n.e.s.",7.7489,,
2005,356,India,659,"Floor coverings, etc.",8.9443,,
2005,356,India,661,"Lime, cement, fabrica. constr. mat. (excludingglass, clay)",4.185,,
2005,356,India,662,"Clay construction, refracto. construction materials",0.3697,,
2005,356,India,663,"Mineral manufactures, n.e.s.",0.4601,,
2005,356,India,664,Glass,0.3255,,
2005,356,India,665,Glassware,0.8813,,
2005,356,India,666,Pottery,0.1858,,
2005,356,India,667,"Pearls, precious & semi-precious stones",13.6823,,
2005,356,India,671,"Pig iron & spiegeleisen, sponge iron, powder & granu",1.8804,,
2005,356,India,672,"Ingots, primary forms, of iron or steel; semi-finis.",0.5826,,
2005,356,India,673,"Flat-rolled prod., iron, non-alloy steel, not coated",1.6855,,
2005,356,India,674,"Flat-rolled prod., iron, non-alloy steel, coated, clad",3.8009,,
2005,356,India,675,Flat-rolled products of alloy steel,1.4391,,
2005,356,India,676,"Iron & steel bars, rods, angles, shapes & sections",1.0991,,
2005,356,India,677,"Rails & railway track construction mat., iron, steel",0.1466,,
2005,356,India,678,Wire of iron or steel,2.1488,,
2005,356,India,679,"Tubes, pipes & hollow profiles, fittings, iron, steel",1.9522,,
2005,356,India,681,"Silver, platinum, other metals of the platinum group",0.065,,
2005,356,India,682,Copper,1.7459,,
2005,356,India,683,Nickel,0.1065,,
2005,356,India,684,Aluminium,0.6747,,
2005,356,India,685,Lead,0.5278,,
2005,356,India,686,Zinc,0.4083,,
2005,356,India,687,Tin,0.2218,,
2005,356,India,689,Miscellaneous no-ferrous base metals for metallur.,0.1183,,
2005,356,India,691,"Structures & parts, n.e.s., of iron, steel, aluminium",0.9631,,
2005,356,India,692,Metal containers for storage or transport,0.3693,,
2005,356,India,693,Wire products (excluding electrical) and fencing grills,1.2158,,
2005,356,India,694,"Nails, screws, nuts, bolts, rivets & the like, of metal",1.0941,,
2005,356,India,695,Tools for use in the hand or in machine,1.3047,,
2005,356,India,696,Cutlery,1.1534,,
2005,356,India,697,"Household equipment of base metal, n.e.s.",3.2005,,
2005,356,India,699,"Manufactures of base metal, n.e.s.",1.2277,,
2005,356,India,711,"Vapour generating boilers, auxiliary plant; parts",1.3172,,
2005,356,India,712,"Steam turbines & other vapour turbin., parts, n.e.s.",0.4638,,
2005,356,India,713,"Internal combustion piston engines, parts, n.e.s.",0.4687,,
2005,356,India,714,"Engines & motors, non-electric; parts, n.e.s.",0.1382,,
2005,356,India,716,"Rotating electric plant & parts thereof, n.e.s.",0.4989,,
2005,356,India,718,"Other power generating machinery & parts, n.e.s.",0.3278,,
2005,356,India,721,Agricultural machinery (excluding tractors) & parts,0.2003,,
2005,356,India,722,Tractors (excluding those of 71414 & 74415),1.5626,,
2005,356,India,723,Civil engineering & contractors' plant & equipment,0.2532,,
2005,356,India,724,"Textile & leather machinery, & parts thereof, n.e.s.",0.5839,,
2005,356,India,725,"Paper mill, pulp mill machinery; paper articles man.",0.213,,
2005,356,India,726,"Printing & bookbinding machinery, & parts thereof",0.5392,,
2005,356,India,727,Food-processing machines (excluding domestic),0.7149,,
2005,356,India,728,"Other machinery for particular industries, n.e.s.",0.4721,,
2005,356,India,731,Machine-tools working by removing material,0.1618,,
2005,356,India,733,"Mach.-tools for working metal, excluding removing mate.",0.3208,,
2005,356,India,735,"Parts, n.e.s., & accessories for machines of 731, 733",1.1045,,
2005,356,India,737,Metalworking machinery (excludingmachine-tools) & parts,0.8953,,
2005,356,India,741,"Heating & cooling equipment & parts thereof, n.e.s.",0.3887,,
2005,356,India,742,Pumps for liquids,0.5027,,
2005,356,India,743,"Pumps (excluding liquid), gas compressors & fans; centr.",0.373,,
2005,356,India,744,"Mechanical handling equipment, & parts, n.e.s.",0.1786,,
2005,356,India,745,"Other non-electr. machinery, tools & mechan. appar.",0.2633,,
2005,356,India,746,Ball or roller bearings,0.9691,,
2005,356,India,747,"Appliances for pipes, boiler shells, tanks, vats, etc.",0.7444,,
2005,356,India,748,Transmis. shafts,0.5966,,
2005,356,India,749,"Non-electric parts & accessor. of machinery, n.e.s.",0.6531,,
2005,356,India,751,Office machines,0.2545,,
2005,356,India,752,"Automatic data processing machines, n.e.s.",0.0605,,
2005,356,India,759,"Parts, accessories for machines of groups 751, 752",0.1297,,
2005,356,India,761,"Television receivers, whether or not combined",0.1473,,
2005,356,India,762,"Radio-broadcast receivers, whether or not combined",0.0213,,
2005,356,India,763,Sound recorders or reproducers,0.0106,,
2005,356,India,764,"Telecommunication equipment, n.e.s.; & parts, n.e.s.",0.0621,,
2005,356,India,771,"Electric power machinery, and parts thereof",0.7645,,
2005,356,India,772,"Apparatus for electrical circuits; board, panels",0.3099,,
2005,356,India,773,"Equipment for distributing electricity, n.e.s.",0.486,,
2005,356,India,774,"Electro-diagnostic appa. for medical sciences, etc.",0.9725,,
2005,356,India,775,"Household type equipment, electrical or not, n.e.s.",0.1696,,
2005,356,India,776,Cathode valves & tubes,0.0609,,
2005,356,India,778,"Electrical machinery & apparatus, n.e.s.",0.3008,,
2005,356,India,781,Motor vehicles for the transport of persons,0.204,,
2005,356,India,782,"Motor vehic. for transport of goods, special purpo.",0.2419,,
2005,356,India,783,"Road motor vehicles, n.e.s.",0.6104,,
2005,356,India,784,"Parts & accessories of vehicles of 722, 781, 782, 783",0.5085,,
2005,356,India,785,Motorcycles & cycles,1.5217,,
2005,356,India,786,Trailers & semi-trailers,0.088,,
2005,356,India,791,Railway vehicles & associated equipment,0.1115,,
2005,356,India,792,"Aircraft & associated equipment; spacecraft, etc.",0.075,,
2005,356,India,793,"Ships, boats & floating structures",0.9239,,
2005,356,India,811,Prefabricated buildings,0.0173,,
2005,356,India,812,"Sanitary, plumbing, heating fixtures, fittings, n.e.s.",0.3082,,
2005,356,India,813,"Lighting fixtures & fittings, n.e.s.",0.1021,,
2005,356,India,821,Furniture & parts,0.2898,,
2005,356,India,831,"Travel goods, handbags & similar containers",2.3375,,
2005,356,India,841,"Men's clothing of textile fabrics, not knitted",2.9638,,
2005,356,India,842,"Women's clothing, of textile fabrics",4.7165,,
2005,356,India,843,"Men's or boy's clothing, of textile, knitted, croche.",5.6223,,
2005,356,India,844,"Women's clothing, of textile, knitted or crocheted",2.9008,,
2005,356,India,845,"Articles of apparel, of textile fabrics, n.e.s.",1.9031,,
2005,356,India,846,"Clothing accessories, of textile fabrics",2.5133,,
2005,356,India,848,"Articles of apparel, clothing access., excluding textile",2.6518,,
2005,356,India,851,Footwear,1.6228,,
2005,356,India,871,"Optical instruments & apparatus, n.e.s.",0.0218,,
2005,356,India,872,"Instruments & appliances, n.e.s., for medical, etc.",0.2721,,
2005,356,India,873,"Meters & counters, n.e.s.",0.2693,,
2005,356,India,874,"Measuring, analysing & controlling apparatus, n.e.s.",0.1672,,
2005,356,India,881,"Photographic apparatus & equipment, n.e.s.",0.126,,
2005,356,India,882,Cinematographic & photographic supplies,0.061,,
2005,356,India,883,"Cinematograph films, exposed & developed",2.7182,,
2005,356,India,884,"Optical goods, n.e.s.",0.2434,,
2005,356,India,885,Watches & clocks,0.2405,,
2005,356,India,891,Arms & ammunition,0.0134,,
2005,356,India,892,Printed matter,0.3813,,
2005,356,India,893,"Articles, n.e.s., of plastics",0.543,,
2005,356,India,894,"Baby carriages, toys, games & sporting goods",0.2232,,
2005,356,India,895,"Office & stationery supplies, n.e.s.",1.2039,,
2005,356,India,896,"Works of art, collectors' pieces & antiques",3.0979,,
2005,356,India,897,"Jewellery & articles of precious materia., n.e.s.",9.5183,,
2005,356,India,898,"Musical instruments, parts; records, tapes & similar",0.7315,,
2005,356,India,899,"Miscellaneous manufactured articles, n.e.s.",0.5249,,
2005,356,India,961,"Coin (other than gold coin), not being legal tender",0.0143,,
2005,356,India,971,"Gold, non-monetary (excluding gold ores and concentrates)",0.0219,,
2006,356,India,001,Live animals other than animals of division 03,0.0647,,
2006,356,India,011,"Meat of bovine animals, fresh, chilled or frozen",2.7442,,
2006,356,India,012,Other meat and edible meat offal,0.0453,,
2006,356,India,016,"Meat, edible meat offal, salted, dried; flours, meals",0.0233,,
2006,356,India,017,"Meat, edible meat offal, prepared, preserved, n.e.s.",0.0265,,
2006,356,India,022,"Milk, cream and milk products (excluding butter, cheese)",0.3813,,
2006,356,India,023,Butter and other fats and oils derived from milk,0.319,,
2006,356,India,024,Cheese and curd,0.0112,,
2006,356,India,025,"Birds' eggs, and eggs' yolks; egg albumin",2.1082,,
2006,356,India,034,"Fish, fresh (live or dead), chilled or frozen",0.8072,,
2006,356,India,035,"Fish, dried, salted or in brine; smoked fish",0.2428,,
2006,356,India,036,"Crustaceans, mollusks and aquatic invertebrates",5.4328,,
2006,356,India,037,"Fish, aqua. invertebrates, prepared, preserved, n.e.s.",1.1915,,
2006,356,India,041,"Wheat (including spelt) and meslin, unmilled",0.0444,,
2006,356,India,042,Rice,13.5224,,
2006,356,India,043,"Barley, unmilled",0.0008,,
2006,356,India,044,"Maize (not including sweet corn), unmilled",0.776,,
2006,356,India,045,"Cereals, unmilled (excluding wheat, rice, barley, maize)",1.0593,,
2006,356,India,046,Meal and flour of wheat and flour of meslin,0.4504,,
2006,356,India,047,Other cereal meals and flour,0.8655,,
2006,356,India,048,"Cereal preparations, flour of fruits or vegetables",0.3445,,
2006,356,India,054,Vegetables,1.4769,,
2006,356,India,056,"Vegetables, roots, tubers, prepared, preserved, n.e.s.",0.9966,,
2006,356,India,057,"Fruits and nuts (excluding oil nuts), fresh or dried",1.6335,,
2006,356,India,058,"Fruit, preserved, and fruit preparations (no juice)",0.5217,,
2006,356,India,059,"Fruit and vegetable juices, unfermented, no spirit",0.0598,,
2006,356,India,061,"Sugar, molasses and honey",2.782,,
2006,356,India,062,Sugar confectionery,0.3366,,
2006,356,India,071,Coffee and coffee substitutes,2.2899,,
2006,356,India,072,Cocoa,0.0206,,
2006,356,India,073,"Chocolate, food preparations with cocoa, n.e.s.",0.0441,,
2006,356,India,074,Tea and mate,9.4136,,
2006,356,India,075,Spices,11.3084,,
2006,356,India,081,Feeding stuff for animals (no unmilled cereals),3.7111,,
2006,356,India,091,Margarine and shortening,0.1461,,
2006,356,India,098,"Edible products and preparations, n.e.s.",0.2329,,
2006,356,India,111,"Non-alcoholic beverages, n.e.s.",0.0368,,
2006,356,India,112,Alcoholic beverages,0.074,,
2006,356,India,121,"Tobacco, unmanufactured; tobacco refuse",3.4998,,
2006,356,India,122,"Tobacco, manufactured",0.4244,,
2006,356,India,211,"Hides and skins (except furskins), raw",0.2717,,
2006,356,India,212,"Furskins, raw, other than hides & skins of group 211",0.0008,,
2006,356,India,222,Oil seeds and oleaginous fruits (excluding flour),1.5191,,
2006,356,India,223,"Oil seeds & oleaginous fruits (incl. flour, n.e.s.)",1.4801,,
2006,356,India,231,"Natural rubber & similar gums, in primary forms",0.8223,,
2006,356,India,232,Synthetic rubber,0.3131,,
2006,356,India,244,"Cork, natural, raw & waste (incl. blocks, sheets)",0.2112,,
2006,356,India,245,Fuel wood (excluding wood waste) and wood charcoal,0.4454,,
2006,356,India,246,Wood in chips or particles and wood waste,0.0005,,
2006,356,India,247,Wood in the rough or roughly squared,0.0367,,
2006,356,India,248,"Wood simply worked, and railway sleepers of wood",0.0267,,
2006,356,India,251,Pulp and waste paper,0.0036,,
2006,356,India,261,Silk,2.2778,,
2006,356,India,263,Cotton,7.6972,,
2006,356,India,264,"Jute, other textile bast fibre, n.e.s., not spun; tow",0.8883,,
2006,356,India,265,"Vegetable textile fibres, not spun; waste of them",2.3634,,
2006,356,India,266,Synthetic fibres suitable for spinning,2.1056,,
2006,356,India,267,Other man-made fibres suitable for spinning,1.0503,,
2006,356,India,268,Wool and other animal hair (incl. wool tops),0.5188,,
2006,356,India,269,Worn clothing and other worn textile articles,0.1462,,
2006,356,India,272,Crude fertilizers (excluding those of division 56),0.0599,,
2006,356,India,273,"Stone, sand and gravel",7.4295,,
2006,356,India,274,Sulphur and unroasted iron pyrites,2.1587,,
2006,356,India,277,"Natural abrasives, n.e.s. (incl. industri. diamonds)",2.6044,,
2006,356,India,278,Other crude minerals,1.5472,,
2006,356,India,281,Iron ore and concentrates,10.9516,,
2006,356,India,282,"Ferrous waste, scrape; remelting ingots, iron, steel",0.0196,,
2006,356,India,283,"Copper ores and concentrates; copper mattes, cemen",0.0087,,
2006,356,India,284,"Nickel ores & concentrates; nickel mattes, etc.",0.001,,
2006,356,India,285,Aluminium ores and concentrates (incl. alumina),5.1725,,
2006,356,India,287,"Ores and concentrates of base metals, n.e.s.",2.5896,,
2006,356,India,288,"Non-ferrous base metal waste and scrap, n.e.s.",0.1536,,
2006,356,India,289,"Ores & concentrates of precious metals; waste, scrap",1.8638,,
2006,356,India,291,"Crude animal materials, n.e.s.",0.7615,,
2006,356,India,292,"Crude vegetable materials, n.e.s.",2.3542,,
2006,356,India,321,"Coal, whether or not pulverized, not agglomerated",0.1437,,
2006,356,India,322,"Briquettes, lignites and peat",0.0288,,
2006,356,India,325,"Coke & semi-cokes of coal, lign., peat; retort carbon",0.1298,,
2006,356,India,333,"Petroleum oils, oils from bitumin. materials, crude",0.0084,,
2006,356,India,334,Petroleum oils or bituminous minerals > 70 % oil,3.6935,,
2006,356,India,335,"Residual petroleum products, n.e.s., related mater.",1.2304,,
2006,356,India,342,Liquefied propane and butane,0.0009,,
2006,356,India,343,"Natural gas, whether or not liquefied",0.0305,,
2006,356,India,344,"Petroleum gases, other gaseous hydrocarbons, n.e.s.",0.7752,,
2006,356,India,345,"Coal gas, water gas & similar gases (excludinghydrocar.)",56.6022,,
2006,356,India,351,Electric current,0,,
2006,356,India,411,Animals oils and fats,0.4342,,
2006,356,India,421,"Fixed vegetable fats & oils, crude, refined, fractio.",0.1585,,
2006,356,India,422,"Fixed vegetable fats & oils, crude, refined, fract.",1.3737,,
2006,356,India,431,"Animal or veg. oils & fats, processed, n.e.s.; mixt.",1.1106,,
2006,356,India,511,"Hydrocarbons, n.e.s., & halogenated, nitr. derivative",2.82,,
2006,356,India,512,"Alcohols, phenols, halogenat., sulfonat., nitrat. der.",1.27,,
2006,356,India,513,"Carboxylic acids, anhydrides, halides, per.; derivati.",0.8603,,
2006,356,India,514,Nitrogen-function compounds,1.3445,,
2006,356,India,515,"Organo-inorganic, heterocycl. compounds, nucl. acids",0.4956,,
2006,356,India,516,Other organic chemicals,7.2766,,
2006,356,India,522,"Inorganic chemical elements, oxides & halogen salts",0.536,,
2006,356,India,523,"Metallic salts & peroxysalts, of inorganic acids",1.2637,,
2006,356,India,524,Other inorganic chemicals,0.2025,,
2006,356,India,525,Radio-actives and associated materials,0.0089,,
2006,356,India,531,Synth. organic colouring matter & colouring lakes,7.0185,,
2006,356,India,532,"Dyeing & tanning extracts, synth. tanning materials",2.4383,,
2006,356,India,533,"Pigments, paints, varnishes and related materials",0.3726,,
2006,356,India,541,"Medicinal and pharmaceutical products, excluding 542",0.8685,,
2006,356,India,542,Medicaments (incl. veterinary medicaments),1.1664,,
2006,356,India,551,"Essential oils, perfume & flavour materials",1.6803,,
2006,356,India,553,"Perfumery, cosmetics or toilet prepar. (excluding soaps)",0.5068,,
2006,356,India,554,"Soaps, cleansing and polishing preparations",0.3504,,
2006,356,India,562,Fertilizers (other than those of group 272),0.0419,,
2006,356,India,571,"Polymers of ethylene, in primary forms",0.7518,,
2006,356,India,572,"Polymers of styrene, in primary forms",0.7794,,
2006,356,India,573,Polymers of vinyl chloride or halogenated olefins,0.108,,
2006,356,India,574,"Polyethers, epoxide resins; polycarbonat., polyesters",1.023,,
2006,356,India,575,"Other plastics, in primary forms",0.8261,,
2006,356,India,579,"Waste, parings and scrap, of plastics",0.3044,,
2006,356,India,581,"Tubes, pipes and hoses of plastics",0.4383,,
2006,356,India,582,"Plates, sheets, films, foil & strip, of plastics",0.6331,,
2006,356,India,583,"Monofilaments, of plastics, cross-section > 1mm",0.1387,,
2006,356,India,591,"Insectides &  similar products, for retail sale",3.8094,,
2006,356,India,592,"Starche, wheat gluten; albuminoidal substances; glues",0.7507,,
2006,356,India,593,Explosives and pyrotechnic products,0.4675,,
2006,356,India,597,"Prepared addit. for miner. oils; lubricat., de-icing",0.2993,,
2006,356,India,598,"Miscellaneous chemical products, n.e.s.",0.4806,,
2006,356,India,611,Leather,3.0532,,
2006,356,India,612,"Manufactures of leather, n.e.s.; saddlery & harness",3.9967,,
2006,356,India,621,"Materials of rubber (pastes, plates, sheets, etc.)",0.6265,,
2006,356,India,625,"Rubber tyres, tyre treads or flaps & inner tubes",1.3258,,
2006,356,India,629,"Articles of rubber, n.e.s.",1.1561,,
2006,356,India,633,Cork manufactures,0.0604,,
2006,356,India,634,"Veneers, plywood, and other wood, worked, n.e.s.",0.1638,,
2006,356,India,635,"Wood manufacture, n.e.s.",0.2021,,
2006,356,India,641,Paper and paperboard,0.3102,,
2006,356,India,642,"Paper & paperboard, cut to shape or size, articles",0.2413,,
2006,356,India,651,Textile yarn,5.7934,,
2006,356,India,652,"Cotton fabrics, woven",3.0136,,
2006,356,India,653,"Fabrics, woven, of man-made fabrics",2.9768,,
2006,356,India,654,"Other textile fabrics, woven",4.1673,,
2006,356,India,655,"Knitted or crocheted fabrics, n.e.s.",0.3286,,
2006,356,India,656,"Tulles, trimmings, lace, ribbons & other small wares",1.5096,,
2006,356,India,657,"Special yarn, special textile fabrics & related",0.5277,,
2006,356,India,658,"Made-up articles, of textile materials, n.e.s.",6.7637,,
2006,356,India,659,"Floor coverings, etc.",9.3136,,
2006,356,India,661,"Lime, cement, fabrica. constr. mat. (excludingglass, clay)",4.1992,,
2006,356,India,662,"Clay construction, refracto. construction materials",0.4211,,
2006,356,India,663,"Mineral manufactures, n.e.s.",0.475,,
2006,356,India,664,Glass,0.4129,,
2006,356,India,665,Glassware,0.8515,,
2006,356,India,666,Pottery,0.1491,,
2006,356,India,667,"Pearls, precious & semi-precious stones",11.6949,,
2006,356,India,671,"Pig iron & spiegeleisen, sponge iron, powder & granu",2.0208,,
2006,356,India,672,"Ingots, primary forms, of iron or steel; semi-finis.",1.5725,,
2006,356,India,673,"Flat-rolled prod., iron, non-alloy steel, not coated",1.5515,,
2006,356,India,674,"Flat-rolled prod., iron, non-alloy steel, coated, clad",4.1055,,
2006,356,India,675,Flat-rolled products of alloy steel,0.8369,,
2006,356,India,676,"Iron & steel bars, rods, angles, shapes & sections",1.0041,,
2006,356,India,677,"Rails & railway track construction mat., iron, steel",0.1762,,
2006,356,India,678,Wire of iron or steel,2.3584,,
2006,356,India,679,"Tubes, pipes & hollow profiles, fittings, iron, steel",1.9594,,
2006,356,India,681,"Silver, platinum, other metals of the platinum group",0.0732,,
2006,356,India,682,Copper,2.2697,,
2006,356,India,683,Nickel,0.0875,,
2006,356,India,684,Aluminium,0.5423,,
2006,356,India,685,Lead,0.4131,,
2006,356,India,686,Zinc,3.194,,
2006,356,India,687,Tin,0.8226,,
2006,356,India,689,Miscellaneous no-ferrous base metals for metallur.,0.2984,,
2006,356,India,691,"Structures & parts, n.e.s., of iron, steel, aluminium",0.8902,,
2006,356,India,692,Metal containers for storage or transport,0.4483,,
2006,356,India,693,Wire products (excluding electrical) and fencing grills,1.2339,,
2006,356,India,694,"Nails, screws, nuts, bolts, rivets & the like, of metal",0.8502,,
2006,356,India,695,Tools for use in the hand or in machine,1.2596,,
2006,356,India,696,Cutlery,1.3161,,
2006,356,India,697,"Household equipment of base metal, n.e.s.",2.5912,,
2006,356,India,699,"Manufactures of base metal, n.e.s.",1.1728,,
2006,356,India,711,"Vapour generating boilers, auxiliary plant; parts",1.6738,,
2006,356,India,712,"Steam turbines & other vapour turbin., parts, n.e.s.",1.3199,,
2006,356,India,713,"Internal combustion piston engines, parts, n.e.s.",0.5046,,
2006,356,India,714,"Engines & motors, non-electric; parts, n.e.s.",0.0297,,
2006,356,India,716,"Rotating electric plant & parts thereof, n.e.s.",0.8351,,
2006,356,India,718,"Other power generating machinery & parts, n.e.s.",0.2681,,
2006,356,India,721,Agricultural machinery (excluding tractors) & parts,0.2348,,
2006,356,India,722,Tractors (excluding those of 71414 & 74415),1.4452,,
2006,356,India,723,Civil engineering & contractors' plant & equipment,0.2159,,
2006,356,India,724,"Textile & leather machinery, & parts thereof, n.e.s.",0.4562,,
2006,356,India,725,"Paper mill, pulp mill machinery; paper articles man.",0.1753,,
2006,356,India,726,"Printing & bookbinding machinery, & parts thereof",0.4762,,
2006,356,India,727,Food-processing machines (excluding domestic),0.6958,,
2006,356,India,728,"Other machinery for particular industries, n.e.s.",0.4631,,
2006,356,India,731,Machine-tools working by removing material,0.1395,,
2006,356,India,733,"Mach.-tools for working metal, excluding removing mate.",0.2664,,
2006,356,India,735,"Parts, n.e.s., & accessories for machines of 731, 733",0.9428,,
2006,356,India,737,Metalworking machinery (excludingmachine-tools) & parts,0.9061,,
2006,356,India,741,"Heating & cooling equipment & parts thereof, n.e.s.",0.5146,,
2006,356,India,742,Pumps for liquids,0.5957,,
2006,356,India,743,"Pumps (excluding liquid), gas compressors & fans; centr.",0.4823,,
2006,356,India,744,"Mechanical handling equipment, & parts, n.e.s.",0.1533,,
2006,356,India,745,"Other non-electr. machinery, tools & mechan. appar.",0.2996,,
2006,356,India,746,Ball or roller bearings,0.8559,,
2006,356,India,747,"Appliances for pipes, boiler shells, tanks, vats, etc.",0.7823,,
2006,356,India,748,Transmis. shafts,0.703,,
2006,356,India,749,"Non-electric parts & accessor. of machinery, n.e.s.",0.7035,,
2006,356,India,751,Office machines,0.2051,,
2006,356,India,752,"Automatic data processing machines, n.e.s.",0.0673,,
2006,356,India,759,"Parts, accessories for machines of groups 751, 752",0.1098,,
2006,356,India,761,"Television receivers, whether or not combined",0.0967,,
2006,356,India,762,"Radio-broadcast receivers, whether or not combined",0.027,,
2006,356,India,763,Sound recorders or reproducers,0.0189,,
2006,356,India,764,"Telecommunication equipment, n.e.s.; & parts, n.e.s.",0.087,,
2006,356,India,771,"Electric power machinery, and parts thereof",1.071,,
2006,356,India,772,"Apparatus for electrical circuits; board, panels",0.3618,,
2006,356,India,773,"Equipment for distributing electricity, n.e.s.",0.5386,,
2006,356,India,774,"Electro-diagnostic appa. for medical sciences, etc.",0.9192,,
2006,356,India,775,"Household type equipment, electrical or not, n.e.s.",0.1842,,
2006,356,India,776,Cathode valves & tubes,0.0586,,
2006,356,India,778,"Electrical machinery & apparatus, n.e.s.",0.3094,,
2006,356,India,781,Motor vehicles for the transport of persons,0.1948,,
2006,356,India,782,"Motor vehic. for transport of goods, special purpo.",0.2049,,
2006,356,India,783,"Road motor vehicles, n.e.s.",0.5876,,
2006,356,India,784,"Parts & accessories of vehicles of 722, 781, 782, 783",0.5293,,
2006,356,India,785,Motorcycles & cycles,1.5771,,
2006,356,India,786,Trailers & semi-trailers,0.0938,,
2006,356,India,791,Railway vehicles & associated equipment,0.2764,,
2006,356,India,792,"Aircraft & associated equipment; spacecraft, etc.",0.036,,
2006,356,India,793,"Ships, boats & floating structures",0.8681,,
2006,356,India,811,Prefabricated buildings,0.0292,,
2006,356,India,812,"Sanitary, plumbing, heating fixtures, fittings, n.e.s.",0.2484,,
2006,356,India,813,"Lighting fixtures & fittings, n.e.s.",0.0941,,
2006,356,India,821,Furniture & parts,0.3377,,
2006,356,India,831,"Travel goods, handbags & similar containers",2.1018,,
2006,356,India,841,"Men's clothing of textile fabrics, not knitted",2.6686,,
2006,356,India,842,"Women's clothing, of textile fabrics",4.6329,,
2006,356,India,843,"Men's or boy's clothing, of textile, knitted, croche.",3.9787,,
2006,356,India,844,"Women's clothing, of textile, knitted or crocheted",2.4754,,
2006,356,India,845,"Articles of apparel, of textile fabrics, n.e.s.",2.0355,,
2006,356,India,846,"Clothing accessories, of textile fabrics",2.3233,,
2006,356,India,848,"Articles of apparel, clothing access., excluding textile",2.6516,,
2006,356,India,851,Footwear,1.6116,,
2006,356,India,871,"Optical instruments & apparatus, n.e.s.",0.0179,,
2006,356,India,872,"Instruments & appliances, n.e.s., for medical, etc.",0.2861,,
2006,356,India,873,"Meters & counters, n.e.s.",0.2256,,
2006,356,India,874,"Measuring, analysing & controlling apparatus, n.e.s.",0.1739,,
2006,356,India,881,"Photographic apparatus & equipment, n.e.s.",0.0537,,
2006,356,India,882,Cinematographic & photographic supplies,0.0566,,
2006,356,India,883,"Cinematograph films, exposed & developed",2.4384,,
2006,356,India,884,"Optical goods, n.e.s.",0.2381,,
2006,356,India,885,Watches & clocks,0.1652,,
2006,356,India,891,Arms & ammunition,0.0612,,
2006,356,India,892,Printed matter,0.4165,,
2006,356,India,893,"Articles, n.e.s., of plastics",0.5473,,
2006,356,India,894,"Baby carriages, toys, games & sporting goods",0.2103,,
2006,356,India,895,"Office & stationery supplies, n.e.s.",1.1366,,
2006,356,India,896,"Works of art, collectors' pieces & antiques",2.5597,,
2006,356,India,897,"Jewellery & articles of precious materia., n.e.s.",10.1197,,
2006,356,India,898,"Musical instruments, parts; records, tapes & similar",0.6231,,
2006,356,India,899,"Miscellaneous manufactured articles, n.e.s.",0.5716,,
2006,356,India,961,"Coin (other than gold coin), not being legal tender",2.154,,
2006,356,India,971,"Gold, non-monetary (excluding gold ores and concentrates)",0.0032,,
2007,356,India,001,Live animals other than animals of division 03,0.0552,,
2007,356,India,011,"Meat of bovine animals, fresh, chilled or frozen",2.8675,,
2007,356,India,012,Other meat and edible meat offal,0.068,,
2007,356,India,016,"Meat, edible meat offal, salted, dried; flours, meals",0.0627,,
2007,356,India,017,"Meat, edible meat offal, prepared, preserved, n.e.s.",0.0125,,
2007,356,India,022,"Milk, cream and milk products (excluding butter, cheese)",0.3774,,
2007,356,India,023,Butter and other fats and oils derived from milk,0.3799,,
2007,356,India,024,Cheese and curd,0.0201,,
2007,356,India,025,"Birds' eggs, and eggs' yolks; egg albumin",2.8764,,
2007,356,India,034,"Fish, fresh (live or dead), chilled or frozen",0.9458,,
2007,356,India,035,"Fish, dried, salted or in brine; smoked fish",0.2186,,
2007,356,India,036,"Crustaceans, mollusks and aquatic invertebrates",4.8272,,
2007,356,India,037,"Fish, aqua. invertebrates, prepared, preserved, n.e.s.",0.9578,,
2007,356,India,041,"Wheat (including spelt) and meslin, unmilled",0.0004,,
2007,356,India,042,Rice,16.5574,,
2007,356,India,043,"Barley, unmilled",1.4337,,
2007,356,India,044,"Maize (not including sweet corn), unmilled",1.4461,,
2007,356,India,045,"Cereals, unmilled (excluding wheat, rice, barley, maize)",0.7071,,
2007,356,India,046,Meal and flour of wheat and flour of meslin,0.3308,,
2007,356,India,047,Other cereal meals and flour,1.6884,,
2007,356,India,048,"Cereal preparations, flour of fruits or vegetables",0.3258,,
2007,356,India,054,Vegetables,1.1743,,
2007,356,India,056,"Vegetables, roots, tubers, prepared, preserved, n.e.s.",0.9249,,
2007,356,India,057,"Fruits and nuts (excluding oil nuts), fresh or dried",1.3665,,
2007,356,India,058,"Fruit, preserved, and fruit preparations (no juice)",0.4921,,
2007,356,India,059,"Fruit and vegetable juices, unfermented, no spirit",0.0681,,
2007,356,India,061,"Sugar, molasses and honey",4.2285,,
2007,356,India,062,Sugar confectionery,0.3294,,
2007,356,India,071,Coffee and coffee substitutes,1.7978,,
2007,356,India,072,Cocoa,0.0074,,
2007,356,India,073,"Chocolate, food preparations with cocoa, n.e.s.",0.0473,,
2007,356,India,074,Tea and mate,8.2748,,
2007,356,India,075,Spices,14.608,,
2007,356,India,081,Feeding stuff for animals (no unmilled cereals),3.6505,,
2007,356,India,091,Margarine and shortening,0.0362,,
2007,356,India,098,"Edible products and preparations, n.e.s.",0.2661,,
2007,356,India,111,"Non-alcoholic beverages, n.e.s.",0.0213,,
2007,356,India,112,Alcoholic beverages,0.0853,,
2007,356,India,121,"Tobacco, unmanufactured; tobacco refuse",3.4305,,
2007,356,India,122,"Tobacco, manufactured",0.493,,
2007,356,India,211,"Hides and skins (except furskins), raw",0.4263,,
2007,356,India,212,"Furskins, raw, other than hides & skins of group 211",0.0017,,
2007,356,India,222,Oil seeds and oleaginous fruits (excluding flour),1.7138,,
2007,356,India,223,"Oil seeds & oleaginous fruits (incl. flour, n.e.s.)",1.4499,,
2007,356,India,231,"Natural rubber & similar gums, in primary forms",0.298,,
2007,356,India,232,Synthetic rubber,0.2761,,
2007,356,India,244,"Cork, natural, raw & waste (incl. blocks, sheets)",0.162,,
2007,356,India,245,Fuel wood (excluding wood waste) and wood charcoal,0.4052,,
2007,356,India,246,Wood in chips or particles and wood waste,0.0002,,
2007,356,India,247,Wood in the rough or roughly squared,0.0138,,
2007,356,India,248,"Wood simply worked, and railway sleepers of wood",0.0292,,
2007,356,India,251,Pulp and waste paper,0.0071,,
2007,356,India,261,Silk,1.059,,
2007,356,India,263,Cotton,12.0051,,
2007,356,India,264,"Jute, other textile bast fibre, n.e.s., not spun; tow",3.3213,,
2007,356,India,265,"Vegetable textile fibres, not spun; waste of them",3.343,,
2007,356,India,266,Synthetic fibres suitable for spinning,2.6159,,
2007,356,India,267,Other man-made fibres suitable for spinning,1.5271,,
2007,356,India,268,Wool and other animal hair (incl. wool tops),0.523,,
2007,356,India,269,Worn clothing and other worn textile articles,0.092,,
2007,356,India,272,Crude fertilizers (excluding those of division 56),0.0517,,
2007,356,India,273,"Stone, sand and gravel",8.1927,,
2007,356,India,274,Sulphur and unroasted iron pyrites,0.0592,,
2007,356,India,277,"Natural abrasives, n.e.s. (incl. industri. diamonds)",4.1357,,
2007,356,India,278,Other crude minerals,1.6591,,
2007,356,India,281,Iron ore and concentrates,10.2814,,
2007,356,India,282,"Ferrous waste, scrape; remelting ingots, iron, steel",0.049,,
2007,356,India,283,"Copper ores and concentrates; copper mattes, cemen",0.1068,,
2007,356,India,284,"Nickel ores & concentrates; nickel mattes, etc.",0.0008,,
2007,356,India,285,Aluminium ores and concentrates (incl. alumina),4.3391,,
2007,356,India,287,"Ores and concentrates of base metals, n.e.s.",2.7548,,
2007,356,India,288,"Non-ferrous base metal waste and scrap, n.e.s.",0.1123,,
2007,356,India,289,"Ores & concentrates of precious metals; waste, scrap",1.7523,,
2007,356,India,291,"Crude animal materials, n.e.s.",0.8014,,
2007,356,India,292,"Crude vegetable materials, n.e.s.",2.2575,,
2007,356,India,321,"Coal, whether or not pulverized, not agglomerated",0.1163,,
2007,356,India,322,"Briquettes, lignites and peat",0.1025,,
2007,356,India,325,"Coke & semi-cokes of coal, lign., peat; retort carbon",0.074,,
2007,356,India,333,"Petroleum oils, oils from bitumin. materials, crude",0.0025,,
2007,356,India,334,Petroleum oils or bituminous minerals > 70 % oil,4.0618,,
2007,356,India,335,"Residual petroleum products, n.e.s., related mater.",1.9487,,
2007,356,India,342,Liquefied propane and butane,0.0008,,
2007,356,India,343,"Natural gas, whether or not liquefied",0.0171,,
2007,356,India,344,"Petroleum gases, other gaseous hydrocarbons, n.e.s.",0.2007,,
2007,356,India,345,"Coal gas, water gas & similar gases (excludinghydrocar.)",34.7848,,
2007,356,India,351,Electric current,0.0002,,
2007,356,India,411,Animals oils and fats,0.1782,,
2007,356,India,421,"Fixed vegetable fats & oils, crude, refined, fractio.",0.1717,,
2007,356,India,422,"Fixed vegetable fats & oils, crude, refined, fract.",1.1756,,
2007,356,India,431,"Animal or veg. oils & fats, processed, n.e.s.; mixt.",0.9675,,
2007,356,India,511,"Hydrocarbons, n.e.s., & halogenated, nitr. derivative",2.2863,,
2007,356,India,512,"Alcohols, phenols, halogenat., sulfonat., nitrat. der.",1.2433,,
2007,356,India,513,"Carboxylic acids, anhydrides, halides, per.; derivati.",0.9692,,
2007,356,India,514,Nitrogen-function compounds,1.1799,,
2007,356,India,515,"Organo-inorganic, heterocycl. compounds, nucl. acids",0.5027,,
2007,356,India,516,Other organic chemicals,6.7679,,
2007,356,India,522,"Inorganic chemical elements, oxides & halogen salts",0.6207,,
2007,356,India,523,"Metallic salts & peroxysalts, of inorganic acids",1.0874,,
2007,356,India,524,Other inorganic chemicals,0.1676,,
2007,356,India,525,Radio-actives and associated materials,0.0045,,
2007,356,India,531,Synth. organic colouring matter & colouring lakes,7.6062,,
2007,356,India,532,"Dyeing & tanning extracts, synth. tanning materials",2.073,,
2007,356,India,533,"Pigments, paints, varnishes and related materials",0.4206,,
2007,356,India,541,"Medicinal and pharmaceutical products, excluding 542",0.9177,,
2007,356,India,542,Medicaments (incl. veterinary medicaments),1.2484,,
2007,356,India,551,"Essential oils, perfume & flavour materials",1.6213,,
2007,356,India,553,"Perfumery, cosmetics or toilet prepar. (excluding soaps)",0.4788,,
2007,356,India,554,"Soaps, cleansing and polishing preparations",0.3367,,
2007,356,India,562,Fertilizers (other than those of group 272),0.0374,,
2007,356,India,571,"Polymers of ethylene, in primary forms",0.3941,,
2007,356,India,572,"Polymers of styrene, in primary forms",0.5444,,
2007,356,India,573,Polymers of vinyl chloride or halogenated olefins,0.0946,,
2007,356,India,574,"Polyethers, epoxide resins; polycarbonat., polyesters",0.8446,,
2007,356,India,575,"Other plastics, in primary forms",0.7027,,
2007,356,India,579,"Waste, parings and scrap, of plastics",0.2691,,
2007,356,India,581,"Tubes, pipes and hoses of plastics",0.4061,,
2007,356,India,582,"Plates, sheets, films, foil & strip, of plastics",0.5881,,
2007,356,India,583,"Monofilaments, of plastics, cross-section > 1mm",0.1374,,
2007,356,India,591,"Insectides &  similar products, for retail sale",3.6872,,
2007,356,India,592,"Starche, wheat gluten; albuminoidal substances; glues",1.079,,
2007,356,India,593,Explosives and pyrotechnic products,0.4852,,
2007,356,India,597,"Prepared addit. for miner. oils; lubricat., de-icing",0.2983,,
2007,356,India,598,"Miscellaneous chemical products, n.e.s.",0.5229,,
2007,356,India,611,Leather,2.9494,,
2007,356,India,612,"Manufactures of leather, n.e.s.; saddlery & harness",4.1332,,
2007,356,India,613,"Furskins, tanned or dressed, excluding those of 8483",0.0063,,
2007,356,India,621,"Materials of rubber (pastes, plates, sheets, etc.)",0.5975,,
2007,356,India,625,"Rubber tyres, tyre treads or flaps & inner tubes",1.2044,,
2007,356,India,629,"Articles of rubber, n.e.s.",0.9249,,
2007,356,India,633,Cork manufactures,0.0527,,
2007,356,India,634,"Veneers, plywood, and other wood, worked, n.e.s.",0.1787,,
2007,356,India,635,"Wood manufacture, n.e.s.",0.2303,,
2007,356,India,641,Paper and paperboard,0.2674,,
2007,356,India,642,"Paper & paperboard, cut to shape or size, articles",0.2374,,
2007,356,India,651,Textile yarn,5.9854,,
2007,356,India,652,"Cotton fabrics, woven",3.0217,,
2007,356,India,653,"Fabrics, woven, of man-made fabrics",3.18,,
2007,356,India,654,"Other textile fabrics, woven",3.7415,,
2007,356,India,655,"Knitted or crocheted fabrics, n.e.s.",0.3174,,
2007,356,India,656,"Tulles, trimmings, lace, ribbons & other small wares",1.6474,,
2007,356,India,657,"Special yarn, special textile fabrics & related",0.5725,,
2007,356,India,658,"Made-up articles, of textile materials, n.e.s.",5.8936,,
2007,356,India,659,"Floor coverings, etc.",7.984,,
2007,356,India,661,"Lime, cement, fabrica. constr. mat. (excludingglass, clay)",3.6997,,
2007,356,India,662,"Clay construction, refracto. construction materials",0.4402,,
2007,356,India,663,"Mineral manufactures, n.e.s.",0.5219,,
2007,356,India,664,Glass,0.4509,,
2007,356,India,665,Glassware,0.7986,,
2007,356,India,666,Pottery,0.186,,
2007,356,India,667,"Pearls, precious & semi-precious stones",12.3226,,
2007,356,India,671,"Pig iron & spiegeleisen, sponge iron, powder & granu",2.9421,,
2007,356,India,672,"Ingots, primary forms, of iron or steel; semi-finis.",0.9592,,
2007,356,India,673,"Flat-rolled prod., iron, non-alloy steel, not coated",1.2587,,
2007,356,India,674,"Flat-rolled prod., iron, non-alloy steel, coated, clad",2.8694,,
2007,356,India,675,Flat-rolled products of alloy steel,0.6114,,
2007,356,India,676,"Iron & steel bars, rods, angles, shapes & sections",1.0799,,
2007,356,India,677,"Rails & railway track construction mat., iron, steel",0.2558,,
2007,356,India,678,Wire of iron or steel,2.8874,,
2007,356,India,679,"Tubes, pipes & hollow profiles, fittings, iron, steel",2.4359,,
2007,356,India,681,"Silver, platinum, other metals of the platinum group",0.0584,,
2007,356,India,682,Copper,2.0325,,
2007,356,India,683,Nickel,0.072,,
2007,356,India,684,Aluminium,0.6147,,
2007,356,India,685,Lead,0.6783,,
2007,356,India,686,Zinc,2.0108,,
2007,356,India,687,Tin,0.3159,,
2007,356,India,689,Miscellaneous no-ferrous base metals for metallur.,0.184,,
2007,356,India,691,"Structures & parts, n.e.s., of iron, steel, aluminium",0.8388,,
2007,356,India,692,Metal containers for storage or transport,0.4449,,
2007,356,India,693,Wire products (excluding electrical) and fencing grills,1.3442,,
2007,356,India,694,"Nails, screws, nuts, bolts, rivets & the like, of metal",0.8112,,
2007,356,India,695,Tools for use in the hand or in machine,0.9663,,
2007,356,India,696,Cutlery,1.1277,,
2007,356,India,697,"Household equipment of base metal, n.e.s.",2.4579,,
2007,356,India,699,"Manufactures of base metal, n.e.s.",1.1153,,
2007,356,India,711,"Vapour generating boilers, auxiliary plant; parts",2.7287,,
2007,356,India,712,"Steam turbines & other vapour turbin., parts, n.e.s.",0.6787,,
2007,356,India,713,"Internal combustion piston engines, parts, n.e.s.",0.5334,,
2007,356,India,714,"Engines & motors, non-electric; parts, n.e.s.",0.0658,,
2007,356,India,716,"Rotating electric plant & parts thereof, n.e.s.",0.8738,,
2007,356,India,718,"Other power generating machinery & parts, n.e.s.",0.2683,,
2007,356,India,721,Agricultural machinery (excluding tractors) & parts,0.1893,,
2007,356,India,722,Tractors (excluding those of 71414 & 74415),1.7253,,
2007,356,India,723,Civil engineering & contractors' plant & equipment,0.2029,,
2007,356,India,724,"Textile & leather machinery, & parts thereof, n.e.s.",0.5101,,
2007,356,India,725,"Paper mill, pulp mill machinery; paper articles man.",0.2313,,
2007,356,India,726,"Printing & bookbinding machinery, & parts thereof",0.5507,,
2007,356,India,727,Food-processing machines (excluding domestic),0.5859,,
2007,356,India,728,"Other machinery for particular industries, n.e.s.",0.4091,,
2007,356,India,731,Machine-tools working by removing material,0.1856,,
2007,356,India,733,"Mach.-tools for working metal, excluding removing mate.",0.318,,
2007,356,India,735,"Parts, n.e.s., & accessories for machines of 731, 733",1.0315,,
2007,356,India,737,Metalworking machinery (excludingmachine-tools) & parts,0.8239,,
2007,356,India,741,"Heating & cooling equipment & parts thereof, n.e.s.",0.5042,,
2007,356,India,742,Pumps for liquids,0.5902,,
2007,356,India,743,"Pumps (excluding liquid), gas compressors & fans; centr.",0.4932,,
2007,356,India,744,"Mechanical handling equipment, & parts, n.e.s.",0.1662,,
2007,356,India,745,"Other non-electr. machinery, tools & mechan. appar.",0.2793,,
2007,356,India,746,Ball or roller bearings,0.8086,,
2007,356,India,747,"Appliances for pipes, boiler shells, tanks, vats, etc.",0.7789,,
2007,356,India,748,Transmis. shafts,0.6931,,
2007,356,India,749,"Non-electric parts & accessor. of machinery, n.e.s.",0.8639,,
2007,356,India,751,Office machines,0.1118,,
2007,356,India,752,"Automatic data processing machines, n.e.s.",0.0691,,
2007,356,India,759,"Parts, accessories for machines of groups 751, 752",0.0764,,
2007,356,India,761,"Television receivers, whether or not combined",0.0795,,
2007,356,India,762,"Radio-broadcast receivers, whether or not combined",0.0206,,
2007,356,India,763,Sound recorders or reproducers,0.006,,
2007,356,India,764,"Telecommunication equipment, n.e.s.; & parts, n.e.s.",0.1153,,
2007,356,India,771,"Electric power machinery, and parts thereof",0.9835,,
2007,356,India,772,"Apparatus for electrical circuits; board, panels",0.4093,,
2007,356,India,773,"Equipment for distributing electricity, n.e.s.",0.568,,
2007,356,India,774,"Electro-diagnostic appa. for medical sciences, etc.",0.7276,,
2007,356,India,775,"Household type equipment, electrical or not, n.e.s.",0.1555,,
2007,356,India,776,Cathode valves & tubes,0.0645,,
2007,356,India,778,"Electrical machinery & apparatus, n.e.s.",0.2994,,
2007,356,India,781,Motor vehicles for the transport of persons,0.1975,,
2007,356,India,782,"Motor vehic. for transport of goods, special purpo.",0.1705,,
2007,356,India,783,"Road motor vehicles, n.e.s.",0.5306,,
2007,356,India,784,"Parts & accessories of vehicles of 722, 781, 782, 783",0.4831,,
2007,356,India,785,Motorcycles & cycles,1.0762,,
2007,356,India,786,Trailers & semi-trailers,0.0761,,
2007,356,India,791,Railway vehicles & associated equipment,0.2424,,
2007,356,India,792,"Aircraft & associated equipment; spacecraft, etc.",0.1956,,
2007,356,India,793,"Ships, boats & floating structures",1.138,,
2007,356,India,811,Prefabricated buildings,0.0856,,
2007,356,India,812,"Sanitary, plumbing, heating fixtures, fittings, n.e.s.",0.2935,,
2007,356,India,813,"Lighting fixtures & fittings, n.e.s.",0.0769,,
2007,356,India,821,Furniture & parts,0.3687,,
2007,356,India,831,"Travel goods, handbags & similar containers",1.9226,,
2007,356,India,841,"Men's clothing of textile fabrics, not knitted",2.4694,,
2007,356,India,842,"Women's clothing, of textile fabrics",3.7505,,
2007,356,India,843,"Men's or boy's clothing, of textile, knitted, croche.",3.5243,,
2007,356,India,844,"Women's clothing, of textile, knitted or crocheted",2.2003,,
2007,356,India,845,"Articles of apparel, of textile fabrics, n.e.s.",1.9731,,
2007,356,India,846,"Clothing accessories, of textile fabrics",2.2521,,
2007,356,India,848,"Articles of apparel, clothing access., excluding textile",2.4808,,
2007,356,India,851,Footwear,1.6362,,
2007,356,India,871,"Optical instruments & apparatus, n.e.s.",0.0129,,
2007,356,India,872,"Instruments & appliances, n.e.s., for medical, etc.",0.2723,,
2007,356,India,873,"Meters & counters, n.e.s.",0.3095,,
2007,356,India,874,"Measuring, analysing & controlling apparatus, n.e.s.",0.205,,
2007,356,India,881,"Photographic apparatus & equipment, n.e.s.",0.0954,,
2007,356,India,882,Cinematographic & photographic supplies,0.0493,,
2007,356,India,883,"Cinematograph films, exposed & developed",1.8237,,
2007,356,India,884,"Optical goods, n.e.s.",0.2035,,
2007,356,India,885,Watches & clocks,0.1407,,
2007,356,India,891,Arms & ammunition,0.0413,,
2007,356,India,892,Printed matter,0.4925,,
2007,356,India,893,"Articles, n.e.s., of plastics",0.5524,,
2007,356,India,894,"Baby carriages, toys, games & sporting goods",0.1465,,
2007,356,India,895,"Office & stationery supplies, n.e.s.",1.0527,,
2007,356,India,896,"Works of art, collectors' pieces & antiques",2.3366,,
2007,356,India,897,"Jewellery & articles of precious materia., n.e.s.",8.6016,,
2007,356,India,898,"Musical instruments, parts; records, tapes & similar",0.6491,,
2007,356,India,899,"Miscellaneous manufactured articles, n.e.s.",0.6221,,
2007,356,India,961,"Coin (other than gold coin), not being legal tender",0.2729,,
2007,356,India,971,"Gold, non-monetary (excluding gold ores and concentrates)",0.0063,,
2008,356,India,001,Live animals other than animals of division 03,0.0509,,
2008,356,India,011,"Meat of bovine animals, fresh, chilled or frozen",2.9743,,
2008,356,India,012,Other meat and edible meat offal,0.1092,,
2008,356,India,016,"Meat, edible meat offal, salted, dried; flours, meals",0.1071,,
2008,356,India,017,"Meat, edible meat offal, prepared, preserved, n.e.s.",0.0263,,
2008,356,India,022,"Milk, cream and milk products (excluding butter, cheese)",0.4601,,
2008,356,India,023,Butter and other fats and oils derived from milk,0.866,,
2008,356,India,024,Cheese and curd,0.0394,,
2008,356,India,025,"Birds' eggs, and eggs' yolks; egg albumin",2.3044,,
2008,356,India,034,"Fish, fresh (live or dead), chilled or frozen",0.6256,,
2008,356,India,035,"Fish, dried, salted or in brine; smoked fish",0.1953,,
2008,356,India,036,"Crustaceans, mollusks and aquatic invertebrates",3.8179,,
2008,356,India,037,"Fish, aqua. invertebrates, prepared, preserved, n.e.s.",0.9898,,
2008,356,India,041,"Wheat (including spelt) and meslin, unmilled",0.0003,,
2008,356,India,042,Rice,11.5338,,
2008,356,India,043,"Barley, unmilled",0.7145,,
2008,356,India,044,"Maize (not including sweet corn), unmilled",2.9822,,
2008,356,India,045,"Cereals, unmilled (excluding wheat, rice, barley, maize)",1.9549,,
2008,356,India,046,Meal and flour of wheat and flour of meslin,0.0782,,
2008,356,India,047,Other cereal meals and flour,1.6686,,
2008,356,India,048,"Cereal preparations, flour of fruits or vegetables",0.3854,,
2008,356,India,054,Vegetables,1.1201,,
2008,356,India,056,"Vegetables, roots, tubers, prepared, preserved, n.e.s.",0.8136,,
2008,356,India,057,"Fruits and nuts (excluding oil nuts), fresh or dried",1.4193,,
2008,356,India,058,"Fruit, preserved, and fruit preparations (no juice)",0.5146,,
2008,356,India,059,"Fruit and vegetable juices, unfermented, no spirit",0.0366,,
2008,356,India,061,"Sugar, molasses and honey",5.2979,,
2008,356,India,062,Sugar confectionery,0.3611,,
2008,356,India,071,Coffee and coffee substitutes,1.778,,
2008,356,India,072,Cocoa,0.0287,,
2008,356,India,073,"Chocolate, food preparations with cocoa, n.e.s.",0.0586,,
2008,356,India,074,Tea and mate,8.0009,,
2008,356,India,075,Spices,13.6952,,
2008,356,India,081,Feeding stuff for animals (no unmilled cereals),4.3699,,
2008,356,India,091,Margarine and shortening,0.027,,
2008,356,India,098,"Edible products and preparations, n.e.s.",0.2704,,
2008,356,India,111,"Non-alcoholic beverages, n.e.s.",0.0217,,
2008,356,India,112,Alcoholic beverages,0.1317,,
2008,356,India,121,"Tobacco, unmanufactured; tobacco refuse",4.534,,
2008,356,India,122,"Tobacco, manufactured",0.4642,,
2008,356,India,211,"Hides and skins (except furskins), raw",0.8193,,
2008,356,India,212,"Furskins, raw, other than hides & skins of group 211",0.0044,,
2008,356,India,222,Oil seeds and oleaginous fruits (excluding flour),1.3327,,
2008,356,India,223,"Oil seeds & oleaginous fruits (incl. flour, n.e.s.)",1.8128,,
2008,356,India,231,"Natural rubber & similar gums, in primary forms",0.7463,,
2008,356,India,232,Synthetic rubber,0.3506,,
2008,356,India,244,"Cork, natural, raw & waste (incl. blocks, sheets)",0.1166,,
2008,356,India,245,Fuel wood (excluding wood waste) and wood charcoal,0.6238,,
2008,356,India,246,Wood in chips or particles and wood waste,0.0016,,
2008,356,India,247,Wood in the rough or roughly squared,0.0185,,
2008,356,India,248,"Wood simply worked, and railway sleepers of wood",0.0601,,
2008,356,India,251,Pulp and waste paper,0.0036,,
2008,356,India,261,Silk,0.6183,,
2008,356,India,263,Cotton,10.751,,
2008,356,India,264,"Jute, other textile bast fibre, n.e.s., not spun; tow",3.7595,,
2008,356,India,265,"Vegetable textile fibres, not spun; waste of them",1.1568,,
2008,356,India,266,Synthetic fibres suitable for spinning,2.8696,,
2008,356,India,267,Other man-made fibres suitable for spinning,2.1493,,
2008,356,India,268,Wool and other animal hair (incl. wool tops),0.6043,,
2008,356,India,269,Worn clothing and other worn textile articles,0.0515,,
2008,356,India,272,Crude fertilizers (excluding those of division 56),0.0457,,
2008,356,India,273,"Stone, sand and gravel",5.7814,,
2008,356,India,274,Sulphur and unroasted iron pyrites,0.8171,,
2008,356,India,277,"Natural abrasives, n.e.s. (incl. industri. diamonds)",4.8804,,
2008,356,India,278,Other crude minerals,1.9777,,
2008,356,India,281,Iron ore and concentrates,7.1121,,
2008,356,India,282,"Ferrous waste, scrape; remelting ingots, iron, steel",0.0524,,
2008,356,India,283,"Copper ores and concentrates; copper mattes, cemen",0.0248,,
2008,356,India,284,"Nickel ores & concentrates; nickel mattes, etc.",0.0001,,
2008,356,India,285,Aluminium ores and concentrates (incl. alumina),3.7671,,
2008,356,India,287,"Ores and concentrates of base metals, n.e.s.",1.5778,,
2008,356,India,288,"Non-ferrous base metal waste and scrap, n.e.s.",0.1229,,
2008,356,India,289,"Ores & concentrates of precious metals; waste, scrap",0.8959,,
2008,356,India,291,"Crude animal materials, n.e.s.",0.4871,,
2008,356,India,292,"Crude vegetable materials, n.e.s.",1.9215,,
2008,356,India,321,"Coal, whether or not pulverized, not agglomerated",0.0623,,
2008,356,India,322,"Briquettes, lignites and peat",0.0371,,
2008,356,India,325,"Coke & semi-cokes of coal, lign., peat; retort carbon",1.1075,,
2008,356,India,333,"Petroleum oils, oils from bitumin. materials, crude",0.0021,,
2008,356,India,334,Petroleum oils or bituminous minerals > 70 % oil,3.5637,,
2008,356,India,335,"Residual petroleum products, n.e.s., related mater.",2.0546,,
2008,356,India,342,Liquefied propane and butane,0.0005,,
2008,356,India,343,"Natural gas, whether or not liquefied",0.0142,,
2008,356,India,344,"Petroleum gases, other gaseous hydrocarbons, n.e.s.",0.5324,,
2008,356,India,345,"Coal gas, water gas & similar gases (excludinghydrocar.)",50.551,,
2008,356,India,411,Animals oils and fats,0.2202,,
2008,356,India,421,"Fixed vegetable fats & oils, crude, refined, fractio.",0.1194,,
2008,356,India,422,"Fixed vegetable fats & oils, crude, refined, fract.",1.0085,,
2008,356,India,431,"Animal or veg. oils & fats, processed, n.e.s.; mixt.",1.0452,,
2008,356,India,511,"Hydrocarbons, n.e.s., & halogenated, nitr. derivative",2.3513,,
2008,356,India,512,"Alcohols, phenols, halogenat., sulfonat., nitrat. der.",0.9243,,
2008,356,India,513,"Carboxylic acids, anhydrides, halides, per.; derivati.",1.2265,,
2008,356,India,514,Nitrogen-function compounds,1.4802,,
2008,356,India,515,"Organo-inorganic, heterocycl. compounds, nucl. acids",0.5135,,
2008,356,India,516,Other organic chemicals,6.999,,
2008,356,India,522,"Inorganic chemical elements, oxides & halogen salts",0.8144,,
2008,356,India,523,"Metallic salts & peroxysalts, of inorganic acids",1.2092,,
2008,356,India,524,Other inorganic chemicals,0.1984,,
2008,356,India,525,Radio-actives and associated materials,0.0397,,
2008,356,India,531,Synth. organic colouring matter & colouring lakes,8.9896,,
2008,356,India,532,"Dyeing & tanning extracts, synth. tanning materials",2.3288,,
2008,356,India,533,"Pigments, paints, varnishes and related materials",0.4306,,
2008,356,India,541,"Medicinal and pharmaceutical products, excluding 542",0.7883,,
2008,356,India,542,Medicaments (incl. veterinary medicaments),1.3884,,
2008,356,India,551,"Essential oils, perfume & flavour materials",1.8879,,
2008,356,India,553,"Perfumery, cosmetics or toilet prepar. (excluding soaps)",0.4493,,
2008,356,India,554,"Soaps, cleansing and polishing preparations",0.5598,,
2008,356,India,562,Fertilizers (other than those of group 272),0.0476,,
2008,356,India,571,"Polymers of ethylene, in primary forms",0.3016,,
2008,356,India,572,"Polymers of styrene, in primary forms",0.4432,,
2008,356,India,573,Polymers of vinyl chloride or halogenated olefins,0.0789,,
2008,356,India,574,"Polyethers, epoxide resins; polycarbonat., polyesters",0.925,,
2008,356,India,575,"Other plastics, in primary forms",0.4755,,
2008,356,India,579,"Waste, parings and scrap, of plastics",0.1012,,
2008,356,India,581,"Tubes, pipes and hoses of plastics",0.4229,,
2008,356,India,582,"Plates, sheets, films, foil & strip, of plastics",0.6332,,
2008,356,India,583,"Monofilaments, of plastics, cross-section > 1mm",0.2019,,
2008,356,India,591,"Insectides &  similar products, for retail sale",3.56,,
2008,356,India,592,"Starche, wheat gluten; albuminoidal substances; glues",0.9777,,
2008,356,India,593,Explosives and pyrotechnic products,0.967,,
2008,356,India,597,"Prepared addit. for miner. oils; lubricat., de-icing",0.3561,,
2008,356,India,598,"Miscellaneous chemical products, n.e.s.",0.5461,,
2008,356,India,611,Leather,3.0242,,
2008,356,India,612,"Manufactures of leather, n.e.s.; saddlery & harness",3.9026,,
2008,356,India,613,"Furskins, tanned or dressed, excluding those of 8483",0.0003,,
2008,356,India,621,"Materials of rubber (pastes, plates, sheets, etc.)",0.619,,
2008,356,India,625,"Rubber tyres, tyre treads or flaps & inner tubes",1.257,,
2008,356,India,629,"Articles of rubber, n.e.s.",1.0849,,
2008,356,India,633,Cork manufactures,0.0714,,
2008,356,India,634,"Veneers, plywood, and other wood, worked, n.e.s.",0.1596,,
2008,356,India,635,"Wood manufacture, n.e.s.",0.2619,,
2008,356,India,641,Paper and paperboard,0.2986,,
2008,356,India,642,"Paper & paperboard, cut to shape or size, articles",0.247,,
2008,356,India,651,Textile yarn,5.6887,,
2008,356,India,652,"Cotton fabrics, woven",3.0452,,
2008,356,India,653,"Fabrics, woven, of man-made fabrics",3.8208,,
2008,356,India,654,"Other textile fabrics, woven",3.8314,,
2008,356,India,655,"Knitted or crocheted fabrics, n.e.s.",0.3968,,
2008,356,India,656,"Tulles, trimmings, lace, ribbons & other small wares",1.866,,
2008,356,India,657,"Special yarn, special textile fabrics & related",0.5533,,
2008,356,India,658,"Made-up articles, of textile materials, n.e.s.",5.0918,,
2008,356,India,659,"Floor coverings, etc.",6.8458,,
2008,356,India,661,"Lime, cement, fabrica. constr. mat. (excludingglass, clay)",2.8986,,
2008,356,India,662,"Clay construction, refracto. construction materials",0.404,,
2008,356,India,663,"Mineral manufactures, n.e.s.",0.5327,,
2008,356,India,664,Glass,0.502,,
2008,356,India,665,Glassware,0.8693,,
2008,356,India,666,Pottery,0.164,,
2008,356,India,667,"Pearls, precious & semi-precious stones",11.5611,,
2008,356,India,671,"Pig iron & spiegeleisen, sponge iron, powder & granu",3.7602,,
2008,356,India,672,"Ingots, primary forms, of iron or steel; semi-finis.",1.5443,,
2008,356,India,673,"Flat-rolled prod., iron, non-alloy steel, not coated",1.1498,,
2008,356,India,674,"Flat-rolled prod., iron, non-alloy steel, coated, clad",2.9425,,
2008,356,India,675,Flat-rolled products of alloy steel,0.2836,,
2008,356,India,676,"Iron & steel bars, rods, angles, shapes & sections",0.9123,,
2008,356,India,677,"Rails & railway track construction mat., iron, steel",0.2443,,
2008,356,India,678,Wire of iron or steel,1.8859,,
2008,356,India,679,"Tubes, pipes & hollow profiles, fittings, iron, steel",2.4831,,
2008,356,India,681,"Silver, platinum, other metals of the platinum group",0.0476,,
2008,356,India,682,Copper,1.53,,
2008,356,India,683,Nickel,0.0954,,
2008,356,India,684,Aluminium,0.6015,,
2008,356,India,685,Lead,0.6114,,
2008,356,India,686,Zinc,3.3269,,
2008,356,India,687,Tin,0.4095,,
2008,356,India,689,Miscellaneous no-ferrous base metals for metallur.,0.1618,,
2008,356,India,691,"Structures & parts, n.e.s., of iron, steel, aluminium",1.0993,,
2008,356,India,692,Metal containers for storage or transport,0.5404,,
2008,356,India,693,Wire products (excluding electrical) and fencing grills,1.7585,,
2008,356,India,694,"Nails, screws, nuts, bolts, rivets & the like, of metal",0.9809,,
2008,356,India,695,Tools for use in the hand or in machine,0.9662,,
2008,356,India,696,Cutlery,0.9539,,
2008,356,India,697,"Household equipment of base metal, n.e.s.",2.2634,,
2008,356,India,699,"Manufactures of base metal, n.e.s.",1.1905,,
2008,356,India,711,"Vapour generating boilers, auxiliary plant; parts",1.7749,,
2008,356,India,712,"Steam turbines & other vapour turbin., parts, n.e.s.",0.6661,,
2008,356,India,713,"Internal combustion piston engines, parts, n.e.s.",0.602,,
2008,356,India,714,"Engines & motors, non-electric; parts, n.e.s.",0.1719,,
2008,356,India,716,"Rotating electric plant & parts thereof, n.e.s.",1.2318,,
2008,356,India,718,"Other power generating machinery & parts, n.e.s.",0.2768,,
2008,356,India,721,Agricultural machinery (excluding tractors) & parts,0.1802,,
2008,356,India,722,Tractors (excluding those of 71414 & 74415),1.5859,,
2008,356,India,723,Civil engineering & contractors' plant & equipment,0.3526,,
2008,356,India,724,"Textile & leather machinery, & parts thereof, n.e.s.",0.6269,,
2008,356,India,725,"Paper mill, pulp mill machinery; paper articles man.",0.2839,,
2008,356,India,726,"Printing & bookbinding machinery, & parts thereof",0.4088,,
2008,356,India,727,Food-processing machines (excluding domestic),0.6625,,
2008,356,India,728,"Other machinery for particular industries, n.e.s.",0.3976,,
2008,356,India,731,Machine-tools working by removing material,0.2788,,
2008,356,India,733,"Mach.-tools for working metal, excluding removing mate.",0.2893,,
2008,356,India,735,"Parts, n.e.s., & accessories for machines of 731, 733",0.9375,,
2008,356,India,737,Metalworking machinery (excludingmachine-tools) & parts,1.044,,
2008,356,India,741,"Heating & cooling equipment & parts thereof, n.e.s.",0.5395,,
2008,356,India,742,Pumps for liquids,0.6104,,
2008,356,India,743,"Pumps (excluding liquid), gas compressors & fans; centr.",0.5413,,
2008,356,India,744,"Mechanical handling equipment, & parts, n.e.s.",0.187,,
2008,356,India,745,"Other non-electr. machinery, tools & mechan. appar.",0.3011,,
2008,356,India,746,Ball or roller bearings,0.8189,,
2008,356,India,747,"Appliances for pipes, boiler shells, tanks, vats, etc.",0.8278,,
2008,356,India,748,Transmis. shafts,0.6479,,
2008,356,India,749,"Non-electric parts & accessor. of machinery, n.e.s.",0.7684,,
2008,356,India,751,Office machines,0.0983,,
2008,356,India,752,"Automatic data processing machines, n.e.s.",0.0647,,
2008,356,India,759,"Parts, accessories for machines of groups 751, 752",0.0985,,
2008,356,India,761,"Television receivers, whether or not combined",0.066,,
2008,356,India,762,"Radio-broadcast receivers, whether or not combined",0.0328,,
2008,356,India,763,Sound recorders or reproducers,0.008,,
2008,356,India,764,"Telecommunication equipment, n.e.s.; & parts, n.e.s.",0.1047,,
2008,356,India,771,"Electric power machinery, and parts thereof",1.1147,,
2008,356,India,772,"Apparatus for electrical circuits; board, panels",0.4706,,
2008,356,India,773,"Equipment for distributing electricity, n.e.s.",0.6301,,
2008,356,India,774,"Electro-diagnostic appa. for medical sciences, etc.",0.6877,,
2008,356,India,775,"Household type equipment, electrical or not, n.e.s.",0.2011,,
2008,356,India,776,Cathode valves & tubes,0.1194,,
2008,356,India,778,"Electrical machinery & apparatus, n.e.s.",0.3237,,
2008,356,India,781,Motor vehicles for the transport of persons,0.3085,,
2008,356,India,782,"Motor vehic. for transport of goods, special purpo.",0.2451,,
2008,356,India,783,"Road motor vehicles, n.e.s.",0.559,,
2008,356,India,784,"Parts & accessories of vehicles of 722, 781, 782, 783",0.5021,,
2008,356,India,785,Motorcycles & cycles,1.5621,,
2008,356,India,786,Trailers & semi-trailers,0.0724,,
2008,356,India,791,Railway vehicles & associated equipment,0.219,,
2008,356,India,792,"Aircraft & associated equipment; spacecraft, etc.",0.6707,,
2008,356,India,793,"Ships, boats & floating structures",1.5931,,
2008,356,India,811,Prefabricated buildings,0.1097,,
2008,356,India,812,"Sanitary, plumbing, heating fixtures, fittings, n.e.s.",0.3179,,
2008,356,India,813,"Lighting fixtures & fittings, n.e.s.",0.0908,,
2008,356,India,821,Furniture & parts,0.3175,,
2008,356,India,831,"Travel goods, handbags & similar containers",1.7831,,
2008,356,India,841,"Men's clothing of textile fabrics, not knitted",2.3076,,
2008,356,India,842,"Women's clothing, of textile fabrics",3.618,,
2008,356,India,843,"Men's or boy's clothing, of textile, knitted, croche.",3.2965,,
2008,356,India,844,"Women's clothing, of textile, knitted or crocheted",2.2602,,
2008,356,India,845,"Articles of apparel, of textile fabrics, n.e.s.",1.7927,,
2008,356,India,846,"Clothing accessories, of textile fabrics",2.606,,
2008,356,India,848,"Articles of apparel, clothing access., excluding textile",2.8097,,
2008,356,India,851,Footwear,1.522,,
2008,356,India,871,"Optical instruments & apparatus, n.e.s.",0.0126,,
2008,356,India,872,"Instruments & appliances, n.e.s., for medical, etc.",0.2299,,
2008,356,India,873,"Meters & counters, n.e.s.",0.3954,,
2008,356,India,874,"Measuring, analysing & controlling apparatus, n.e.s.",0.2362,,
2008,356,India,881,"Photographic apparatus & equipment, n.e.s.",0.3655,,
2008,356,India,882,Cinematographic & photographic supplies,0.043,,
2008,356,India,883,"Cinematograph films, exposed & developed",2.7702,,
2008,356,India,884,"Optical goods, n.e.s.",0.214,,
2008,356,India,885,Watches & clocks,0.1201,,
2008,356,India,891,Arms & ammunition,0.3368,,
2008,356,India,892,Printed matter,0.3819,,
2008,356,India,893,"Articles, n.e.s., of plastics",0.5614,,
2008,356,India,894,"Baby carriages, toys, games & sporting goods",0.1381,,
2008,356,India,895,"Office & stationery supplies, n.e.s.",1.0084,,
2008,356,India,896,"Works of art, collectors' pieces & antiques",1.3563,,
2008,356,India,897,"Jewellery & articles of precious materia., n.e.s.",6.5818,,
2008,356,India,898,"Musical instruments, parts; records, tapes & similar",0.182,,
2008,356,India,899,"Miscellaneous manufactured articles, n.e.s.",0.5586,,
2008,356,India,961,"Coin (other than gold coin), not being legal tender",0.4195,,
2008,356,India,971,"Gold, non-monetary (excluding gold ores and concentrates)",0.0058,,
2009,356,India,001,Live animals other than animals of division 03,0.0698,,
2009,356,India,011,"Meat of bovine animals, fresh, chilled or frozen",2.3746,,
2009,356,India,012,Other meat and edible meat offal,0.2487,,
2009,356,India,016,"Meat, edible meat offal, salted, dried; flours, meals",0.0241,,
2009,356,India,017,"Meat, edible meat offal, prepared, preserved, n.e.s.",0.0464,,
2009,356,India,022,"Milk, cream and milk products (excluding butter, cheese)",0.1377,,
2009,356,India,023,Butter and other fats and oils derived from milk,0.3791,,
2009,356,India,024,Cheese and curd,0.0208,,
2009,356,India,025,"Birds' eggs, and eggs' yolks; egg albumin",1.1186,,
2009,356,India,034,"Fish, fresh (live or dead), chilled or frozen",0.6259,,
2009,356,India,035,"Fish, dried, salted or in brine; smoked fish",0.2539,,
2009,356,India,036,"Crustaceans, mollusks and aquatic invertebrates",3.2203,,
2009,356,India,037,"Fish, aqua. invertebrates, prepared, preserved, n.e.s.",0.7039,,
2009,356,India,041,"Wheat (including spelt) and meslin, unmilled",0.0004,,
2009,356,India,042,Rice,8.6482,,
2009,356,India,043,"Barley, unmilled",0.1066,,
2009,356,India,044,"Maize (not including sweet corn), unmilled",1.8768,,
2009,356,India,045,"Cereals, unmilled (excluding wheat, rice, barley, maize)",1.4128,,
2009,356,India,046,Meal and flour of wheat and flour of meslin,0.1953,,
2009,356,India,047,Other cereal meals and flour,0.9761,,
2009,356,India,048,"Cereal preparations, flour of fruits or vegetables",0.2731,,
2009,356,India,054,Vegetables,1.1007,,
2009,356,India,056,"Vegetables, roots, tubers, prepared, preserved, n.e.s.",0.6536,,
2009,356,India,057,"Fruits and nuts (excluding oil nuts), fresh or dried",1.0818,,
2009,356,India,058,"Fruit, preserved, and fruit preparations (no juice)",0.4513,,
2009,356,India,059,"Fruit and vegetable juices, unfermented, no spirit",0.0368,,
2009,356,India,061,"Sugar, molasses and honey",0.2017,,
2009,356,India,062,Sugar confectionery,0.2821,,
2009,356,India,071,Coffee and coffee substitutes,1.1543,,
2009,356,India,072,Cocoa,0.0246,,
2009,356,India,073,"Chocolate, food preparations with cocoa, n.e.s.",0.0421,,
2009,356,India,074,Tea and mate,6.574,,
2009,356,India,075,Spices,10.246,,
2009,356,India,081,Feeding stuff for animals (no unmilled cereals),2.2187,,
2009,356,India,091,Margarine and shortening,0.0303,,
2009,356,India,098,"Edible products and preparations, n.e.s.",0.2404,,
2009,356,India,111,"Non-alcoholic beverages, n.e.s.",0.0253,,
2009,356,India,112,Alcoholic beverages,0.1261,,
2009,356,India,121,"Tobacco, unmanufactured; tobacco refuse",4.4694,,
2009,356,India,122,"Tobacco, manufactured",0.4245,,
2009,356,India,211,"Hides and skins (except furskins), raw",0.3015,,
2009,356,India,212,"Furskins, raw, other than hides & skins of group 211",0.0001,,
2009,356,India,222,Oil seeds and oleaginous fruits (excluding flour),0.7659,,
2009,356,India,223,"Oil seeds & oleaginous fruits (incl. flour, n.e.s.)",1.7675,,
2009,356,India,231,"Natural rubber & similar gums, in primary forms",0.1566,,
2009,356,India,232,Synthetic rubber,0.2933,,
2009,356,India,244,"Cork, natural, raw & waste (incl. blocks, sheets)",0.1169,,
2009,356,India,245,Fuel wood (excluding wood waste) and wood charcoal,0.4879,,
2009,356,India,246,Wood in chips or particles and wood waste,0,,
2009,356,India,247,Wood in the rough or roughly squared,0.0121,,
2009,356,India,248,"Wood simply worked, and railway sleepers of wood",0.0394,,
2009,356,India,251,Pulp and waste paper,0.0039,,
2009,356,India,261,Silk,1.0867,,
2009,356,India,263,Cotton,6.4295,,
2009,356,India,264,"Jute, other textile bast fibre, n.e.s., not spun; tow",2.4364,,
2009,356,India,265,"Vegetable textile fibres, not spun; waste of them",5.5602,,
2009,356,India,266,Synthetic fibres suitable for spinning,2.3672,,
2009,356,India,267,Other man-made fibres suitable for spinning,2.3305,,
2009,356,India,268,Wool and other animal hair (incl. wool tops),0.6624,,
2009,356,India,269,Worn clothing and other worn textile articles,1.8043,,
2009,356,India,272,Crude fertilizers (excluding those of division 56),0.0374,,
2009,356,India,273,"Stone, sand and gravel",4.8502,,
2009,356,India,274,Sulphur and unroasted iron pyrites,0.4545,,
2009,356,India,277,"Natural abrasives, n.e.s. (incl. industri. diamonds)",10.2807,,
2009,356,India,278,Other crude minerals,1.777,,
2009,356,India,281,Iron ore and concentrates,6.4939,,
2009,356,India,282,"Ferrous waste, scrape; remelting ingots, iron, steel",0.0157,,
2009,356,India,283,"Copper ores and concentrates; copper mattes, cemen",0.0002,,
2009,356,India,284,"Nickel ores & concentrates; nickel mattes, etc.",0.0002,,
2009,356,India,285,Aluminium ores and concentrates (incl. alumina),1.7159,,
2009,356,India,287,"Ores and concentrates of base metals, n.e.s.",1.2671,,
2009,356,India,288,"Non-ferrous base metal waste and scrap, n.e.s.",0.3076,,
2009,356,India,289,"Ores & concentrates of precious metals; waste, scrap",0.6356,,
2009,356,India,291,"Crude animal materials, n.e.s.",0.5488,,
2009,356,India,292,"Crude vegetable materials, n.e.s.",1.3044,,
2009,356,India,321,"Coal, whether or not pulverized, not agglomerated",0.0895,,
2009,356,India,322,"Briquettes, lignites and peat",0.3792,,
2009,356,India,325,"Coke & semi-cokes of coal, lign., peat; retort carbon",0.4533,,
2009,356,India,333,"Petroleum oils, oils from bitumin. materials, crude",0.0002,,
2009,356,India,334,Petroleum oils or bituminous minerals > 70 % oil,3.2945,,
2009,356,India,335,"Residual petroleum products, n.e.s., related mater.",1.4869,,
2009,356,India,342,Liquefied propane and butane,0.0007,,
2009,356,India,343,"Natural gas, whether or not liquefied",0.0042,,
2009,356,India,344,"Petroleum gases, other gaseous hydrocarbons, n.e.s.",0.7016,,
2009,356,India,345,"Coal gas, water gas & similar gases (excludinghydrocar.)",17.8861,,
2009,356,India,411,Animals oils and fats,0.1136,,
2009,356,India,421,"Fixed vegetable fats & oils, crude, refined, fractio.",0.0437,,
2009,356,India,422,"Fixed vegetable fats & oils, crude, refined, fract.",1.1527,,
2009,356,India,431,"Animal or veg. oils & fats, processed, n.e.s.; mixt.",0.9,,
2009,356,India,511,"Hydrocarbons, n.e.s., & halogenated, nitr. derivative",1.8241,,
2009,356,India,512,"Alcohols, phenols, halogenat., sulfonat., nitrat. der.",0.8913,,
2009,356,India,513,"Carboxylic acids, anhydrides, halides, per.; derivati.",0.9532,,
2009,356,India,514,Nitrogen-function compounds,1.108,,
2009,356,India,515,"Organo-inorganic, heterocycl. compounds, nucl. acids",0.5613,,
2009,356,India,516,Other organic chemicals,6.2596,,
2009,356,India,522,"Inorganic chemical elements, oxides & halogen salts",0.7034,,
2009,356,India,523,"Metallic salts & peroxysalts, of inorganic acids",1.192,,
2009,356,India,524,Other inorganic chemicals,0.3048,,
2009,356,India,525,Radio-actives and associated materials,0.0237,,
2009,356,India,531,Synth. organic colouring matter & colouring lakes,6.4847,,
2009,356,India,532,"Dyeing & tanning extracts, synth. tanning materials",1.9341,,
2009,356,India,533,"Pigments, paints, varnishes and related materials",0.3696,,
2009,356,India,541,"Medicinal and pharmaceutical products, excluding 542",0.7441,,
2009,356,India,542,Medicaments (incl. veterinary medicaments),1.0435,,
2009,356,India,551,"Essential oils, perfume & flavour materials",1.377,,
2009,356,India,553,"Perfumery, cosmetics or toilet prepar. (excluding soaps)",0.5634,,
2009,356,India,554,"Soaps, cleansing and polishing preparations",0.3938,,
2009,356,India,562,Fertilizers (other than those of group 272),0.2284,,
2009,356,India,571,"Polymers of ethylene, in primary forms",0.0753,,
2009,356,India,572,"Polymers of styrene, in primary forms",0.2598,,
2009,356,India,573,Polymers of vinyl chloride or halogenated olefins,0.0659,,
2009,356,India,574,"Polyethers, epoxide resins; polycarbonat., polyesters",0.646,,
2009,356,India,575,"Other plastics, in primary forms",0.5247,,
2009,356,India,579,"Waste, parings and scrap, of plastics",0.095,,
2009,356,India,581,"Tubes, pipes and hoses of plastics",0.3523,,
2009,356,India,582,"Plates, sheets, films, foil & strip, of plastics",0.5488,,
2009,356,India,583,"Monofilaments, of plastics, cross-section > 1mm",0.2155,,
2009,356,India,591,"Insectides &  similar products, for retail sale",3.4929,,
2009,356,India,592,"Starche, wheat gluten; albuminoidal substances; glues",0.6138,,
2009,356,India,593,Explosives and pyrotechnic products,0.7192,,
2009,356,India,597,"Prepared addit. for miner. oils; lubricat., de-icing",0.2616,,
2009,356,India,598,"Miscellaneous chemical products, n.e.s.",0.3623,,
2009,356,India,611,Leather,2.345,,
2009,356,India,612,"Manufactures of leather, n.e.s.; saddlery & harness",3.3076,,
2009,356,India,613,"Furskins, tanned or dressed, excluding those of 8483",0.0002,,
2009,356,India,621,"Materials of rubber (pastes, plates, sheets, etc.)",0.4325,,
2009,356,India,625,"Rubber tyres, tyre treads or flaps & inner tubes",0.8829,,
2009,356,India,629,"Articles of rubber, n.e.s.",0.8973,,
2009,356,India,633,Cork manufactures,0.0594,,
2009,356,India,634,"Veneers, plywood, and other wood, worked, n.e.s.",0.1309,,
2009,356,India,635,"Wood manufacture, n.e.s.",0.2453,,
2009,356,India,641,Paper and paperboard,0.2078,,
2009,356,India,642,"Paper & paperboard, cut to shape or size, articles",0.332,,
2009,356,India,651,Textile yarn,4.083,,
2009,356,India,652,"Cotton fabrics, woven",2.5739,,
2009,356,India,653,"Fabrics, woven, of man-made fabrics",4.1981,,
2009,356,India,654,"Other textile fabrics, woven",3.1482,,
2009,356,India,655,"Knitted or crocheted fabrics, n.e.s.",0.3525,,
2009,356,India,656,"Tulles, trimmings, lace, ribbons & other small wares",1.5716,,
2009,356,India,657,"Special yarn, special textile fabrics & related",0.5118,,
2009,356,India,658,"Made-up articles, of textile materials, n.e.s.",4.0116,,
2009,356,India,659,"Floor coverings, etc.",5.4516,,
2009,356,India,661,"Lime, cement, fabrica. constr. mat. (excludingglass, clay)",2.5114,,
2009,356,India,662,"Clay construction, refracto. construction materials",0.4076,,
2009,356,India,663,"Mineral manufactures, n.e.s.",0.4917,,
2009,356,India,664,Glass,0.3556,,
2009,356,India,665,Glassware,0.636,,
2009,356,India,666,Pottery,0.1485,,
2009,356,India,667,"Pearls, precious & semi-precious stones",13.2046,,
2009,356,India,671,"Pig iron & spiegeleisen, sponge iron, powder & granu",3.0356,,
2009,356,India,672,"Ingots, primary forms, of iron or steel; semi-finis.",0.9786,,
2009,356,India,673,"Flat-rolled prod., iron, non-alloy steel, not coated",1.0049,,
2009,356,India,674,"Flat-rolled prod., iron, non-alloy steel, coated, clad",2.3668,,
2009,356,India,675,Flat-rolled products of alloy steel,0.353,,
2009,356,India,676,"Iron & steel bars, rods, angles, shapes & sections",0.7876,,
2009,356,India,677,"Rails & railway track construction mat., iron, steel",0.1542,,
2009,356,India,678,Wire of iron or steel,1.2063,,
2009,356,India,679,"Tubes, pipes & hollow profiles, fittings, iron, steel",2.0637,,
2009,356,India,681,"Silver, platinum, other metals of the platinum group",2.9173,,
2009,356,India,682,Copper,1.0955,,
2009,356,India,683,Nickel,0.0748,,
2009,356,India,684,Aluminium,0.5868,,
2009,356,India,685,Lead,1.1344,,
2009,356,India,686,Zinc,2.8708,,
2009,356,India,687,Tin,0.243,,
2009,356,India,689,Miscellaneous no-ferrous base metals for metallur.,0.2067,,
2009,356,India,691,"Structures & parts, n.e.s., of iron, steel, aluminium",0.6891,,
2009,356,India,692,Metal containers for storage or transport,0.5553,,
2009,356,India,693,Wire products (excluding electrical) and fencing grills,1.3134,,
2009,356,India,694,"Nails, screws, nuts, bolts, rivets & the like, of metal",0.7234,,
2009,356,India,695,Tools for use in the hand or in machine,0.7304,,
2009,356,India,696,Cutlery,0.8098,,
2009,356,India,697,"Household equipment of base metal, n.e.s.",1.7687,,
2009,356,India,699,"Manufactures of base metal, n.e.s.",0.913,,
2009,356,India,711,"Vapour generating boilers, auxiliary plant; parts",1.1165,,
2009,356,India,712,"Steam turbines & other vapour turbin., parts, n.e.s.",0.6545,,
2009,356,India,713,"Internal combustion piston engines, parts, n.e.s.",0.578,,
2009,356,India,714,"Engines & motors, non-electric; parts, n.e.s.",0.2292,,
2009,356,India,716,"Rotating electric plant & parts thereof, n.e.s.",0.8192,,
2009,356,India,718,"Other power generating machinery & parts, n.e.s.",0.4069,,
2009,356,India,721,Agricultural machinery (excluding tractors) & parts,0.1666,,
2009,356,India,722,Tractors (excluding those of 71414 & 74415),1.1653,,
2009,356,India,723,Civil engineering & contractors' plant & equipment,0.5801,,
2009,356,India,724,"Textile & leather machinery, & parts thereof, n.e.s.",0.5164,,
2009,356,India,725,"Paper mill, pulp mill machinery; paper articles man.",0.2337,,
2009,356,India,726,"Printing & bookbinding machinery, & parts thereof",0.3709,,
2009,356,India,727,Food-processing machines (excluding domestic),0.6154,,
2009,356,India,728,"Other machinery for particular industries, n.e.s.",0.3688,,
2009,356,India,731,Machine-tools working by removing material,0.3494,,
2009,356,India,733,"Mach.-tools for working metal, excluding removing mate.",0.2915,,
2009,356,India,735,"Parts, n.e.s., & accessories for machines of 731, 733",0.66,,
2009,356,India,737,Metalworking machinery (excludingmachine-tools) & parts,0.469,,
2009,356,India,741,"Heating & cooling equipment & parts thereof, n.e.s.",0.6237,,
2009,356,India,742,Pumps for liquids,0.548,,
2009,356,India,743,"Pumps (excluding liquid), gas compressors & fans; centr.",0.4328,,
2009,356,India,744,"Mechanical handling equipment, & parts, n.e.s.",0.1724,,
2009,356,India,745,"Other non-electr. machinery, tools & mechan. appar.",0.2811,,
2009,356,India,746,Ball or roller bearings,0.4987,,
2009,356,India,747,"Appliances for pipes, boiler shells, tanks, vats, etc.",0.6697,,
2009,356,India,748,Transmis. shafts,0.4714,,
2009,356,India,749,"Non-electric parts & accessor. of machinery, n.e.s.",0.6034,,
2009,356,India,751,Office machines,0.1211,,
2009,356,India,752,"Automatic data processing machines, n.e.s.",0.0686,,
2009,356,India,759,"Parts, accessories for machines of groups 751, 752",0.1044,,
2009,356,India,761,"Television receivers, whether or not combined",0.1919,,
2009,356,India,762,"Radio-broadcast receivers, whether or not combined",0.0292,,
2009,356,India,763,Sound recorders or reproducers,0.0169,,
2009,356,India,764,"Telecommunication equipment, n.e.s.; & parts, n.e.s.",0.766,,
2009,356,India,771,"Electric power machinery, and parts thereof",0.9086,,
2009,356,India,772,"Apparatus for electrical circuits; board, panels",0.4037,,
2009,356,India,773,"Equipment for distributing electricity, n.e.s.",0.4869,,
2009,356,India,774,"Electro-diagnostic appa. for medical sciences, etc.",0.5105,,
2009,356,India,775,"Household type equipment, electrical or not, n.e.s.",0.148,,
2009,356,India,776,Cathode valves & tubes,0.1138,,
2009,356,India,778,"Electrical machinery & apparatus, n.e.s.",0.336,,
2009,356,India,781,Motor vehicles for the transport of persons,0.4738,,
2009,356,India,782,"Motor vehic. for transport of goods, special purpo.",0.2333,,
2009,356,India,783,"Road motor vehicles, n.e.s.",0.3854,,
2009,356,India,784,"Parts & accessories of vehicles of 722, 781, 782, 783",0.3882,,
2009,356,India,785,Motorcycles & cycles,1.5435,,
2009,356,India,786,Trailers & semi-trailers,0.1159,,
2009,356,India,791,Railway vehicles & associated equipment,0.0943,,
2009,356,India,792,"Aircraft & associated equipment; spacecraft, etc.",0.6147,,
2009,356,India,793,"Ships, boats & floating structures",1.7661,,
2009,356,India,811,Prefabricated buildings,0.1207,,
2009,356,India,812,"Sanitary, plumbing, heating fixtures, fittings, n.e.s.",0.2388,,
2009,356,India,813,"Lighting fixtures & fittings, n.e.s.",0.2525,,
2009,356,India,821,Furniture & parts,0.2619,,
2009,356,India,831,"Travel goods, handbags & similar containers",1.4324,,
2009,356,India,841,"Men's clothing of textile fabrics, not knitted",1.997,,
2009,356,India,842,"Women's clothing, of textile fabrics",3.5578,,
2009,356,India,843,"Men's or boy's clothing, of textile, knitted, croche.",3.3584,,
2009,356,India,844,"Women's clothing, of textile, knitted or crocheted",2.576,,
2009,356,India,845,"Articles of apparel, of textile fabrics, n.e.s.",1.9361,,
2009,356,India,846,"Clothing accessories, of textile fabrics",2.6914,,
2009,356,India,848,"Articles of apparel, clothing access., excluding textile",2.3733,,
2009,356,India,851,Footwear,1.2781,,
2009,356,India,871,"Optical instruments & apparatus, n.e.s.",0.0379,,
2009,356,India,872,"Instruments & appliances, n.e.s., for medical, etc.",0.2345,,
2009,356,India,873,"Meters & counters, n.e.s.",0.39,,
2009,356,India,874,"Measuring, analysing & controlling apparatus, n.e.s.",0.2786,,
2009,356,India,881,"Photographic apparatus & equipment, n.e.s.",0.1678,,
2009,356,India,882,Cinematographic & photographic supplies,0.0326,,
2009,356,India,883,"Cinematograph films, exposed & developed",1.6739,,
2009,356,India,884,"Optical goods, n.e.s.",0.2964,,
2009,356,India,885,Watches & clocks,0.0924,,
2009,356,India,891,Arms & ammunition,0.2569,,
2009,356,India,892,Printed matter,0.3608,,
2009,356,India,893,"Articles, n.e.s., of plastics",0.4475,,
2009,356,India,894,"Baby carriages, toys, games & sporting goods",0.1255,,
2009,356,India,895,"Office & stationery supplies, n.e.s.",0.8647,,
2009,356,India,896,"Works of art, collectors' pieces & antiques",0.9323,,
2009,356,India,897,"Jewellery & articles of precious materia., n.e.s.",14.6341,,
2009,356,India,898,"Musical instruments, parts; records, tapes & similar",0.8539,,
2009,356,India,899,"Miscellaneous manufactured articles, n.e.s.",0.4754,,
2009,356,India,961,"Coin (other than gold coin), not being legal tender",6.5645,,
2009,356,India,971,"Gold, non-monetary (excluding gold ores and concentrates)",0.1161,,
2010,356,India,001,Live animals other than animals of division 03,0.0434,,
2010,356,India,011,"Meat of bovine animals, fresh, chilled or frozen",3.4852,,
2010,356,India,012,Other meat and edible meat offal,0.088,,
2010,356,India,016,"Meat, edible meat offal, salted, dried; flours, meals",0.0367,,
2010,356,India,017,"Meat, edible meat offal, prepared, preserved, n.e.s.",0.1821,,
2010,356,India,022,"Milk, cream and milk products (excluding butter, cheese)",0.13,,
2010,356,India,023,Butter and other fats and oils derived from milk,0.3904,,
2010,356,India,024,Cheese and curd,0.0224,,
2010,356,India,025,"Birds' eggs, and eggs' yolks; egg albumin",0.9925,,
2010,356,India,034,"Fish, fresh (live or dead), chilled or frozen",0.9812,,
2010,356,India,035,"Fish, dried, salted or in brine; smoked fish",0.1987,,
2010,356,India,036,"Crustaceans, mollusks and aquatic invertebrates",3.6936,,
2010,356,India,037,"Fish, aqua. invertebrates, prepared, preserved, n.e.s.",0.7854,,
2010,356,India,041,"Wheat (including spelt) and meslin, unmilled",0.0003,,
2010,356,India,042,Rice,7.5818,,
2010,356,India,043,"Barley, unmilled",0.1104,,
2010,356,India,044,"Maize (not including sweet corn), unmilled",1.5455,,
2010,356,India,045,"Cereals, unmilled (excluding wheat, rice, barley, maize)",2.2299,,
2010,356,India,046,Meal and flour of wheat and flour of meslin,0.2625,,
2010,356,India,047,Other cereal meals and flour,1.1163,,
2010,356,India,048,"Cereal preparations, flour of fruits or vegetables",0.3126,,
2010,356,India,054,Vegetables,1.0719,,
2010,356,India,056,"Vegetables, roots, tubers, prepared, preserved, n.e.s.",0.7384,,
2010,356,India,057,"Fruits and nuts (excluding oil nuts), fresh or dried",1.0082,,
2010,356,India,058,"Fruit, preserved, and fruit preparations (no juice)",0.4428,,
2010,356,India,059,"Fruit and vegetable juices, unfermented, no spirit",0.0342,,
2010,356,India,061,"Sugar, molasses and honey",1.8765,,
2010,356,India,062,Sugar confectionery,0.3228,,
2010,356,India,071,Coffee and coffee substitutes,1.2915,,
2010,356,India,072,Cocoa,0.0458,,
2010,356,India,073,"Chocolate, food preparations with cocoa, n.e.s.",0.046,,
2010,356,India,074,Tea and mate,6.7188,,
2010,356,India,075,Spices,10.6465,,
2010,356,India,081,Feeding stuff for animals (no unmilled cereals),2.3646,,
2010,356,India,091,Margarine and shortening,0.0466,,
2010,356,India,098,"Edible products and preparations, n.e.s.",0.2493,,
2010,356,India,111,"Non-alcoholic beverages, n.e.s.",0.0251,,
2010,356,India,112,Alcoholic beverages,0.1288,,
2010,356,India,121,"Tobacco, unmanufactured; tobacco refuse",4.4099,,
2010,356,India,122,"Tobacco, manufactured",0.4168,,
2010,356,India,211,"Hides and skins (except furskins), raw",0.051,,
2010,356,India,212,"Furskins, raw, other than hides & skins of group 211",0,,
2010,356,India,222,Oil seeds and oleaginous fruits (excluding flour),1.1012,,
2010,356,India,223,"Oil seeds & oleaginous fruits (incl. flour, n.e.s.)",1.0597,,
2010,356,India,231,"Natural rubber & similar gums, in primary forms",0.145,,
2010,356,India,232,Synthetic rubber,0.3045,,
2010,356,India,244,"Cork, natural, raw & waste (incl. blocks, sheets)",0.2567,,
2010,356,India,245,Fuel wood (excluding wood waste) and wood charcoal,0.4561,,
2010,356,India,246,Wood in chips or particles and wood waste,0.0014,,
2010,356,India,247,Wood in the rough or roughly squared,0.0087,,
2010,356,India,248,"Wood simply worked, and railway sleepers of wood",0.0399,,
2010,356,India,251,Pulp and waste paper,0.0017,,
2010,356,India,261,Silk,1.379,,
2010,356,India,263,Cotton,10.8608,,
2010,356,India,264,"Jute, other textile bast fibre, n.e.s., not spun; tow",6.9335,,
2010,356,India,265,"Vegetable textile fibres, not spun; waste of them",5.8534,,
2010,356,India,266,Synthetic fibres suitable for spinning,2.7893,,
2010,356,India,267,Other man-made fibres suitable for spinning,2.6988,,
2010,356,India,268,Wool and other animal hair (incl. wool tops),0.6003,,
2010,356,India,269,Worn clothing and other worn textile articles,1.1209,,
2010,356,India,272,Crude fertilizers (excluding those of division 56),0.0284,,
2010,356,India,273,"Stone, sand and gravel",4.6279,,
2010,356,India,274,Sulphur and unroasted iron pyrites,0.4826,,
2010,356,India,277,"Natural abrasives, n.e.s. (incl. industri. diamonds)",3.7888,,
2010,356,India,278,Other crude minerals,1.9148,,
2010,356,India,281,Iron ore and concentrates,3.8892,,
2010,356,India,282,"Ferrous waste, scrape; remelting ingots, iron, steel",0.0133,,
2010,356,India,283,"Copper ores and concentrates; copper mattes, cemen",0.0093,,
2010,356,India,284,"Nickel ores & concentrates; nickel mattes, etc.",0.0006,,
2010,356,India,285,Aluminium ores and concentrates (incl. alumina),8.265,,
2010,356,India,286,Ores and concentrates of uranium or thorium,0.0035,,
2010,356,India,287,"Ores and concentrates of base metals, n.e.s.",1.4692,,
2010,356,India,288,"Non-ferrous base metal waste and scrap, n.e.s.",0.0532,,
2010,356,India,289,"Ores & concentrates of precious metals; waste, scrap",1.271,,
2010,356,India,291,"Crude animal materials, n.e.s.",0.6909,,
2010,356,India,292,"Crude vegetable materials, n.e.s.",1.8451,,
2010,356,India,321,"Coal, whether or not pulverized, not agglomerated",0.0519,,
2010,356,India,322,"Briquettes, lignites and peat",0.8736,,
2010,356,India,325,"Coke & semi-cokes of coal, lign., peat; retort carbon",1.6203,,
2010,356,India,333,"Petroleum oils, oils from bitumin. materials, crude",0.0011,,
2010,356,India,334,Petroleum oils or bituminous minerals > 70 % oil,3.7016,,
2010,356,India,335,"Residual petroleum products, n.e.s., related mater.",1.6225,,
2010,356,India,342,Liquefied propane and butane,0.0019,,
2010,356,India,343,"Natural gas, whether or not liquefied",0.0045,,
2010,356,India,344,"Petroleum gases, other gaseous hydrocarbons, n.e.s.",0.6063,,
2010,356,India,345,"Coal gas, water gas & similar gases (excludinghydrocar.)",17.1737,,
2010,356,India,351,Electric current,0,,
2010,356,India,411,Animals oils and fats,0.2716,,
2010,356,India,421,"Fixed vegetable fats & oils, crude, refined, fractio.",0.0308,,
2010,356,India,422,"Fixed vegetable fats & oils, crude, refined, fract.",1.1312,,
2010,356,India,431,"Animal or veg. oils & fats, processed, n.e.s.; mixt.",0.8639,,
2010,356,India,511,"Hydrocarbons, n.e.s., & halogenated, nitr. derivative",1.7868,,
2010,356,India,512,"Alcohols, phenols, halogenat., sulfonat., nitrat. der.",0.9447,,
2010,356,India,513,"Carboxylic acids, anhydrides, halides, per.; derivati.",1.1742,,
2010,356,India,514,Nitrogen-function compounds,1.0982,,
2010,356,India,515,"Organo-inorganic, heterocycl. compounds, nucl. acids",0.7582,,
2010,356,India,516,Other organic chemicals,5.1017,,
2010,356,India,522,"Inorganic chemical elements, oxides & halogen salts",0.8215,,
2010,356,India,523,"Metallic salts & peroxysalts, of inorganic acids",1.2879,,
2010,356,India,524,Other inorganic chemicals,0.2369,,
2010,356,India,525,Radio-actives and associated materials,0.0173,,
2010,356,India,531,Synth. organic colouring matter & colouring lakes,6.9093,,
2010,356,India,532,"Dyeing & tanning extracts, synth. tanning materials",1.7379,,
2010,356,India,533,"Pigments, paints, varnishes and related materials",0.4291,,
2010,356,India,541,"Medicinal and pharmaceutical products, excluding 542",0.6958,,
2010,356,India,542,Medicaments (incl. veterinary medicaments),1.3492,,
2010,356,India,551,"Essential oils, perfume & flavour materials",1.4131,,
2010,356,India,553,"Perfumery, cosmetics or toilet prepar. (excluding soaps)",0.4576,,
2010,356,India,554,"Soaps, cleansing and polishing preparations",0.5129,,
2010,356,India,562,Fertilizers (other than those of group 272),0.048,,
2010,356,India,571,"Polymers of ethylene, in primary forms",0.1214,,
2010,356,India,572,"Polymers of styrene, in primary forms",0.2995,,
2010,356,India,573,Polymers of vinyl chloride or halogenated olefins,0.1569,,
2010,356,India,574,"Polyethers, epoxide resins; polycarbonat., polyesters",0.7787,,
2010,356,India,575,"Other plastics, in primary forms",0.7621,,
2010,356,India,579,"Waste, parings and scrap, of plastics",0.1549,,
2010,356,India,581,"Tubes, pipes and hoses of plastics",0.3559,,
2010,356,India,582,"Plates, sheets, films, foil & strip, of plastics",0.6314,,
2010,356,India,583,"Monofilaments, of plastics, cross-section > 1mm",0.2561,,
2010,356,India,591,"Insectides &  similar products, for retail sale",3.3413,,
2010,356,India,592,"Starche, wheat gluten; albuminoidal substances; glues",0.6504,,
2010,356,India,593,Explosives and pyrotechnic products,0.6909,,
2010,356,India,597,"Prepared addit. for miner. oils; lubricat., de-icing",0.2567,,
2010,356,India,598,"Miscellaneous chemical products, n.e.s.",0.4359,,
2010,356,India,611,Leather,2.4396,,
2010,356,India,612,"Manufactures of leather, n.e.s.; saddlery & harness",2.8812,,
2010,356,India,613,"Furskins, tanned or dressed, excluding those of 8483",0,,
2010,356,India,621,"Materials of rubber (pastes, plates, sheets, etc.)",0.4543,,
2010,356,India,625,"Rubber tyres, tyre treads or flaps & inner tubes",1.011,,
2010,356,India,629,"Articles of rubber, n.e.s.",0.8489,,
2010,356,India,633,Cork manufactures,0.0693,,
2010,356,India,634,"Veneers, plywood, and other wood, worked, n.e.s.",0.0968,,
2010,356,India,635,"Wood manufacture, n.e.s.",0.2807,,
2010,356,India,641,Paper and paperboard,0.3066,,
2010,356,India,642,"Paper & paperboard, cut to shape or size, articles",0.3482,,
2010,356,India,651,Textile yarn,5.9484,,
2010,356,India,652,"Cotton fabrics, woven",2.5283,,
2010,356,India,653,"Fabrics, woven, of man-made fabrics",3.7618,,
2010,356,India,654,"Other textile fabrics, woven",3.5756,,
2010,356,India,655,"Knitted or crocheted fabrics, n.e.s.",0.3753,,
2010,356,India,656,"Tulles, trimmings, lace, ribbons & other small wares",1.6478,,
2010,356,India,657,"Special yarn, special textile fabrics & related",0.6251,,
2010,356,India,658,"Made-up articles, of textile materials, n.e.s.",4.3991,,
2010,356,India,659,"Floor coverings, etc.",6.4423,,
2010,356,India,661,"Lime, cement, fabrica. constr. mat. (excludingglass, clay)",2.66,,
2010,356,India,662,"Clay construction, refracto. construction materials",0.6563,,
2010,356,India,663,"Mineral manufactures, n.e.s.",0.4256,,
2010,356,India,664,Glass,0.34,,
2010,356,India,665,Glassware,0.603,,
2010,356,India,666,Pottery,0.1325,,
2010,356,India,667,"Pearls, precious & semi-precious stones",11.6265,,
2010,356,India,671,"Pig iron & spiegeleisen, sponge iron, powder & granu",4.5322,,
2010,356,India,672,"Ingots, primary forms, of iron or steel; semi-finis.",0.5567,,
2010,356,India,673,"Flat-rolled prod., iron, non-alloy steel, not coated",1.1416,,
2010,356,India,674,"Flat-rolled prod., iron, non-alloy steel, coated, clad",1.9804,,
2010,356,India,675,Flat-rolled products of alloy steel,0.3333,,
2010,356,India,676,"Iron & steel bars, rods, angles, shapes & sections",0.862,,
2010,356,India,677,"Rails & railway track construction mat., iron, steel",1.0158,,
2010,356,India,678,Wire of iron or steel,1.6545,,
2010,356,India,679,"Tubes, pipes & hollow profiles, fittings, iron, steel",3.2273,,
2010,356,India,681,"Silver, platinum, other metals of the platinum group",0.0383,,
2010,356,India,682,Copper,2.7777,,
2010,356,India,683,Nickel,0.085,,
2010,356,India,684,Aluminium,0.6503,,
2010,356,India,685,Lead,1.43,,
2010,356,India,686,Zinc,3.6909,,
2010,356,India,687,Tin,0.0563,,
2010,356,India,689,Miscellaneous no-ferrous base metals for metallur.,0.1483,,
2010,356,India,691,"Structures & parts, n.e.s., of iron, steel, aluminium",0.7116,,
2010,356,India,692,Metal containers for storage or transport,0.8933,,
2010,356,India,693,Wire products (excluding electrical) and fencing grills,0.9184,,
2010,356,India,694,"Nails, screws, nuts, bolts, rivets & the like, of metal",0.7943,,
2010,356,India,695,Tools for use in the hand or in machine,0.8252,,
2010,356,India,696,Cutlery,0.7389,,
2010,356,India,697,"Household equipment of base metal, n.e.s.",1.7832,,
2010,356,India,699,"Manufactures of base metal, n.e.s.",0.9533,,
2010,356,India,711,"Vapour generating boilers, auxiliary plant; parts",1.3931,,
2010,356,India,712,"Steam turbines & other vapour turbin., parts, n.e.s.",0.6051,,
2010,356,India,713,"Internal combustion piston engines, parts, n.e.s.",0.4842,,
2010,356,India,714,"Engines & motors, non-electric; parts, n.e.s.",0.2267,,
2010,356,India,716,"Rotating electric plant & parts thereof, n.e.s.",0.6556,,
2010,356,India,718,"Other power generating machinery & parts, n.e.s.",0.3011,,
2010,356,India,721,Agricultural machinery (excluding tractors) & parts,0.24,,
2010,356,India,722,Tractors (excluding those of 71414 & 74415),2.108,,
2010,356,India,723,Civil engineering & contractors' plant & equipment,0.4163,,
2010,356,India,724,"Textile & leather machinery, & parts thereof, n.e.s.",0.5335,,
2010,356,India,725,"Paper mill, pulp mill machinery; paper articles man.",0.2507,,
2010,356,India,726,"Printing & bookbinding machinery, & parts thereof",0.3967,,
2010,356,India,727,Food-processing machines (excluding domestic),0.6797,,
2010,356,India,728,"Other machinery for particular industries, n.e.s.",0.2488,,
2010,356,India,731,Machine-tools working by removing material,0.1923,,
2010,356,India,733,"Mach.-tools for working metal, excluding removing mate.",0.3728,,
2010,356,India,735,"Parts, n.e.s., & accessories for machines of 731, 733",0.6133,,
2010,356,India,737,Metalworking machinery (excludingmachine-tools) & parts,0.4663,,
2010,356,India,741,"Heating & cooling equipment & parts thereof, n.e.s.",0.7111,,
2010,356,India,742,Pumps for liquids,0.5278,,
2010,356,India,743,"Pumps (excluding liquid), gas compressors & fans; centr.",0.4666,,
2010,356,India,744,"Mechanical handling equipment, & parts, n.e.s.",0.1859,,
2010,356,India,745,"Other non-electr. machinery, tools & mechan. appar.",0.2739,,
2010,356,India,746,Ball or roller bearings,0.6606,,
2010,356,India,747,"Appliances for pipes, boiler shells, tanks, vats, etc.",0.5656,,
2010,356,India,748,Transmis. shafts,0.558,,
2010,356,India,749,"Non-electric parts & accessor. of machinery, n.e.s.",0.6133,,
2010,356,India,751,Office machines,0.0737,,
2010,356,India,752,"Automatic data processing machines, n.e.s.",0.0684,,
2010,356,India,759,"Parts, accessories for machines of groups 751, 752",0.0837,,
2010,356,India,761,"Television receivers, whether or not combined",0.1652,,
2010,356,India,762,"Radio-broadcast receivers, whether or not combined",0.0098,,
2010,356,India,763,Sound recorders or reproducers,0.0071,,
2010,356,India,764,"Telecommunication equipment, n.e.s.; & parts, n.e.s.",0.3291,,
2010,356,India,771,"Electric power machinery, and parts thereof",0.7067,,
2010,356,India,772,"Apparatus for electrical circuits; board, panels",0.6241,,
2010,356,India,773,"Equipment for distributing electricity, n.e.s.",0.3966,,
2010,356,India,774,"Electro-diagnostic appa. for medical sciences, etc.",0.6299,,
2010,356,India,775,"Household type equipment, electrical or not, n.e.s.",0.1284,,
2010,356,India,776,Cathode valves & tubes,0.0961,,
2010,356,India,778,"Electrical machinery & apparatus, n.e.s.",0.3361,,
2010,356,India,781,Motor vehicles for the transport of persons,0.5575,,
2010,356,India,782,"Motor vehic. for transport of goods, special purpo.",0.4814,,
2010,356,India,783,"Road motor vehicles, n.e.s.",0.653,,
2010,356,India,784,"Parts & accessories of vehicles of 722, 781, 782, 783",0.4746,,
2010,356,India,785,Motorcycles & cycles,1.847,,
2010,356,India,786,Trailers & semi-trailers,0.0835,,
2010,356,India,791,Railway vehicles & associated equipment,0.1281,,
2010,356,India,792,"Aircraft & associated equipment; spacecraft, etc.",0.7772,,
2010,356,India,793,"Ships, boats & floating structures",1.6673,,
2010,356,India,811,Prefabricated buildings,0.1813,,
2010,356,India,812,"Sanitary, plumbing, heating fixtures, fittings, n.e.s.",0.2449,,
2010,356,India,813,"Lighting fixtures & fittings, n.e.s.",0.2133,,
2010,356,India,821,Furniture & parts,0.3159,,
2010,356,India,831,"Travel goods, handbags & similar containers",1.227,,
2010,356,India,841,"Men's clothing of textile fabrics, not knitted",1.7723,,
2010,356,India,842,"Women's clothing, of textile fabrics",3.2902,,
2010,356,India,843,"Men's or boy's clothing, of textile, knitted, croche.",2.8518,,
2010,356,India,844,"Women's clothing, of textile, knitted or crocheted",1.6269,,
2010,356,India,845,"Articles of apparel, of textile fabrics, n.e.s.",1.5642,,
2010,356,India,846,"Clothing accessories, of textile fabrics",2.1699,,
2010,356,India,848,"Articles of apparel, clothing access., excluding textile",1.7532,,
2010,356,India,851,Footwear,1.2107,,
2010,356,India,871,"Optical instruments & apparatus, n.e.s.",0.0159,,
2010,356,India,872,"Instruments & appliances, n.e.s., for medical, etc.",0.238,,
2010,356,India,873,"Meters & counters, n.e.s.",0.6952,,
2010,356,India,874,"Measuring, analysing & controlling apparatus, n.e.s.",0.2193,,
2010,356,India,881,"Photographic apparatus & equipment, n.e.s.",0.1623,,
2010,356,India,882,Cinematographic & photographic supplies,0.0316,,
2010,356,India,883,"Cinematograph films, exposed & developed",3.1465,,
2010,356,India,884,"Optical goods, n.e.s.",0.2424,,
2010,356,India,885,Watches & clocks,0.0861,,
2010,356,India,891,Arms & ammunition,0.0656,,
2010,356,India,892,Printed matter,0.333,,
2010,356,India,893,"Articles, n.e.s., of plastics",0.4855,,
2010,356,India,894,"Baby carriages, toys, games & sporting goods",0.1406,,
2010,356,India,895,"Office & stationery supplies, n.e.s.",0.9531,,
2010,356,India,896,"Works of art, collectors' pieces & antiques",0.8362,,
2010,356,India,897,"Jewellery & articles of precious materia., n.e.s.",8.0014,,
2010,356,India,898,"Musical instruments, parts; records, tapes & similar",0.477,,
2010,356,India,899,"Miscellaneous manufactured articles, n.e.s.",0.4451,,
2010,356,India,961,"Coin (other than gold coin), not being legal tender",24.5099,,
2010,356,India,971,"Gold, non-monetary (excluding gold ores and concentrates)",0.0475,,
2011,356,India,001,Live animals other than animals of division 03,0.0368,,
2011,356,India,011,"Meat of bovine animals, fresh, chilled or frozen",3.9322,,
2011,356,India,012,Other meat and edible meat offal,0.0776,,
2011,356,India,016,"Meat, edible meat offal, salted, dried; flours, meals",0.0458,,
2011,356,India,017,"Meat, edible meat offal, prepared, preserved, n.e.s.",0.0992,,
2011,356,India,022,"Milk, cream and milk products (excluding butter, cheese)",0.0262,,
2011,356,India,023,Butter and other fats and oils derived from milk,0.3468,,
2011,356,India,024,Cheese and curd,0.0165,,
2011,356,India,025,"Birds' eggs, and eggs' yolks; egg albumin",0.9208,,
2011,356,India,034,"Fish, fresh (live or dead), chilled or frozen",0.9411,,
2011,356,India,035,"Fish, dried, salted or in brine; smoked fish",0.2707,,
2011,356,India,036,"Crustaceans, mollusks and aquatic invertebrates",4.3598,,
2011,356,India,037,"Fish, aqua. invertebrates, prepared, preserved, n.e.s.",0.3239,,
2011,356,India,041,"Wheat (including spelt) and meslin, unmilled",0.1823,,
2011,356,India,042,Rice,10.134,,
2011,356,India,043,"Barley, unmilled",0.1061,,
2011,356,India,044,"Maize (not including sweet corn), unmilled",1.8854,,
2011,356,India,045,"Cereals, unmilled (excluding wheat, rice, barley, maize)",0.9361,,
2011,356,India,046,Meal and flour of wheat and flour of meslin,0.3228,,
2011,356,India,047,Other cereal meals and flour,1.1848,,
2011,356,India,048,"Cereal preparations, flour of fruits or vegetables",0.3647,,
2011,356,India,054,Vegetables,0.903,,
2011,356,India,056,"Vegetables, roots, tubers, prepared, preserved, n.e.s.",0.6898,,
2011,356,India,057,"Fruits and nuts (excluding oil nuts), fresh or dried",1.0338,,
2011,356,India,058,"Fruit, preserved, and fruit preparations (no juice)",0.4772,,
2011,356,India,059,"Fruit and vegetable juices, unfermented, no spirit",0.0659,,
2011,356,India,061,"Sugar, molasses and honey",2.6763,,
2011,356,India,062,Sugar confectionery,0.3653,,
2011,356,India,071,Coffee and coffee substitutes,1.2956,,
2011,356,India,072,Cocoa,0.0332,,
2011,356,India,073,"Chocolate, food preparations with cocoa, n.e.s.",0.0423,,
2011,356,India,074,Tea and mate,6.7495,,
2011,356,India,075,Spices,10.6543,,
2011,356,India,081,Feeding stuff for animals (no unmilled cereals),2.4204,,
2011,356,India,091,Margarine and shortening,0.039,,
2011,356,India,098,"Edible products and preparations, n.e.s.",0.2517,,
2011,356,India,111,"Non-alcoholic beverages, n.e.s.",0.0218,,
2011,356,India,112,Alcoholic beverages,0.1325,,
2011,356,India,121,"Tobacco, unmanufactured; tobacco refuse",3.0072,,
2011,356,India,122,"Tobacco, manufactured",0.4309,,
2011,356,India,211,"Hides and skins (except furskins), raw",0.0324,,
2011,356,India,212,"Furskins, raw, other than hides & skins of group 211",0.0016,,
2011,356,India,222,Oil seeds and oleaginous fruits (excluding flour),1.4279,,
2011,356,India,223,"Oil seeds & oleaginous fruits (incl. flour, n.e.s.)",1.7694,,
2011,356,India,231,"Natural rubber & similar gums, in primary forms",0.2692,,
2011,356,India,232,Synthetic rubber,0.2893,,
2011,356,India,244,"Cork, natural, raw & waste (incl. blocks, sheets)",0.2576,,
2011,356,India,245,Fuel wood (excluding wood waste) and wood charcoal,0.7374,,
2011,356,India,246,Wood in chips or particles and wood waste,0.0002,,
2011,356,India,247,Wood in the rough or roughly squared,0.0101,,
2011,356,India,248,"Wood simply worked, and railway sleepers of wood",0.0348,,
2011,356,India,251,Pulp and waste paper,0.0012,,
2011,356,India,261,Silk,1.2656,,
2011,356,India,263,Cotton,7.8729,,
2011,356,India,264,"Jute, other textile bast fibre, n.e.s., not spun; tow",2.9236,,
2011,356,India,265,"Vegetable textile fibres, not spun; waste of them",6.9446,,
2011,356,India,266,Synthetic fibres suitable for spinning,2.2181,,
2011,356,India,267,Other man-made fibres suitable for spinning,2.5498,,
2011,356,India,268,Wool and other animal hair (incl. wool tops),0.5127,,
2011,356,India,269,Worn clothing and other worn textile articles,1.2044,,
2011,356,India,272,Crude fertilizers (excluding those of division 56),0.0735,,
2011,356,India,273,"Stone, sand and gravel",4.681,,
2011,356,India,274,Sulphur and unroasted iron pyrites,0.4616,,
2011,356,India,277,"Natural abrasives, n.e.s. (incl. industri. diamonds)",4.5735,,
2011,356,India,278,Other crude minerals,1.945,,
2011,356,India,281,Iron ore and concentrates,1.6144,,
2011,356,India,282,"Ferrous waste, scrape; remelting ingots, iron, steel",0.0154,,
2011,356,India,283,"Copper ores and concentrates; copper mattes, cemen",0.0329,,
2011,356,India,284,"Nickel ores & concentrates; nickel mattes, etc.",0.0134,,
2011,356,India,285,Aluminium ores and concentrates (incl. alumina),1.6625,,
2011,356,India,287,"Ores and concentrates of base metals, n.e.s.",0.7724,,
2011,356,India,288,"Non-ferrous base metal waste and scrap, n.e.s.",0.191,,
2011,356,India,289,"Ores & concentrates of precious metals; waste, scrap",1.7,,
2011,356,India,291,"Crude animal materials, n.e.s.",1.2897,,
2011,356,India,292,"Crude vegetable materials, n.e.s.",3.8513,,
2011,356,India,321,"Coal, whether or not pulverized, not agglomerated",0.1221,,
2011,356,India,322,"Briquettes, lignites and peat",0.3012,,
2011,356,India,325,"Coke & semi-cokes of coal, lign., peat; retort carbon",1.7402,,
2011,356,India,333,"Petroleum oils, oils from bitumin. materials, crude",0.0006,,
2011,356,India,334,Petroleum oils or bituminous minerals > 70 % oil,3.4217,,
2011,356,India,335,"Residual petroleum products, n.e.s., related mater.",1.4121,,
2011,356,India,342,Liquefied propane and butane,0.0038,,
2011,356,India,343,"Natural gas, whether or not liquefied",0.0036,,
2011,356,India,344,"Petroleum gases, other gaseous hydrocarbons, n.e.s.",0.7794,,
2011,356,India,345,"Coal gas, water gas & similar gases (excludinghydrocar.)",0.0136,,
2011,356,India,411,Animals oils and fats,0.2166,,
2011,356,India,421,"Fixed vegetable fats & oils, crude, refined, fractio.",0.0695,,
2011,356,India,422,"Fixed vegetable fats & oils, crude, refined, fract.",1.0278,,
2011,356,India,431,"Animal or veg. oils & fats, processed, n.e.s.; mixt.",0.9501,,
2011,356,India,511,"Hydrocarbons, n.e.s., & halogenated, nitr. derivative",1.6852,,
2011,356,India,512,"Alcohols, phenols, halogenat., sulfonat., nitrat. der.",0.9631,,
2011,356,India,513,"Carboxylic acids, anhydrides, halides, per.; derivati.",1.1457,,
2011,356,India,514,Nitrogen-function compounds,1.1201,,
2011,356,India,515,"Organo-inorganic, heterocycl. compounds, nucl. acids",0.7312,,
2011,356,India,516,Other organic chemicals,4.5417,,
2011,356,India,522,"Inorganic chemical elements, oxides & halogen salts",0.5679,,
2011,356,India,523,"Metallic salts & peroxysalts, of inorganic acids",1.2369,,
2011,356,India,524,Other inorganic chemicals,0.2505,,
2011,356,India,525,Radio-actives and associated materials,0.0197,,
2011,356,India,531,Synth. organic colouring matter & colouring lakes,6.7105,,
2011,356,India,532,"Dyeing & tanning extracts, synth. tanning materials",1.5798,,
2011,356,India,533,"Pigments, paints, varnishes and related materials",0.4461,,
2011,356,India,541,"Medicinal and pharmaceutical products, excluding 542",0.7189,,
2011,356,India,542,Medicaments (incl. veterinary medicaments),1.4635,,
2011,356,India,551,"Essential oils, perfume & flavour materials",1.7143,,
2011,356,India,553,"Perfumery, cosmetics or toilet prepar. (excluding soaps)",0.4164,,
2011,356,India,554,"Soaps, cleansing and polishing preparations",0.5601,,
2011,356,India,562,Fertilizers (other than those of group 272),0.0587,,
2011,356,India,571,"Polymers of ethylene, in primary forms",0.3184,,
2011,356,India,572,"Polymers of styrene, in primary forms",0.2308,,
2011,356,India,573,Polymers of vinyl chloride or halogenated olefins,0.3256,,
2011,356,India,574,"Polyethers, epoxide resins; polycarbonat., polyesters",0.8214,,
2011,356,India,575,"Other plastics, in primary forms",0.8263,,
2011,356,India,579,"Waste, parings and scrap, of plastics",0.1488,,
2011,356,India,581,"Tubes, pipes and hoses of plastics",0.3207,,
2011,356,India,582,"Plates, sheets, films, foil & strip, of plastics",0.625,,
2011,356,India,583,"Monofilaments, of plastics, cross-section > 1mm",2.624,,
2011,356,India,591,"Insectides &  similar products, for retail sale",3.0137,,
2011,356,India,592,"Starche, wheat gluten; albuminoidal substances; glues",0.4904,,
2011,356,India,593,Explosives and pyrotechnic products,0.6356,,
2011,356,India,597,"Prepared addit. for miner. oils; lubricat., de-icing",0.2518,,
2011,356,India,598,"Miscellaneous chemical products, n.e.s.",0.379,,
2011,356,India,611,Leather,2.5359,,
2011,356,India,612,"Manufactures of leather, n.e.s.; saddlery & harness",2.8671,,
2011,356,India,613,"Furskins, tanned or dressed, excluding those of 8483",0.0121,,
2011,356,India,621,"Materials of rubber (pastes, plates, sheets, etc.)",0.4557,,
2011,356,India,625,"Rubber tyres, tyre treads or flaps & inner tubes",1.0606,,
2011,356,India,629,"Articles of rubber, n.e.s.",0.7988,,
2011,356,India,633,Cork manufactures,0.0823,,
2011,356,India,634,"Veneers, plywood, and other wood, worked, n.e.s.",0.0817,,
2011,356,India,635,"Wood manufacture, n.e.s.",0.3111,,
2011,356,India,641,Paper and paperboard,0.2695,,
2011,356,India,642,"Paper & paperboard, cut to shape or size, articles",0.3383,,
2011,356,India,651,Textile yarn,5.2894,,
2011,356,India,652,"Cotton fabrics, woven",2.7332,,
2011,356,India,653,"Fabrics, woven, of man-made fabrics",3.0906,,
2011,356,India,654,"Other textile fabrics, woven",2.5607,,
2011,356,India,655,"Knitted or crocheted fabrics, n.e.s.",0.505,,
2011,356,India,656,"Tulles, trimmings, lace, ribbons & other small wares",1.3212,,
2011,356,India,657,"Special yarn, special textile fabrics & related",0.5648,,
2011,356,India,658,"Made-up articles, of textile materials, n.e.s.",4.4632,,
2011,356,India,659,"Floor coverings, etc.",4.9382,,
2011,356,India,661,"Lime, cement, fabrica. constr. mat. (excludingglass, clay)",2.347,,
2011,356,India,662,"Clay construction, refracto. construction materials",0.5322,,
2011,356,India,663,"Mineral manufactures, n.e.s.",0.4059,,
2011,356,India,664,Glass,0.3897,,
2011,356,India,665,Glassware,0.7153,,
2011,356,India,666,Pottery,0.1112,,
2011,356,India,667,"Pearls, precious & semi-precious stones",11.4712,,
2011,356,India,671,"Pig iron & spiegeleisen, sponge iron, powder & granu",3.2034,,
2011,356,India,672,"Ingots, primary forms, of iron or steel; semi-finis.",0.5016,,
2011,356,India,673,"Flat-rolled prod., iron, non-alloy steel, not coated",0.9108,,
2011,356,India,674,"Flat-rolled prod., iron, non-alloy steel, coated, clad",1.495,,
2011,356,India,675,Flat-rolled products of alloy steel,0.4779,,
2011,356,India,676,"Iron & steel bars, rods, angles, shapes & sections",0.8135,,
2011,356,India,677,"Rails & railway track construction mat., iron, steel",0.6116,,
2011,356,India,678,Wire of iron or steel,1.8325,,
2011,356,India,679,"Tubes, pipes & hollow profiles, fittings, iron, steel",1.5734,,
2011,356,India,681,"Silver, platinum, other metals of the platinum group",0.0259,,
2011,356,India,682,Copper,1.0571,,
2011,356,India,683,Nickel,0.0808,,
2011,356,India,684,Aluminium,0.421,,
2011,356,India,685,Lead,1.5226,,
2011,356,India,686,Zinc,3.5536,,
2011,356,India,687,Tin,0.0278,,
2011,356,India,689,Miscellaneous no-ferrous base metals for metallur.,0.2527,,
2011,356,India,691,"Structures & parts, n.e.s., of iron, steel, aluminium",0.6915,,
2011,356,India,692,Metal containers for storage or transport,0.6135,,
2011,356,India,693,Wire products (excluding electrical) and fencing grills,1.0224,,
2011,356,India,694,"Nails, screws, nuts, bolts, rivets & the like, of metal",0.8707,,
2011,356,India,695,Tools for use in the hand or in machine,0.8882,,
2011,356,India,696,Cutlery,0.7864,,
2011,356,India,697,"Household equipment of base metal, n.e.s.",1.4924,,
2011,356,India,699,"Manufactures of base metal, n.e.s.",1.1833,,
2011,356,India,711,"Vapour generating boilers, auxiliary plant; parts",1.2291,,
2011,356,India,712,"Steam turbines & other vapour turbin., parts, n.e.s.",0.5033,,
2011,356,India,713,"Internal combustion piston engines, parts, n.e.s.",0.532,,
2011,356,India,714,"Engines & motors, non-electric; parts, n.e.s.",0.1101,,
2011,356,India,716,"Rotating electric plant & parts thereof, n.e.s.",0.538,,
2011,356,India,718,"Other power generating machinery & parts, n.e.s.",0.2881,,
2011,356,India,721,Agricultural machinery (excluding tractors) & parts,0.2017,,
2011,356,India,722,Tractors (excluding those of 71414 & 74415),1.9878,,
2011,356,India,723,Civil engineering & contractors' plant & equipment,0.3927,,
2011,356,India,724,"Textile & leather machinery, & parts thereof, n.e.s.",0.6842,,
2011,356,India,725,"Paper mill, pulp mill machinery; paper articles man.",0.3192,,
2011,356,India,726,"Printing & bookbinding machinery, & parts thereof",0.3129,,
2011,356,India,727,Food-processing machines (excluding domestic),0.8634,,
2011,356,India,728,"Other machinery for particular industries, n.e.s.",0.304,,
2011,356,India,731,Machine-tools working by removing material,0.1406,,
2011,356,India,733,"Mach.-tools for working metal, excluding removing mate.",0.1623,,
2011,356,India,735,"Parts, n.e.s., & accessories for machines of 731, 733",0.5185,,
2011,356,India,737,Metalworking machinery (excludingmachine-tools) & parts,0.5593,,
2011,356,India,741,"Heating & cooling equipment & parts thereof, n.e.s.",0.4139,,
2011,356,India,742,Pumps for liquids,0.5165,,
2011,356,India,743,"Pumps (excluding liquid), gas compressors & fans; centr.",0.4956,,
2011,356,India,744,"Mechanical handling equipment, & parts, n.e.s.",0.1783,,
2011,356,India,745,"Other non-electr. machinery, tools & mechan. appar.",0.2907,,
2011,356,India,746,Ball or roller bearings,0.6746,,
2011,356,India,747,"Appliances for pipes, boiler shells, tanks, vats, etc.",0.6261,,
2011,356,India,748,Transmis. shafts,0.5657,,
2011,356,India,749,"Non-electric parts & accessor. of machinery, n.e.s.",0.6625,,
2011,356,India,751,Office machines,0.0808,,
2011,356,India,752,"Automatic data processing machines, n.e.s.",0.0596,,
2011,356,India,759,"Parts, accessories for machines of groups 751, 752",0.0973,,
2011,356,India,761,"Television receivers, whether or not combined",0.2123,,
2011,356,India,762,"Radio-broadcast receivers, whether or not combined",0.0132,,
2011,356,India,763,Sound recorders or reproducers,0.0169,,
2011,356,India,764,"Telecommunication equipment, n.e.s.; & parts, n.e.s.",0.5639,,
2011,356,India,771,"Electric power machinery, and parts thereof",0.7027,,
2011,356,India,772,"Apparatus for electrical circuits; board, panels",0.3774,,
2011,356,India,773,"Equipment for distributing electricity, n.e.s.",0.3924,,
2011,356,India,774,"Electro-diagnostic appa. for medical sciences, etc.",0.4312,,
2011,356,India,775,"Household type equipment, electrical or not, n.e.s.",0.1309,,
2011,356,India,776,Cathode valves & tubes,0.0618,,
2011,356,India,778,"Electrical machinery & apparatus, n.e.s.",0.3377,,
2011,356,India,781,Motor vehicles for the transport of persons,0.3448,,
2011,356,India,782,"Motor vehic. for transport of goods, special purpo.",0.4113,,
2011,356,India,783,"Road motor vehicles, n.e.s.",0.3136,,
2011,356,India,784,"Parts & accessories of vehicles of 722, 781, 782, 783",0.5122,,
2011,356,India,785,Motorcycles & cycles,2.1955,,
2011,356,India,786,Trailers & semi-trailers,0.0981,,
2011,356,India,791,Railway vehicles & associated equipment,0.221,,
2011,356,India,792,"Aircraft & associated equipment; spacecraft, etc.",0.9033,,
2011,356,India,793,"Ships, boats & floating structures",2.2222,,
2011,356,India,811,Prefabricated buildings,0.1776,,
2011,356,India,812,"Sanitary, plumbing, heating fixtures, fittings, n.e.s.",0.577,,
2011,356,India,813,"Lighting fixtures & fittings, n.e.s.",0.2301,,
2011,356,India,821,Furniture & parts,0.3025,,
2011,356,India,831,"Travel goods, handbags & similar containers",1.1233,,
2011,356,India,841,"Men's clothing of textile fabrics, not knitted",1.7,,
2011,356,India,842,"Women's clothing, of textile fabrics",3.2286,,
2011,356,India,843,"Men's or boy's clothing, of textile, knitted, croche.",2.7717,,
2011,356,India,844,"Women's clothing, of textile, knitted or crocheted",1.4785,,
2011,356,India,845,"Articles of apparel, of textile fabrics, n.e.s.",1.6101,,
2011,356,India,846,"Clothing accessories, of textile fabrics",2.0509,,
2011,356,India,848,"Articles of apparel, clothing access., excluding textile",1.9069,,
2011,356,India,851,Footwear,1.1417,,
2011,356,India,871,"Optical instruments & apparatus, n.e.s.",0.0194,,
2011,356,India,872,"Instruments & appliances, n.e.s., for medical, etc.",0.2577,,
2011,356,India,873,"Meters & counters, n.e.s.",0.543,,
2011,356,India,874,"Measuring, analysing & controlling apparatus, n.e.s.",0.2262,,
2011,356,India,881,"Photographic apparatus & equipment, n.e.s.",0.3364,,
2011,356,India,882,Cinematographic & photographic supplies,0.0407,,
2011,356,India,883,"Cinematograph films, exposed & developed",2.6449,,
2011,356,India,884,"Optical goods, n.e.s.",0.2773,,
2011,356,India,885,Watches & clocks,0.0909,,
2011,356,India,891,Arms & ammunition,0.3886,,
2011,356,India,892,Printed matter,0.4088,,
2011,356,India,893,"Articles, n.e.s., of plastics",0.4937,,
2011,356,India,894,"Baby carriages, toys, games & sporting goods",0.1394,,
2011,356,India,895,"Office & stationery supplies, n.e.s.",0.8515,,
2011,356,India,896,"Works of art, collectors' pieces & antiques",0.8155,,
2011,356,India,897,"Jewellery & articles of precious materia., n.e.s.",8.7197,,
2011,356,India,898,"Musical instruments, parts; records, tapes & similar",0.535,,
2011,356,India,899,"Miscellaneous manufactured articles, n.e.s.",0.3963,,
2011,356,India,961,"Coin (other than gold coin), not being legal tender",0.203,,
2011,356,India,971,"Gold, non-monetary (excluding gold ores and concentrates)",0.1076,,
2012,356,India,001,Live animals other than animals of division 03,0.0172,,
2012,356,India,011,"Meat of bovine animals, fresh, chilled or frozen",4.7372,,
2012,356,India,012,Other meat and edible meat offal,0.1301,,
2012,356,India,016,"Meat, edible meat offal, salted, dried; flours, meals",0.0559,,
2012,356,India,017,"Meat, edible meat offal, prepared, preserved, n.e.s.",0.0077,,
2012,356,India,022,"Milk, cream and milk products (excluding butter, cheese)",0.1583,,
2012,356,India,023,Butter and other fats and oils derived from milk,0.3118,,
2012,356,India,024,Cheese and curd,0.0281,,
2012,356,India,025,"Birds' eggs, and eggs' yolks; egg albumin",1.0415,,
2012,356,India,034,"Fish, fresh (live or dead), chilled or frozen",0.9938,,
2012,356,India,035,"Fish, dried, salted or in brine; smoked fish",0.1765,,
2012,356,India,036,"Crustaceans, mollusks and aquatic invertebrates",4.8474,,
2012,356,India,037,"Fish, aqua. invertebrates, prepared, preserved, n.e.s.",0.1919,,
2012,356,India,041,"Wheat (including spelt) and meslin, unmilled",1.7493,,
2012,356,India,042,Rice,15.9418,,
2012,356,India,043,"Barley, unmilled",0.2961,,
2012,356,India,044,"Maize (not including sweet corn), unmilled",1.9813,,
2012,356,India,045,"Cereals, unmilled (excluding wheat, rice, barley, maize)",1.5028,,
2012,356,India,046,Meal and flour of wheat and flour of meslin,0.8197,,
2012,356,India,047,Other cereal meals and flour,1.2303,,
2012,356,India,048,"Cereal preparations, flour of fruits or vegetables",0.3959,,
2012,356,India,054,Vegetables,0.8117,,
2012,356,India,056,"Vegetables, roots, tubers, prepared, preserved, n.e.s.",0.8108,,
2012,356,India,057,"Fruits and nuts (excluding oil nuts), fresh or dried",0.9985,,
2012,356,India,058,"Fruit, preserved, and fruit preparations (no juice)",0.5696,,
2012,356,India,059,"Fruit and vegetable juices, unfermented, no spirit",0.0583,,
2012,356,India,061,"Sugar, molasses and honey",3.0738,,
2012,356,India,062,Sugar confectionery,0.3635,,
2012,356,India,071,Coffee and coffee substitutes,1.4331,,
2012,356,India,072,Cocoa,0.0388,,
2012,356,India,073,"Chocolate, food preparations with cocoa, n.e.s.",0.1089,,
2012,356,India,074,Tea and mate,5.633,,
2012,356,India,075,Spices,11.5515,,
2012,356,India,081,Feeding stuff for animals (no unmilled cereals),2.2011,,
2012,356,India,091,Margarine and shortening,0.0749,,
2012,356,India,098,"Edible products and preparations, n.e.s.",0.2793,,
2012,356,India,111,"Non-alcoholic beverages, n.e.s.",0.0291,,
2012,356,India,112,Alcoholic beverages,0.1585,,
2012,356,India,121,"Tobacco, unmanufactured; tobacco refuse",3.6226,,
2012,356,India,122,"Tobacco, manufactured",0.4256,,
2012,356,India,211,"Hides and skins (except furskins), raw",0.0155,,
2012,356,India,212,"Furskins, raw, other than hides & skins of group 211",0.0012,,
2012,356,India,222,Oil seeds and oleaginous fruits (excluding flour),1.2445,,
2012,356,India,223,"Oil seeds & oleaginous fruits (incl. flour, n.e.s.)",0.9237,,
2012,356,India,231,"Natural rubber & similar gums, in primary forms",0.1854,,
2012,356,India,232,Synthetic rubber,0.2546,,
2012,356,India,244,"Cork, natural, raw & waste (incl. blocks, sheets)",0.1253,,
2012,356,India,245,Fuel wood (excluding wood waste) and wood charcoal,0.6326,,
2012,356,India,246,Wood in chips or particles and wood waste,0.0007,,
2012,356,India,247,Wood in the rough or roughly squared,0.0083,,
2012,356,India,248,"Wood simply worked, and railway sleepers of wood",0.0569,,
2012,356,India,251,Pulp and waste paper,0.0041,,
2012,356,India,261,Silk,1.4443,,
2012,356,India,263,Cotton,9.7123,,
2012,356,India,264,"Jute, other textile bast fibre, n.e.s., not spun; tow",2.1324,,
2012,356,India,265,"Vegetable textile fibres, not spun; waste of them",8.2706,,
2012,356,India,266,Synthetic fibres suitable for spinning,2.2385,,
2012,356,India,267,Other man-made fibres suitable for spinning,2.8978,,
2012,356,India,268,Wool and other animal hair (incl. wool tops),0.6007,,
2012,356,India,269,Worn clothing and other worn textile articles,0.998,,
2012,356,India,272,Crude fertilizers (excluding those of division 56),0.0554,,
2012,356,India,273,"Stone, sand and gravel",5.4541,,
2012,356,India,274,Sulphur and unroasted iron pyrites,0.4193,,
2012,356,India,277,"Natural abrasives, n.e.s. (incl. industri. diamonds)",3.0956,,
2012,356,India,278,Other crude minerals,2.4961,,
2012,356,India,281,Iron ore and concentrates,1.1999,,
2012,356,India,282,"Ferrous waste, scrape; remelting ingots, iron, steel",0.0109,,
2012,356,India,283,"Copper ores and concentrates; copper mattes, cemen",0.0002,,
2012,356,India,284,"Nickel ores & concentrates; nickel mattes, etc.",0.0008,,
2012,356,India,285,Aluminium ores and concentrates (incl. alumina),2.1386,,
2012,356,India,287,"Ores and concentrates of base metals, n.e.s.",0.8729,,
2012,356,India,288,"Non-ferrous base metal waste and scrap, n.e.s.",0.0683,,
2012,356,India,289,"Ores & concentrates of precious metals; waste, scrap",1.7813,,
2012,356,India,291,"Crude animal materials, n.e.s.",0.8377,,
2012,356,India,292,"Crude vegetable materials, n.e.s.",9.798,,
2012,356,India,321,"Coal, whether or not pulverized, not agglomerated",0.051,,
2012,356,India,322,"Briquettes, lignites and peat",0.0805,,
2012,356,India,325,"Coke & semi-cokes of coal, lign., peat; retort carbon",1.3031,,
2012,356,India,333,"Petroleum oils, oils from bitumin. materials, crude",0,,
2012,356,India,334,Petroleum oils or bituminous minerals > 70 % oil,3.2844,,
2012,356,India,335,"Residual petroleum products, n.e.s., related mater.",1.3759,,
2012,356,India,342,Liquefied propane and butane,0,,
2012,356,India,343,"Natural gas, whether or not liquefied",0.0089,,
2012,356,India,344,"Petroleum gases, other gaseous hydrocarbons, n.e.s.",0.8256,,
2012,356,India,345,"Coal gas, water gas & similar gases (excludinghydrocar.)",0.0617,,
2012,356,India,351,Electric current,0.0005,,
2012,356,India,411,Animals oils and fats,0.3839,,
2012,356,India,421,"Fixed vegetable fats & oils, crude, refined, fractio.",0.1001,,
2012,356,India,422,"Fixed vegetable fats & oils, crude, refined, fract.",1.015,,
2012,356,India,431,"Animal or veg. oils & fats, processed, n.e.s.; mixt.",0.7535,,
2012,356,India,511,"Hydrocarbons, n.e.s., & halogenated, nitr. derivative",1.8992,,
2012,356,India,512,"Alcohols, phenols, halogenat., sulfonat., nitrat. der.",1.4511,,
2012,356,India,513,"Carboxylic acids, anhydrides, halides, per.; derivati.",1.3587,,
2012,356,India,514,Nitrogen-function compounds,1.303,,
2012,356,India,515,"Organo-inorganic, heterocycl. compounds, nucl. acids",0.8812,,
2012,356,India,516,Other organic chemicals,5.1924,,
2012,356,India,522,"Inorganic chemical elements, oxides & halogen salts",1.0169,,
2012,356,India,523,"Metallic salts & peroxysalts, of inorganic acids",1.2028,,
2012,356,India,524,Other inorganic chemicals,0.2331,,
2012,356,India,525,Radio-actives and associated materials,0.0201,,
2012,356,India,531,Synth. organic colouring matter & colouring lakes,7.857,,
2012,356,India,532,"Dyeing & tanning extracts, synth. tanning materials",1.9252,,
2012,356,India,533,"Pigments, paints, varnishes and related materials",0.4713,,
2012,356,India,541,"Medicinal and pharmaceutical products, excluding 542",0.7277,,
2012,356,India,542,Medicaments (incl. veterinary medicaments),1.8286,,
2012,356,India,551,"Essential oils, perfume & flavour materials",2.382,,
2012,356,India,553,"Perfumery, cosmetics or toilet prepar. (excluding soaps)",0.4244,,
2012,356,India,554,"Soaps, cleansing and polishing preparations",0.9558,,
2012,356,India,562,Fertilizers (other than those of group 272),0.0761,,
2012,356,India,571,"Polymers of ethylene, in primary forms",0.2386,,
2012,356,India,572,"Polymers of styrene, in primary forms",0.316,,
2012,356,India,573,Polymers of vinyl chloride or halogenated olefins,0.2283,,
2012,356,India,574,"Polyethers, epoxide resins; polycarbonat., polyesters",0.5904,,
2012,356,India,575,"Other plastics, in primary forms",0.7786,,
2012,356,India,579,"Waste, parings and scrap, of plastics",0.1372,,
2012,356,India,581,"Tubes, pipes and hoses of plastics",0.3717,,
2012,356,India,582,"Plates, sheets, films, foil & strip, of plastics",0.6818,,
2012,356,India,583,"Monofilaments, of plastics, cross-section > 1mm",0.345,,
2012,356,India,591,"Insectides &  similar products, for retail sale",3.6958,,
2012,356,India,592,"Starche, wheat gluten; albuminoidal substances; glues",0.6687,,
2012,356,India,593,Explosives and pyrotechnic products,0.5257,,
2012,356,India,597,"Prepared addit. for miner. oils; lubricat., de-icing",0.2644,,
2012,356,India,598,"Miscellaneous chemical products, n.e.s.",0.398,,
2012,356,India,611,Leather,2.9148,,
2012,356,India,612,"Manufactures of leather, n.e.s.; saddlery & harness",2.6531,,
2012,356,India,613,"Furskins, tanned or dressed, excluding those of 8483",0.0075,,
2012,356,India,621,"Materials of rubber (pastes, plates, sheets, etc.)",0.4545,,
2012,356,India,625,"Rubber tyres, tyre treads or flaps & inner tubes",1.2678,,
2012,356,India,629,"Articles of rubber, n.e.s.",0.9775,,
2012,356,India,633,Cork manufactures,0.0849,,
2012,356,India,634,"Veneers, plywood, and other wood, worked, n.e.s.",0.0861,,
2012,356,India,635,"Wood manufacture, n.e.s.",0.3994,,
2012,356,India,641,Paper and paperboard,0.2821,,
2012,356,India,642,"Paper & paperboard, cut to shape or size, articles",0.4118,,
2012,356,India,651,Textile yarn,6.1431,,
2012,356,India,652,"Cotton fabrics, woven",3.2975,,
2012,356,India,653,"Fabrics, woven, of man-made fabrics",2.6988,,
2012,356,India,654,"Other textile fabrics, woven",2.0065,,
2012,356,India,655,"Knitted or crocheted fabrics, n.e.s.",0.4385,,
2012,356,India,656,"Tulles, trimmings, lace, ribbons & other small wares",1.534,,
2012,356,India,657,"Special yarn, special textile fabrics & related",0.6734,,
2012,356,India,658,"Made-up articles, of textile materials, n.e.s.",4.8259,,
2012,356,India,659,"Floor coverings, etc.",5.469,,
2012,356,India,661,"Lime, cement, fabrica. constr. mat. (excludingglass, clay)",2.2863,,
2012,356,India,662,"Clay construction, refracto. construction materials",0.6233,,
2012,356,India,663,"Mineral manufactures, n.e.s.",0.5371,,
2012,356,India,664,Glass,0.2997,,
2012,356,India,665,Glassware,0.8264,,
2012,356,India,666,Pottery,0.1079,,
2012,356,India,667,"Pearls, precious & semi-precious stones",9.9018,,
2012,356,India,671,"Pig iron & spiegeleisen, sponge iron, powder & granu",3.3668,,
2012,356,India,672,"Ingots, primary forms, of iron or steel; semi-finis.",0.6197,,
2012,356,India,673,"Flat-rolled prod., iron, non-alloy steel, not coated",1.097,,
2012,356,India,674,"Flat-rolled prod., iron, non-alloy steel, coated, clad",1.9248,,
2012,356,India,675,Flat-rolled products of alloy steel,0.7318,,
2012,356,India,676,"Iron & steel bars, rods, angles, shapes & sections",0.7278,,
2012,356,India,677,"Rails & railway track construction mat., iron, steel",0.6777,,
2012,356,India,678,Wire of iron or steel,1.6783,,
2012,356,India,679,"Tubes, pipes & hollow profiles, fittings, iron, steel",2.0022,,
2012,356,India,681,"Silver, platinum, other metals of the platinum group",0.0467,,
2012,356,India,682,Copper,1.1127,,
2012,356,India,683,Nickel,0.8512,,
2012,356,India,684,Aluminium,0.5441,,
2012,356,India,685,Lead,1.091,,
2012,356,India,686,Zinc,2.5848,,
2012,356,India,687,Tin,0.0387,,
2012,356,India,689,Miscellaneous no-ferrous base metals for metallur.,0.3104,,
2012,356,India,691,"Structures & parts, n.e.s., of iron, steel, aluminium",0.9103,,
2012,356,India,692,Metal containers for storage or transport,0.7773,,
2012,356,India,693,Wire products (excluding electrical) and fencing grills,1.1794,,
2012,356,India,694,"Nails, screws, nuts, bolts, rivets & the like, of metal",1.0147,,
2012,356,India,695,Tools for use in the hand or in machine,0.9133,,
2012,356,India,696,Cutlery,0.8101,,
2012,356,India,697,"Household equipment of base metal, n.e.s.",1.4104,,
2012,356,India,699,"Manufactures of base metal, n.e.s.",1.4133,,
2012,356,India,711,"Vapour generating boilers, auxiliary plant; parts",1.8431,,
2012,356,India,712,"Steam turbines & other vapour turbin., parts, n.e.s.",0.6327,,
2012,356,India,713,"Internal combustion piston engines, parts, n.e.s.",0.5501,,
2012,356,India,714,"Engines & motors, non-electric; parts, n.e.s.",0.0866,,
2012,356,India,716,"Rotating electric plant & parts thereof, n.e.s.",0.5287,,
2012,356,India,718,"Other power generating machinery & parts, n.e.s.",0.3495,,
2012,356,India,721,Agricultural machinery (excluding tractors) & parts,0.2306,,
2012,356,India,722,Tractors (excluding those of 71414 & 74415),2.0608,,
2012,356,India,723,Civil engineering & contractors' plant & equipment,0.4512,,
2012,356,India,724,"Textile & leather machinery, & parts thereof, n.e.s.",0.7344,,
2012,356,India,725,"Paper mill, pulp mill machinery; paper articles man.",0.3568,,
2012,356,India,726,"Printing & bookbinding machinery, & parts thereof",0.3771,,
2012,356,India,727,Food-processing machines (excluding domestic),0.9365,,
2012,356,India,728,"Other machinery for particular industries, n.e.s.",0.3391,,
2012,356,India,731,Machine-tools working by removing material,0.1563,,
2012,356,India,733,"Mach.-tools for working metal, excluding removing mate.",0.2493,,
2012,356,India,735,"Parts, n.e.s., & accessories for machines of 731, 733",0.4819,,
2012,356,India,737,Metalworking machinery (excludingmachine-tools) & parts,0.6595,,
2012,356,India,741,"Heating & cooling equipment & parts thereof, n.e.s.",0.4185,,
2012,356,India,742,Pumps for liquids,0.5658,,
2012,356,India,743,"Pumps (excluding liquid), gas compressors & fans; centr.",0.5685,,
2012,356,India,744,"Mechanical handling equipment, & parts, n.e.s.",0.2035,,
2012,356,India,745,"Other non-electr. machinery, tools & mechan. appar.",0.3271,,
2012,356,India,746,Ball or roller bearings,0.709,,
2012,356,India,747,"Appliances for pipes, boiler shells, tanks, vats, etc.",0.7884,,
2012,356,India,748,Transmis. shafts,0.5748,,
2012,356,India,749,"Non-electric parts & accessor. of machinery, n.e.s.",0.666,,
2012,356,India,751,Office machines,0.079,,
2012,356,India,752,"Automatic data processing machines, n.e.s.",0.0556,,
2012,356,India,759,"Parts, accessories for machines of groups 751, 752",0.1131,,
2012,356,India,761,"Television receivers, whether or not combined",0.148,,
2012,356,India,762,"Radio-broadcast receivers, whether or not combined",0.0182,,
2012,356,India,763,Sound recorders or reproducers,0.0317,,
2012,356,India,764,"Telecommunication equipment, n.e.s.; & parts, n.e.s.",0.474,,
2012,356,India,771,"Electric power machinery, and parts thereof",0.6623,,
2012,356,India,772,"Apparatus for electrical circuits; board, panels",0.4106,,
2012,356,India,773,"Equipment for distributing electricity, n.e.s.",0.4101,,
2012,356,India,774,"Electro-diagnostic appa. for medical sciences, etc.",0.4257,,
2012,356,India,775,"Household type equipment, electrical or not, n.e.s.",0.1446,,
2012,356,India,776,Cathode valves & tubes,0.0451,,
2012,356,India,778,"Electrical machinery & apparatus, n.e.s.",0.3283,,
2012,356,India,781,Motor vehicles for the transport of persons,0.4115,,
2012,356,India,782,"Motor vehic. for transport of goods, special purpo.",0.5629,,
2012,356,India,783,"Road motor vehicles, n.e.s.",0.354,,
2012,356,India,784,"Parts & accessories of vehicles of 722, 781, 782, 783",0.6642,,
2012,356,India,785,Motorcycles & cycles,2.3208,,
2012,356,India,786,Trailers & semi-trailers,0.0951,,
2012,356,India,791,Railway vehicles & associated equipment,0.2106,,
2012,356,India,792,"Aircraft & associated equipment; spacecraft, etc.",0.6586,,
2012,356,India,793,"Ships, boats & floating structures",1.6262,,
2012,356,India,811,Prefabricated buildings,0.202,,
2012,356,India,812,"Sanitary, plumbing, heating fixtures, fittings, n.e.s.",0.3203,,
2012,356,India,813,"Lighting fixtures & fittings, n.e.s.",0.2245,,
2012,356,India,821,Furniture & parts,0.3306,,
2012,356,India,831,"Travel goods, handbags & similar containers",1.1403,,
2012,356,India,841,"Men's clothing of textile fabrics, not knitted",1.7895,,
2012,356,India,842,"Women's clothing, of textile fabrics",2.9453,,
2012,356,India,843,"Men's or boy's clothing, of textile, knitted, croche.",2.3499,,
2012,356,India,844,"Women's clothing, of textile, knitted or crocheted",1.2795,,
2012,356,India,845,"Articles of apparel, of textile fabrics, n.e.s.",1.8744,,
2012,356,India,846,"Clothing accessories, of textile fabrics",2.0913,,
2012,356,India,848,"Articles of apparel, clothing access., excluding textile",1.9715,,
2012,356,India,851,Footwear,1.0919,,
2012,356,India,871,"Optical instruments & apparatus, n.e.s.",0.0182,,
2012,356,India,872,"Instruments & appliances, n.e.s., for medical, etc.",0.2705,,
2012,356,India,873,"Meters & counters, n.e.s.",0.7651,,
2012,356,India,874,"Measuring, analysing & controlling apparatus, n.e.s.",0.2719,,
2012,356,India,881,"Photographic apparatus & equipment, n.e.s.",0.2084,,
2012,356,India,882,Cinematographic & photographic supplies,0.0424,,
2012,356,India,883,"Cinematograph films, exposed & developed",6.131,,
2012,356,India,884,"Optical goods, n.e.s.",0.3469,,
2012,356,India,885,Watches & clocks,0.0938,,
2012,356,India,891,Arms & ammunition,0.1714,,
2012,356,India,892,Printed matter,0.4829,,
2012,356,India,893,"Articles, n.e.s., of plastics",0.5786,,
2012,356,India,894,"Baby carriages, toys, games & sporting goods",0.1606,,
2012,356,India,895,"Office & stationery supplies, n.e.s.",0.9197,,
2012,356,India,896,"Works of art, collectors' pieces & antiques",0.6462,,
2012,356,India,897,"Jewellery & articles of precious materia., n.e.s.",8.3509,,
2012,356,India,898,"Musical instruments, parts; records, tapes & similar",0.7225,,
2012,356,India,899,"Miscellaneous manufactured articles, n.e.s.",0.513,,
2012,356,India,961,"Coin (other than gold coin), not being legal tender",0.3352,,
2012,356,India,971,"Gold, non-monetary (excluding gold ores and concentrates)",0.017,,
2013,356,India,001,Live animals other than animals of division 03,0.0296,,
2013,356,India,011,"Meat of bovine animals, fresh, chilled or frozen",5.6794,,
2013,356,India,012,Other meat and edible meat offal,0.2119,,
2013,356,India,016,"Meat, edible meat offal, salted, dried; flours, meals",0.0014,,
2013,356,India,017,"Meat, edible meat offal, prepared, preserved, n.e.s.",0.0043,,
2013,356,India,022,"Milk, cream and milk products (excluding butter, cheese)",0.5727,,
2013,356,India,023,Butter and other fats and oils derived from milk,0.2758,,
2013,356,India,024,Cheese and curd,0.0238,,
2013,356,India,025,"Birds' eggs, and eggs' yolks; egg albumin",0.8951,,
2013,356,India,034,"Fish, fresh (live or dead), chilled or frozen",0.8685,,
2013,356,India,035,"Fish, dried, salted or in brine; smoked fish",0.356,,
2013,356,India,036,"Crustaceans, mollusks and aquatic invertebrates",5.8391,,
2013,356,India,037,"Fish, aqua. invertebrates, prepared, preserved, n.e.s.",0.2254,,
2013,356,India,041,"Wheat (including spelt) and meslin, unmilled",1.4119,,
2013,356,India,042,Rice,17.8976,,
2013,356,India,043,"Barley, unmilled",0.7136,,
2013,356,India,044,"Maize (not including sweet corn), unmilled",1.9717,,
2013,356,India,045,"Cereals, unmilled (excluding wheat, rice, barley, maize)",0.9284,,
2013,356,India,046,Meal and flour of wheat and flour of meslin,1.3629,,
2013,356,India,047,Other cereal meals and flour,1.1996,,
2013,356,India,048,"Cereal preparations, flour of fruits or vegetables",0.4018,,
2013,356,India,054,Vegetables,1.081,,
2013,356,India,056,"Vegetables, roots, tubers, prepared, preserved, n.e.s.",0.7056,,
2013,356,India,057,"Fruits and nuts (excluding oil nuts), fresh or dried",0.9684,,
2013,356,India,058,"Fruit, preserved, and fruit preparations (no juice)",0.6596,,
2013,356,India,059,"Fruit and vegetable juices, unfermented, no spirit",0.0211,,
2013,356,India,061,"Sugar, molasses and honey",1.4979,,
2013,356,India,062,Sugar confectionery,0.3633,,
2013,356,India,071,Coffee and coffee substitutes,1.3495,,
2013,356,India,072,Cocoa,0.0566,,
2013,356,India,073,"Chocolate, food preparations with cocoa, n.e.s.",0.1353,,
2013,356,India,074,Tea and mate,5.2673,,
2013,356,India,075,Spices,8.9699,,
2013,356,India,081,Feeding stuff for animals (no unmilled cereals),2.4361,,
2013,356,India,091,Margarine and shortening,0.0154,,
2013,356,India,098,"Edible products and preparations, n.e.s.",0.2814,,
2013,356,India,111,"Non-alcoholic beverages, n.e.s.",0.0317,,
2013,356,India,112,Alcoholic beverages,0.1598,,
2013,356,India,121,"Tobacco, unmanufactured; tobacco refuse",3.6336,,
2013,356,India,122,"Tobacco, manufactured",0.4106,,
2013,356,India,211,"Hides and skins (except furskins), raw",0.0268,,
2013,356,India,212,"Furskins, raw, other than hides & skins of group 211",0.0001,,
2013,356,India,222,Oil seeds and oleaginous fruits (excluding flour),0.8564,,
2013,356,India,223,"Oil seeds & oleaginous fruits (incl. flour, n.e.s.)",2.4018,,
2013,356,India,231,"Natural rubber & similar gums, in primary forms",0.1825,,
2013,356,India,232,Synthetic rubber,0.3879,,
2013,356,India,244,"Cork, natural, raw & waste (incl. blocks, sheets)",0.0416,,
2013,356,India,245,Fuel wood (excluding wood waste) and wood charcoal,0.4426,,
2013,356,India,246,Wood in chips or particles and wood waste,0.0012,,
2013,356,India,247,Wood in the rough or roughly squared,0.0071,,
2013,356,India,248,"Wood simply worked, and railway sleepers of wood",0.0521,,
2013,356,India,251,Pulp and waste paper,0.0002,,
2013,356,India,261,Silk,2.1432,,
2013,356,India,263,Cotton,11.248,,
2013,356,India,264,"Jute, other textile bast fibre, n.e.s., not spun; tow",2.3235,,
2013,356,India,265,"Vegetable textile fibres, not spun; waste of them",7.69,,
2013,356,India,266,Synthetic fibres suitable for spinning,2.5808,,
2013,356,India,267,Other man-made fibres suitable for spinning,2.6688,,
2013,356,India,268,Wool and other animal hair (incl. wool tops),0.4859,,
2013,356,India,269,Worn clothing and other worn textile articles,1.1054,,
2013,356,India,272,Crude fertilizers (excluding those of division 56),0.0709,,
2013,356,India,273,"Stone, sand and gravel",4.5659,,
2013,356,India,274,Sulphur and unroasted iron pyrites,1.4563,,
2013,356,India,277,"Natural abrasives, n.e.s. (incl. industri. diamonds)",4.3396,,
2013,356,India,278,Other crude minerals,2.5048,,
2013,356,India,281,Iron ore and concentrates,0.6355,,
2013,356,India,282,"Ferrous waste, scrape; remelting ingots, iron, steel",0.0096,,
2013,356,India,283,"Copper ores and concentrates; copper mattes, cemen",0.0524,,
2013,356,India,284,"Nickel ores & concentrates; nickel mattes, etc.",0.0001,,
2013,356,India,285,Aluminium ores and concentrates (incl. alumina),2.4143,,
2013,356,India,286,Ores and concentrates of uranium or thorium,0.0002,,
2013,356,India,287,"Ores and concentrates of base metals, n.e.s.",0.7219,,
2013,356,India,288,"Non-ferrous base metal waste and scrap, n.e.s.",0.0649,,
2013,356,India,289,"Ores & concentrates of precious metals; waste, scrap",1.1211,,
2013,356,India,291,"Crude animal materials, n.e.s.",0.7127,,
2013,356,India,292,"Crude vegetable materials, n.e.s.",4.4824,,
2013,356,India,321,"Coal, whether or not pulverized, not agglomerated",0.0743,,
2013,356,India,322,"Briquettes, lignites and peat",0.2021,,
2013,356,India,325,"Coke & semi-cokes of coal, lign., peat; retort carbon",0.2591,,
2013,356,India,333,"Petroleum oils, oils from bitumin. materials, crude",0,,
2013,356,India,334,Petroleum oils or bituminous minerals > 70 % oil,3.6182,,
2013,356,India,335,"Residual petroleum products, n.e.s., related mater.",2.0875,,
2013,356,India,342,Liquefied propane and butane,0,,
2013,356,India,343,"Natural gas, whether or not liquefied",0.0156,,
2013,356,India,344,"Petroleum gases, other gaseous hydrocarbons, n.e.s.",1.0727,,
2013,356,India,345,"Coal gas, water gas & similar gases (excludinghydrocar.)",0.0326,,
2013,356,India,411,Animals oils and fats,0.4268,,
2013,356,India,421,"Fixed vegetable fats & oils, crude, refined, fractio.",0.0421,,
2013,356,India,422,"Fixed vegetable fats & oils, crude, refined, fract.",1.0666,,
2013,356,India,431,"Animal or veg. oils & fats, processed, n.e.s.; mixt.",0.9487,,
2013,356,India,511,"Hydrocarbons, n.e.s., & halogenated, nitr. derivative",1.6401,,
2013,356,India,512,"Alcohols, phenols, halogenat., sulfonat., nitrat. der.",1.1593,,
2013,356,India,513,"Carboxylic acids, anhydrides, halides, per.; derivati.",1.5826,,
2013,356,India,514,Nitrogen-function compounds,1.632,,
2013,356,India,515,"Organo-inorganic, heterocycl. compounds, nucl. acids",1.3472,,
2013,356,India,516,Other organic chemicals,3.3154,,
2013,356,India,522,"Inorganic chemical elements, oxides & halogen salts",0.5021,,
2013,356,India,523,"Metallic salts & peroxysalts, of inorganic acids",1.1608,,
2013,356,India,524,Other inorganic chemicals,0.1704,,
2013,356,India,525,Radio-actives and associated materials,0.0909,,
2013,356,India,531,Synth. organic colouring matter & colouring lakes,8.565,,
2013,356,India,532,"Dyeing & tanning extracts, synth. tanning materials",1.9018,,
2013,356,India,533,"Pigments, paints, varnishes and related materials",0.5252,,
2013,356,India,541,"Medicinal and pharmaceutical products, excluding 542",0.7649,,
2013,356,India,542,Medicaments (incl. veterinary medicaments),1.8866,,
2013,356,India,551,"Essential oils, perfume & flavour materials",2.0109,,
2013,356,India,553,"Perfumery, cosmetics or toilet prepar. (excluding soaps)",0.4399,,
2013,356,India,554,"Soaps, cleansing and polishing preparations",0.6001,,
2013,356,India,562,Fertilizers (other than those of group 272),0.0581,,
2013,356,India,571,"Polymers of ethylene, in primary forms",0.1687,,
2013,356,India,572,"Polymers of styrene, in primary forms",0.3759,,
2013,356,India,573,Polymers of vinyl chloride or halogenated olefins,0.2056,,
2013,356,India,574,"Polyethers, epoxide resins; polycarbonat., polyesters",0.8515,,
2013,356,India,575,"Other plastics, in primary forms",0.9942,,
2013,356,India,579,"Waste, parings and scrap, of plastics",0.0864,,
2013,356,India,581,"Tubes, pipes and hoses of plastics",0.3445,,
2013,356,India,582,"Plates, sheets, films, foil & strip, of plastics",0.6331,,
2013,356,India,583,"Monofilaments, of plastics, cross-section > 1mm",0.3285,,
2013,356,India,591,"Insectides &  similar products, for retail sale",3.6354,,
2013,356,India,592,"Starche, wheat gluten; albuminoidal substances; glues",0.7502,,
2013,356,India,593,Explosives and pyrotechnic products,0.5576,,
2013,356,India,597,"Prepared addit. for miner. oils; lubricat., de-icing",0.3288,,
2013,356,India,598,"Miscellaneous chemical products, n.e.s.",0.3829,,
2013,356,India,611,Leather,2.9099,,
2013,356,India,612,"Manufactures of leather, n.e.s.; saddlery & harness",3.1298,,
2013,356,India,613,"Furskins, tanned or dressed, excluding those of 8483",0.0044,,
2013,356,India,621,"Materials of rubber (pastes, plates, sheets, etc.)",0.452,,
2013,356,India,625,"Rubber tyres, tyre treads or flaps & inner tubes",1.1809,,
2013,356,India,629,"Articles of rubber, n.e.s.",0.9408,,
2013,356,India,633,Cork manufactures,0.0838,,
2013,356,India,634,"Veneers, plywood, and other wood, worked, n.e.s.",0.0809,,
2013,356,India,635,"Wood manufacture, n.e.s.",0.4774,,
2013,356,India,641,Paper and paperboard,0.3035,,
2013,356,India,642,"Paper & paperboard, cut to shape or size, articles",0.4258,,
2013,356,India,651,Textile yarn,6.7947,,
2013,356,India,652,"Cotton fabrics, woven",3.0294,,
2013,356,India,653,"Fabrics, woven, of man-made fabrics",2.6288,,
2013,356,India,654,"Other textile fabrics, woven",1.8082,,
2013,356,India,655,"Knitted or crocheted fabrics, n.e.s.",0.438,,
2013,356,India,656,"Tulles, trimmings, lace, ribbons & other small wares",1.8964,,
2013,356,India,657,"Special yarn, special textile fabrics & related",0.6818,,
2013,356,India,658,"Made-up articles, of textile materials, n.e.s.",4.5241,,
2013,356,India,659,"Floor coverings, etc.",5.8048,,
2013,356,India,661,"Lime, cement, fabrica. constr. mat. (excludingglass, clay)",2.3005,,
2013,356,India,662,"Clay construction, refracto. construction materials",0.6689,,
2013,356,India,663,"Mineral manufactures, n.e.s.",0.5133,,
2013,356,India,664,Glass,0.2978,,
2013,356,India,665,Glassware,0.8803,,
2013,356,India,666,Pottery,0.1252,,
2013,356,India,667,"Pearls, precious & semi-precious stones",9.9156,,
2013,356,India,671,"Pig iron & spiegeleisen, sponge iron, powder & granu",3.9209,,
2013,356,India,672,"Ingots, primary forms, of iron or steel; semi-finis.",1.1465,,
2013,356,India,673,"Flat-rolled prod., iron, non-alloy steel, not coated",1.8053,,
2013,356,India,674,"Flat-rolled prod., iron, non-alloy steel, coated, clad",2.3141,,
2013,356,India,675,Flat-rolled products of alloy steel,0.8027,,
2013,356,India,676,"Iron & steel bars, rods, angles, shapes & sections",0.755,,
2013,356,India,677,"Rails & railway track construction mat., iron, steel",0.3606,,
2013,356,India,678,Wire of iron or steel,1.5935,,
2013,356,India,679,"Tubes, pipes & hollow profiles, fittings, iron, steel",1.4881,,
2013,356,India,681,"Silver, platinum, other metals of the platinum group",0.0433,,
2013,356,India,682,Copper,1.0596,,
2013,356,India,683,Nickel,1.3418,,
2013,356,India,684,Aluminium,0.6614,,
2013,356,India,685,Lead,1.7396,,
2013,356,India,686,Zinc,2.4888,,
2013,356,India,687,Tin,0.6804,,
2013,356,India,689,Miscellaneous no-ferrous base metals for metallur.,0.2676,,
2013,356,India,691,"Structures & parts, n.e.s., of iron, steel, aluminium",0.7465,,
2013,356,India,692,Metal containers for storage or transport,0.6561,,
2013,356,India,693,Wire products (excluding electrical) and fencing grills,1.23,,
2013,356,India,694,"Nails, screws, nuts, bolts, rivets & the like, of metal",1.1905,,
2013,356,India,695,Tools for use in the hand or in machine,0.8504,,
2013,356,India,696,Cutlery,0.6999,,
2013,356,India,697,"Household equipment of base metal, n.e.s.",1.321,,
2013,356,India,699,"Manufactures of base metal, n.e.s.",1.2761,,
2013,356,India,711,"Vapour generating boilers, auxiliary plant; parts",1.9722,,
2013,356,India,712,"Steam turbines & other vapour turbin., parts, n.e.s.",0.722,,
2013,356,India,713,"Internal combustion piston engines, parts, n.e.s.",0.63,,
2013,356,India,714,"Engines & motors, non-electric; parts, n.e.s.",0.0712,,
2013,356,India,716,"Rotating electric plant & parts thereof, n.e.s.",0.5723,,
2013,356,India,718,"Other power generating machinery & parts, n.e.s.",0.3421,,
2013,356,India,721,Agricultural machinery (excluding tractors) & parts,0.234,,
2013,356,India,722,Tractors (excluding those of 71414 & 74415),2.0387,,
2013,356,India,723,Civil engineering & contractors' plant & equipment,0.471,,
2013,356,India,724,"Textile & leather machinery, & parts thereof, n.e.s.",0.843,,
2013,356,India,725,"Paper mill, pulp mill machinery; paper articles man.",0.3392,,
2013,356,India,726,"Printing & bookbinding machinery, & parts thereof",0.3984,,
2013,356,India,727,Food-processing machines (excluding domestic),0.8899,,
2013,356,India,728,"Other machinery for particular industries, n.e.s.",0.3476,,
2013,356,India,731,Machine-tools working by removing material,0.1732,,
2013,356,India,733,"Mach.-tools for working metal, excluding removing mate.",0.222,,
2013,356,India,735,"Parts, n.e.s., & accessories for machines of 731, 733",0.4612,,
2013,356,India,737,Metalworking machinery (excludingmachine-tools) & parts,0.6932,,
2013,356,India,741,"Heating & cooling equipment & parts thereof, n.e.s.",0.4577,,
2013,356,India,742,Pumps for liquids,0.637,,
2013,356,India,743,"Pumps (excluding liquid), gas compressors & fans; centr.",0.5323,,
2013,356,India,744,"Mechanical handling equipment, & parts, n.e.s.",0.2168,,
2013,356,India,745,"Other non-electr. machinery, tools & mechan. appar.",0.3715,,
2013,356,India,746,Ball or roller bearings,0.7097,,
2013,356,India,747,"Appliances for pipes, boiler shells, tanks, vats, etc.",0.7891,,
2013,356,India,748,Transmis. shafts,0.6578,,
2013,356,India,749,"Non-electric parts & accessor. of machinery, n.e.s.",0.5982,,
2013,356,India,751,Office machines,0.0605,,
2013,356,India,752,"Automatic data processing machines, n.e.s.",0.0454,,
2013,356,India,759,"Parts, accessories for machines of groups 751, 752",0.091,,
2013,356,India,761,"Television receivers, whether or not combined",0.1915,,
2013,356,India,762,"Radio-broadcast receivers, whether or not combined",0.0251,,
2013,356,India,763,Sound recorders or reproducers,0.0509,,
2013,356,India,764,"Telecommunication equipment, n.e.s.; & parts, n.e.s.",0.3641,,
2013,356,India,771,"Electric power machinery, and parts thereof",0.574,,
2013,356,India,772,"Apparatus for electrical circuits; board, panels",0.4186,,
2013,356,India,773,"Equipment for distributing electricity, n.e.s.",0.4274,,
2013,356,India,774,"Electro-diagnostic appa. for medical sciences, etc.",0.4733,,
2013,356,India,775,"Household type equipment, electrical or not, n.e.s.",0.1337,,
2013,356,India,776,Cathode valves & tubes,0.0428,,
2013,356,India,778,"Electrical machinery & apparatus, n.e.s.",0.3175,,
2013,356,India,781,Motor vehicles for the transport of persons,0.4643,,
2013,356,India,782,"Motor vehic. for transport of goods, special purpo.",0.3132,,
2013,356,India,783,"Road motor vehicles, n.e.s.",0.2266,,
2013,356,India,784,"Parts & accessories of vehicles of 722, 781, 782, 783",0.6205,,
2013,356,India,785,Motorcycles & cycles,2.4333,,
2013,356,India,786,Trailers & semi-trailers,0.1233,,
2013,356,India,791,Railway vehicles & associated equipment,0.3133,,
2013,356,India,792,"Aircraft & associated equipment; spacecraft, etc.",1.2563,,
2013,356,India,793,"Ships, boats & floating structures",1.383,,
2013,356,India,811,Prefabricated buildings,0.1983,,
2013,356,India,812,"Sanitary, plumbing, heating fixtures, fittings, n.e.s.",0.297,,
2013,356,India,813,"Lighting fixtures & fittings, n.e.s.",0.1673,,
2013,356,India,821,Furniture & parts,0.3352,,
2013,356,India,831,"Travel goods, handbags & similar containers",1.1257,,
2013,356,India,841,"Men's clothing of textile fabrics, not knitted",1.7214,,
2013,356,India,842,"Women's clothing, of textile fabrics",2.7144,,
2013,356,India,843,"Men's or boy's clothing, of textile, knitted, croche.",2.3016,,
2013,356,India,844,"Women's clothing, of textile, knitted or crocheted",1.2614,,
2013,356,India,845,"Articles of apparel, of textile fabrics, n.e.s.",1.9629,,
2013,356,India,846,"Clothing accessories, of textile fabrics",2.088,,
2013,356,India,848,"Articles of apparel, clothing access., excluding textile",1.9966,,
2013,356,India,851,Footwear,1.1771,,
2013,356,India,871,"Optical instruments & apparatus, n.e.s.",0.0145,,
2013,356,India,872,"Instruments & appliances, n.e.s., for medical, etc.",0.2818,,
2013,356,India,873,"Meters & counters, n.e.s.",0.5999,,
2013,356,India,874,"Measuring, analysing & controlling apparatus, n.e.s.",0.2515,,
2013,356,India,881,"Photographic apparatus & equipment, n.e.s.",0.2769,,
2013,356,India,882,Cinematographic & photographic supplies,0.0466,,
2013,356,India,883,"Cinematograph films, exposed & developed",7.5572,,
2013,356,India,884,"Optical goods, n.e.s.",0.3277,,
2013,356,India,885,Watches & clocks,0.0923,,
2013,356,India,891,Arms & ammunition,0.535,,
2013,356,India,892,Printed matter,0.451,,
2013,356,India,893,"Articles, n.e.s., of plastics",0.5473,,
2013,356,India,894,"Baby carriages, toys, games & sporting goods",0.1761,,
2013,356,India,895,"Office & stationery supplies, n.e.s.",0.8729,,
2013,356,India,896,"Works of art, collectors' pieces & antiques",0.6285,,
2013,356,India,897,"Jewellery & articles of precious materia., n.e.s.",4.3606,,
2013,356,India,898,"Musical instruments, parts; records, tapes & similar",0.3224,,
2013,356,India,899,"Miscellaneous manufactured articles, n.e.s.",0.5174,,
2013,356,India,961,"Coin (other than gold coin), not being legal tender",0.0068,,
2013,356,India,971,"Gold, non-monetary (excluding gold ores and concentrates)",0.2701,,
2014,356,India,001,Live animals other than animals of division 03,0.0297,,
2014,356,India,011,"Meat of bovine animals, fresh, chilled or frozen",5.9298,,
2014,356,India,012,Other meat and edible meat offal,0.2103,,
2014,356,India,016,"Meat, edible meat offal, salted, dried; flours, meals",0.0002,,
2014,356,India,017,"Meat, edible meat offal, prepared, preserved, n.e.s.",0.0022,,
2014,356,India,022,"Milk, cream and milk products (excluding butter, cheese)",0.2735,,
2014,356,India,023,Butter and other fats and oils derived from milk,0.3074,,
2014,356,India,024,Cheese and curd,0.0332,,
2014,356,India,025,"Birds' eggs, and eggs' yolks; egg albumin",1.0825,,
2014,356,India,034,"Fish, fresh (live or dead), chilled or frozen",0.839,,
2014,356,India,035,"Fish, dried, salted or in brine; smoked fish",0.2839,,
2014,356,India,036,"Crustaceans, mollusks and aquatic invertebrates",6.5856,,
2014,356,India,037,"Fish, aqua. invertebrates, prepared, preserved, n.e.s.",0.3037,,
2014,356,India,041,"Wheat (including spelt) and meslin, unmilled",1.3661,,
2014,356,India,042,Rice,17.9697,,
2014,356,India,043,"Barley, unmilled",1.0566,,
2014,356,India,044,"Maize (not including sweet corn), unmilled",1.4995,,
2014,356,India,045,"Cereals, unmilled (excluding wheat, rice, barley, maize)",0.9146,,
2014,356,India,046,Meal and flour of wheat and flour of meslin,1.4396,,
2014,356,India,047,Other cereal meals and flour,1.1052,,
2014,356,India,048,"Cereal preparations, flour of fruits or vegetables",0.4214,,
2014,356,India,054,Vegetables,0.8995,,
2014,356,India,056,"Vegetables, roots, tubers, prepared, preserved, n.e.s.",0.7761,,
2014,356,India,057,"Fruits and nuts (excluding oil nuts), fresh or dried",0.9416,,
2014,356,India,058,"Fruit, preserved, and fruit preparations (no juice)",0.7219,,
2014,356,India,059,"Fruit and vegetable juices, unfermented, no spirit",0.0224,,
2014,356,India,061,"Sugar, molasses and honey",2.0248,,
2014,356,India,062,Sugar confectionery,0.4349,,
2014,356,India,071,Coffee and coffee substitutes,1.2943,,
2014,356,India,072,Cocoa,0.1328,,
2014,356,India,073,"Chocolate, food preparations with cocoa, n.e.s.",0.163,,
2014,356,India,074,Tea and mate,4.7353,,
2014,356,India,075,Spices,9.7585,,
2014,356,India,081,Feeding stuff for animals (no unmilled cereals),1.398,,
2014,356,India,091,Margarine and shortening,0.0275,,
2014,356,India,098,"Edible products and preparations, n.e.s.",0.2832,,
2014,356,India,111,"Non-alcoholic beverages, n.e.s.",0.0329,,
2014,356,India,112,Alcoholic beverages,0.1609,,
2014,356,India,121,"Tobacco, unmanufactured; tobacco refuse",3.3845,,
2014,356,India,122,"Tobacco, manufactured",0.4897,,
2014,356,India,211,"Hides and skins (except furskins), raw",0.0208,,
2014,356,India,212,"Furskins, raw, other than hides & skins of group 211",0.0002,,
2014,356,India,222,Oil seeds and oleaginous fruits (excluding flour),1.2287,,
2014,356,India,223,"Oil seeds & oleaginous fruits (incl. flour, n.e.s.)",2.3274,,
2014,356,India,231,"Natural rubber & similar gums, in primary forms",0.0256,,
2014,356,India,232,Synthetic rubber,0.4042,,
2014,356,India,244,"Cork, natural, raw & waste (incl. blocks, sheets)",0.0352,,
2014,356,India,245,Fuel wood (excluding wood waste) and wood charcoal,0.5494,,
2014,356,India,246,Wood in chips or particles and wood waste,0.0015,,
2014,356,India,247,Wood in the rough or roughly squared,0.0157,,
2014,356,India,248,"Wood simply worked, and railway sleepers of wood",0.0495,,
2014,356,India,251,Pulp and waste paper,0.0062,,
2014,356,India,261,Silk,1.9542,,
2014,356,India,263,Cotton,9.1473,,
2014,356,India,264,"Jute, other textile bast fibre, n.e.s., not spun; tow",3.8025,,
2014,356,India,265,"Vegetable textile fibres, not spun; waste of them",7.2885,,
2014,356,India,266,Synthetic fibres suitable for spinning,2.4129,,
2014,356,India,267,Other man-made fibres suitable for spinning,2.6246,,
2014,356,India,268,Wool and other animal hair (incl. wool tops),0.5222,,
2014,356,India,269,Worn clothing and other worn textile articles,1.2053,,
2014,356,India,272,Crude fertilizers (excluding those of division 56),0.1239,,
2014,356,India,273,"Stone, sand and gravel",4.8803,,
2014,356,India,274,Sulphur and unroasted iron pyrites,0.9141,,
2014,356,India,277,"Natural abrasives, n.e.s. (incl. industri. diamonds)",3.0057,,
2014,356,India,278,Other crude minerals,2.0604,,
2014,356,India,281,Iron ore and concentrates,0.4281,,
2014,356,India,282,"Ferrous waste, scrape; remelting ingots, iron, steel",0.0142,,
2014,356,India,283,"Copper ores and concentrates; copper mattes, cemen",0.0257,,
2014,356,India,284,"Nickel ores & concentrates; nickel mattes, etc.",0.0021,,
2014,356,India,285,Aluminium ores and concentrates (incl. alumina),3.2502,,
2014,356,India,287,"Ores and concentrates of base metals, n.e.s.",0.3204,,
2014,356,India,288,"Non-ferrous base metal waste and scrap, n.e.s.",0.0763,,
2014,356,India,289,"Ores & concentrates of precious metals; waste, scrap",1.5061,,
2014,356,India,291,"Crude animal materials, n.e.s.",0.6342,,
2014,356,India,292,"Crude vegetable materials, n.e.s.",3.6976,,
2014,356,India,321,"Coal, whether or not pulverized, not agglomerated",0.057,,
2014,356,India,322,"Briquettes, lignites and peat",0.0161,,
2014,356,India,325,"Coke & semi-cokes of coal, lign., peat; retort carbon",0.1888,,
2014,356,India,333,"Petroleum oils, oils from bitumin. materials, crude",0,,
2014,356,India,334,Petroleum oils or bituminous minerals > 70 % oil,3.7109,,
2014,356,India,335,"Residual petroleum products, n.e.s., related mater.",1.2356,,
2014,356,India,342,Liquefied propane and butane,0,,
2014,356,India,343,"Natural gas, whether or not liquefied",0.0012,,
2014,356,India,344,"Petroleum gases, other gaseous hydrocarbons, n.e.s.",1.5145,,
2014,356,India,345,"Coal gas, water gas & similar gases (excludinghydrocar.)",0.4586,,
2014,356,India,351,Electric current,0,,
2014,356,India,411,Animals oils and fats,0.4351,,
2014,356,India,421,"Fixed vegetable fats & oils, crude, refined, fractio.",0.0769,,
2014,356,India,422,"Fixed vegetable fats & oils, crude, refined, fract.",0.9329,,
2014,356,India,431,"Animal or veg. oils & fats, processed, n.e.s.; mixt.",1.0067,,
2014,356,India,511,"Hydrocarbons, n.e.s., & halogenated, nitr. derivative",1.5164,,
2014,356,India,512,"Alcohols, phenols, halogenat., sulfonat., nitrat. der.",1.1162,,
2014,356,India,513,"Carboxylic acids, anhydrides, halides, per.; derivati.",1.6635,,
2014,356,India,514,Nitrogen-function compounds,1.7322,,
2014,356,India,515,"Organo-inorganic, heterocycl. compounds, nucl. acids",1.5026,,
2014,356,India,516,Other organic chemicals,2.8561,,
2014,356,India,522,"Inorganic chemical elements, oxides & halogen salts",0.4483,,
2014,356,India,523,"Metallic salts & peroxysalts, of inorganic acids",1.1381,,
2014,356,India,524,Other inorganic chemicals,0.1863,,
2014,356,India,525,Radio-actives and associated materials,0.0916,,
2014,356,India,531,Synth. organic colouring matter & colouring lakes,9.7413,,
2014,356,India,532,"Dyeing & tanning extracts, synth. tanning materials",1.9621,,
2014,356,India,533,"Pigments, paints, varnishes and related materials",0.5479,,
2014,356,India,541,"Medicinal and pharmaceutical products, excluding 542",0.727,,
2014,356,India,542,Medicaments (incl. veterinary medicaments),1.8846,,
2014,356,India,551,"Essential oils, perfume & flavour materials",1.7353,,
2014,356,India,553,"Perfumery, cosmetics or toilet prepar. (excluding soaps)",0.4187,,
2014,356,India,554,"Soaps, cleansing and polishing preparations",0.6292,,
2014,356,India,562,Fertilizers (other than those of group 272),0.0622,,
2014,356,India,571,"Polymers of ethylene, in primary forms",0.0946,,
2014,356,India,572,"Polymers of styrene, in primary forms",0.3456,,
2014,356,India,573,Polymers of vinyl chloride or halogenated olefins,0.2651,,
2014,356,India,574,"Polyethers, epoxide resins; polycarbonat., polyesters",0.7004,,
2014,356,India,575,"Other plastics, in primary forms",0.8542,,
2014,356,India,579,"Waste, parings and scrap, of plastics",0.0622,,
2014,356,India,581,"Tubes, pipes and hoses of plastics",0.3453,,
2014,356,India,582,"Plates, sheets, films, foil & strip, of plastics",0.6096,,
2014,356,India,583,"Monofilaments, of plastics, cross-section > 1mm",0.3672,,
2014,356,India,591,"Insectides &  similar products, for retail sale",3.3567,,
2014,356,India,592,"Starche, wheat gluten; albuminoidal substances; glues",0.7221,,
2014,356,India,593,Explosives and pyrotechnic products,0.606,,
2014,356,India,597,"Prepared addit. for miner. oils; lubricat., de-icing",0.354,,
2014,356,India,598,"Miscellaneous chemical products, n.e.s.",0.3958,,
2014,356,India,611,Leather,2.8974,,
2014,356,India,612,"Manufactures of leather, n.e.s.; saddlery & harness",3.1951,,
2014,356,India,613,"Furskins, tanned or dressed, excluding those of 8483",0.0054,,
2014,356,India,621,"Materials of rubber (pastes, plates, sheets, etc.)",0.6318,,
2014,356,India,625,"Rubber tyres, tyre treads or flaps & inner tubes",1.2026,,
2014,356,India,629,"Articles of rubber, n.e.s.",0.9277,,
2014,356,India,633,Cork manufactures,0.0711,,
2014,356,India,634,"Veneers, plywood, and other wood, worked, n.e.s.",0.0918,,
2014,356,India,635,"Wood manufacture, n.e.s.",0.4627,,
2014,356,India,641,Paper and paperboard,0.3109,,
2014,356,India,642,"Paper & paperboard, cut to shape or size, articles",0.4279,,
2014,356,India,651,Textile yarn,6.5226,,
2014,356,India,652,"Cotton fabrics, woven",3.4526,,
2014,356,India,653,"Fabrics, woven, of man-made fabrics",2.6889,,
2014,356,India,654,"Other textile fabrics, woven",1.779,,
2014,356,India,655,"Knitted or crocheted fabrics, n.e.s.",0.4519,,
2014,356,India,656,"Tulles, trimmings, lace, ribbons & other small wares",1.9901,,
2014,356,India,657,"Special yarn, special textile fabrics & related",0.8559,,
2014,356,India,658,"Made-up articles, of textile materials, n.e.s.",4.4453,,
2014,356,India,659,"Floor coverings, etc.",6.2223,,
2014,356,India,661,"Lime, cement, fabrica. constr. mat. (excludingglass, clay)",2.4789,,
2014,356,India,662,"Clay construction, refracto. construction materials",1.1114,,
2014,356,India,663,"Mineral manufactures, n.e.s.",0.5096,,
2014,356,India,664,Glass,0.3055,,
2014,356,India,665,Glassware,1.022,,
2014,356,India,666,Pottery,0.1215,,
2014,356,India,667,"Pearls, precious & semi-precious stones",8.4021,,
2014,356,India,671,"Pig iron & spiegeleisen, sponge iron, powder & granu",3.3421,,
2014,356,India,672,"Ingots, primary forms, of iron or steel; semi-finis.",1.5524,,
2014,356,India,673,"Flat-rolled prod., iron, non-alloy steel, not coated",1.4491,,
2014,356,India,674,"Flat-rolled prod., iron, non-alloy steel, coated, clad",2.1747,,
2014,356,India,675,Flat-rolled products of alloy steel,0.6346,,
2014,356,India,676,"Iron & steel bars, rods, angles, shapes & sections",0.772,,
2014,356,India,677,"Rails & railway track construction mat., iron, steel",0.5849,,
2014,356,India,678,Wire of iron or steel,1.5541,,
2014,356,India,679,"Tubes, pipes & hollow profiles, fittings, iron, steel",1.5433,,
2014,356,India,681,"Silver, platinum, other metals of the platinum group",0.0272,,
2014,356,India,682,Copper,1.3112,,
2014,356,India,683,Nickel,1.8207,,
2014,356,India,684,Aluminium,0.8622,,
2014,356,India,685,Lead,1.6664,,
2014,356,India,686,Zinc,2.1193,,
2014,356,India,687,Tin,0.3021,,
2014,356,India,689,Miscellaneous no-ferrous base metals for metallur.,0.2268,,
2014,356,India,691,"Structures & parts, n.e.s., of iron, steel, aluminium",0.8154,,
2014,356,India,692,Metal containers for storage or transport,0.6574,,
2014,356,India,693,Wire products (excluding electrical) and fencing grills,1.6069,,
2014,356,India,694,"Nails, screws, nuts, bolts, rivets & the like, of metal",1.4527,,
2014,356,India,695,Tools for use in the hand or in machine,0.8678,,
2014,356,India,696,Cutlery,0.6788,,
2014,356,India,697,"Household equipment of base metal, n.e.s.",1.6167,,
2014,356,India,699,"Manufactures of base metal, n.e.s.",1.3123,,
2014,356,India,711,"Vapour generating boilers, auxiliary plant; parts",2.4705,,
2014,356,India,712,"Steam turbines & other vapour turbin., parts, n.e.s.",0.7439,,
2014,356,India,713,"Internal combustion piston engines, parts, n.e.s.",0.8059,,
2014,356,India,714,"Engines & motors, non-electric; parts, n.e.s.",0.0873,,
2014,356,India,716,"Rotating electric plant & parts thereof, n.e.s.",0.5585,,
2014,356,India,718,"Other power generating machinery & parts, n.e.s.",0.4293,,
2014,356,India,721,Agricultural machinery (excluding tractors) & parts,0.2528,,
2014,356,India,722,Tractors (excluding those of 71414 & 74415),2.4071,,
2014,356,India,723,Civil engineering & contractors' plant & equipment,0.5948,,
2014,356,India,724,"Textile & leather machinery, & parts thereof, n.e.s.",0.8558,,
2014,356,India,725,"Paper mill, pulp mill machinery; paper articles man.",0.3179,,
2014,356,India,726,"Printing & bookbinding machinery, & parts thereof",0.374,,
2014,356,India,727,Food-processing machines (excluding domestic),0.9423,,
2014,356,India,728,"Other machinery for particular industries, n.e.s.",0.3872,,
2014,356,India,731,Machine-tools working by removing material,0.1529,,
2014,356,India,733,"Mach.-tools for working metal, excluding removing mate.",0.2352,,
2014,356,India,735,"Parts, n.e.s., & accessories for machines of 731, 733",0.3982,,
2014,356,India,737,Metalworking machinery (excludingmachine-tools) & parts,0.6889,,
2014,356,India,741,"Heating & cooling equipment & parts thereof, n.e.s.",0.4736,,
2014,356,India,742,Pumps for liquids,0.6544,,
2014,356,India,743,"Pumps (excluding liquid), gas compressors & fans; centr.",0.5103,,
2014,356,India,744,"Mechanical handling equipment, & parts, n.e.s.",0.2098,,
2014,356,India,745,"Other non-electr. machinery, tools & mechan. appar.",0.3206,,
2014,356,India,746,Ball or roller bearings,0.7795,,
2014,356,India,747,"Appliances for pipes, boiler shells, tanks, vats, etc.",0.754,,
2014,356,India,748,Transmis. shafts,0.689,,
2014,356,India,749,"Non-electric parts & accessor. of machinery, n.e.s.",0.561,,
2014,356,India,751,Office machines,0.0691,,
2014,356,India,752,"Automatic data processing machines, n.e.s.",0.034,,
2014,356,India,759,"Parts, accessories for machines of groups 751, 752",0.0847,,
2014,356,India,761,"Television receivers, whether or not combined",0.1715,,
2014,356,India,762,"Radio-broadcast receivers, whether or not combined",0.0423,,
2014,356,India,763,Sound recorders or reproducers,0.0413,,
2014,356,India,764,"Telecommunication equipment, n.e.s.; & parts, n.e.s.",0.1668,,
2014,356,India,771,"Electric power machinery, and parts thereof",0.6619,,
2014,356,India,772,"Apparatus for electrical circuits; board, panels",0.4441,,
2014,356,India,773,"Equipment for distributing electricity, n.e.s.",0.3815,,
2014,356,India,774,"Electro-diagnostic appa. for medical sciences, etc.",0.4694,,
2014,356,India,775,"Household type equipment, electrical or not, n.e.s.",0.1775,,
2014,356,India,776,Cathode valves & tubes,0.0385,,
2014,356,India,778,"Electrical machinery & apparatus, n.e.s.",0.3191,,
2014,356,India,781,Motor vehicles for the transport of persons,0.4896,,
2014,356,India,782,"Motor vehic. for transport of goods, special purpo.",0.3105,,
2014,356,India,783,"Road motor vehicles, n.e.s.",0.346,,
2014,356,India,784,"Parts & accessories of vehicles of 722, 781, 782, 783",0.6668,,
2014,356,India,785,Motorcycles & cycles,2.6779,,
2014,356,India,786,Trailers & semi-trailers,0.0853,,
2014,356,India,791,Railway vehicles & associated equipment,0.2385,,
2014,356,India,792,"Aircraft & associated equipment; spacecraft, etc.",1.9194,,
2014,356,India,793,"Ships, boats & floating structures",1.8866,,
2014,356,India,811,Prefabricated buildings,0.2511,,
2014,356,India,812,"Sanitary, plumbing, heating fixtures, fittings, n.e.s.",0.2642,,
2014,356,India,813,"Lighting fixtures & fittings, n.e.s.",0.1507,,
2014,356,India,821,Furniture & parts,0.3437,,
2014,356,India,831,"Travel goods, handbags & similar containers",1.2148,,
2014,356,India,841,"Men's clothing of textile fabrics, not knitted",1.756,,
2014,356,India,842,"Women's clothing, of textile fabrics",2.6173,,
2014,356,India,843,"Men's or boy's clothing, of textile, knitted, croche.",2.7584,,
2014,356,India,844,"Women's clothing, of textile, knitted or crocheted",1.3946,,
2014,356,India,845,"Articles of apparel, of textile fabrics, n.e.s.",2.193,,
2014,356,India,846,"Clothing accessories, of textile fabrics",2.1371,,
2014,356,India,848,"Articles of apparel, clothing access., excluding textile",1.984,,
2014,356,India,851,Footwear,1.3057,,
2014,356,India,871,"Optical instruments & apparatus, n.e.s.",0.022,,
2014,356,India,872,"Instruments & appliances, n.e.s., for medical, etc.",0.3123,,
2014,356,India,873,"Meters & counters, n.e.s.",0.5168,,
2014,356,India,874,"Measuring, analysing & controlling apparatus, n.e.s.",0.2726,,
2014,356,India,881,"Photographic apparatus & equipment, n.e.s.",0.3427,,
2014,356,India,882,Cinematographic & photographic supplies,0.0569,,
2014,356,India,883,"Cinematograph films, exposed & developed",16.3507,,
2014,356,India,884,"Optical goods, n.e.s.",0.3107,,
2014,356,India,885,Watches & clocks,0.0952,,
2014,356,India,891,Arms & ammunition,0.5228,,
2014,356,India,892,Printed matter,0.4344,,
2014,356,India,893,"Articles, n.e.s., of plastics",0.5235,,
2014,356,India,894,"Baby carriages, toys, games & sporting goods",0.1946,,
2014,356,India,895,"Office & stationery supplies, n.e.s.",0.9714,,
2014,356,India,896,"Works of art, collectors' pieces & antiques",0.4967,,
2014,356,India,897,"Jewellery & articles of precious materia., n.e.s.",4.7967,,
2014,356,India,898,"Musical instruments, parts; records, tapes & similar",0.2624,,
2014,356,India,899,"Miscellaneous manufactured articles, n.e.s.",0.4417,,
2014,356,India,961,"Coin (other than gold coin), not being legal tender",0.0065,,
2014,356,India,971,"Gold, non-monetary (excluding gold ores and concentrates)",0.4368,,
2015,356,India,001,Live animals other than animals of division 03,0.0285,,
2015,356,India,011,"Meat of bovine animals, fresh, chilled or frozen",5.7283,,
2015,356,India,012,Other meat and edible meat offal,0.229,,
2015,356,India,016,"Meat, edible meat offal, salted, dried; flours, meals",0.0083,,
2015,356,India,017,"Meat, edible meat offal, prepared, preserved, n.e.s.",0.0088,,
2015,356,India,022,"Milk, cream and milk products (excluding butter, cheese)",0.0947,,
2015,356,India,023,Butter and other fats and oils derived from milk,0.3836,,
2015,356,India,024,Cheese and curd,0.0407,,
2015,356,India,025,"Birds' eggs, and eggs' yolks; egg albumin",1.2926,,
2015,356,India,034,"Fish, fresh (live or dead), chilled or frozen",0.8455,,
2015,356,India,035,"Fish, dried, salted or in brine; smoked fish",0.4435,,
2015,356,India,036,"Crustaceans, mollusks and aquatic invertebrates",6.4982,,
2015,356,India,037,"Fish, aqua. invertebrates, prepared, preserved, n.e.s.",0.4991,,
2015,356,India,041,"Wheat (including spelt) and meslin, unmilled",0.2496,,
2015,356,India,042,Rice,17.2012,,
2015,356,India,043,"Barley, unmilled",0.1593,,
2015,356,India,044,"Maize (not including sweet corn), unmilled",0.4635,,
2015,356,India,045,"Cereals, unmilled (excluding wheat, rice, barley, maize)",0.8592,,
2015,356,India,046,Meal and flour of wheat and flour of meslin,1.4063,,
2015,356,India,047,Other cereal meals and flour,1.6134,,
2015,356,India,048,"Cereal preparations, flour of fruits or vegetables",0.4763,,
2015,356,India,054,Vegetables,0.9577,,
2015,356,India,056,"Vegetables, roots, tubers, prepared, preserved, n.e.s.",0.8276,,
2015,356,India,057,"Fruits and nuts (excluding oil nuts), fresh or dried",0.8892,,
2015,356,India,058,"Fruit, preserved, and fruit preparations (no juice)",0.8257,,
2015,356,India,059,"Fruit and vegetable juices, unfermented, no spirit",0.0343,,
2015,356,India,061,"Sugar, molasses and honey",2.7438,,
2015,356,India,062,Sugar confectionery,0.4385,,
2015,356,India,071,Coffee and coffee substitutes,1.3654,,
2015,356,India,072,Cocoa,0.1735,,
2015,356,India,073,"Chocolate, food preparations with cocoa, n.e.s.",0.2834,,
2015,356,India,074,Tea and mate,5.2066,,
2015,356,India,075,Spices,10.4702,,
2015,356,India,081,Feeding stuff for animals (no unmilled cereals),0.873,,
2015,356,India,091,Margarine and shortening,0.0406,,
2015,356,India,098,"Edible products and preparations, n.e.s.",0.3241,,
2015,356,India,111,"Non-alcoholic beverages, n.e.s.",0.0374,,
2015,356,India,112,Alcoholic beverages,0.1703,,
2015,356,India,121,"Tobacco, unmanufactured; tobacco refuse",3.7028,,
2015,356,India,122,"Tobacco, manufactured",0.6157,,
2015,356,India,211,"Hides and skins (except furskins), raw",0.0087,,
2015,356,India,212,"Furskins, raw, other than hides & skins of group 211",0.0003,,
2015,356,India,222,Oil seeds and oleaginous fruits (excluding flour),1.1506,,
2015,356,India,223,"Oil seeds & oleaginous fruits (incl. flour, n.e.s.)",2.1191,,
2015,356,India,231,"Natural rubber & similar gums, in primary forms",0.1573,,
2015,356,India,232,Synthetic rubber,0.4896,,
2015,356,India,244,"Cork, natural, raw & waste (incl. blocks, sheets)",0.0689,,
2015,356,India,245,Fuel wood (excluding wood waste) and wood charcoal,0.3674,,
2015,356,India,246,Wood in chips or particles and wood waste,0.001,,
2015,356,India,247,Wood in the rough or roughly squared,0.3612,,
2015,356,India,248,"Wood simply worked, and railway sleepers of wood",0.0521,,
2015,356,India,251,Pulp and waste paper,0.0158,,
2015,356,India,261,Silk,1.9304,,
2015,356,India,263,Cotton,8.4834,,
2015,356,India,264,"Jute, other textile bast fibre, n.e.s., not spun; tow",3.3236,,
2015,356,India,265,"Vegetable textile fibres, not spun; waste of them",8.4602,,
2015,356,India,266,Synthetic fibres suitable for spinning,2.1599,,
2015,356,India,267,Other man-made fibres suitable for spinning,4.0383,,
2015,356,India,268,Wool and other animal hair (incl. wool tops),0.5328,,
2015,356,India,269,Worn clothing and other worn textile articles,1.4809,,
2015,356,India,272,Crude fertilizers (excluding those of division 56),0.1804,,
2015,356,India,273,"Stone, sand and gravel",5.1778,,
2015,356,India,274,Sulphur and unroasted iron pyrites,1.1926,,
2015,356,India,277,"Natural abrasives, n.e.s. (incl. industri. diamonds)",3.3544,,
2015,356,India,278,Other crude minerals,2.082,,
2015,356,India,281,Iron ore and concentrates,0.1875,,
2015,356,India,282,"Ferrous waste, scrape; remelting ingots, iron, steel",0.0109,,
2015,356,India,283,"Copper ores and concentrates; copper mattes, cemen",0.0121,,
2015,356,India,284,"Nickel ores & concentrates; nickel mattes, etc.",0.0015,,
2015,356,India,285,Aluminium ores and concentrates (incl. alumina),3.1536,,
2015,356,India,287,"Ores and concentrates of base metals, n.e.s.",0.3716,,
2015,356,India,288,"Non-ferrous base metal waste and scrap, n.e.s.",0.0678,,
2015,356,India,289,"Ores & concentrates of precious metals; waste, scrap",1.9946,,
2015,356,India,291,"Crude animal materials, n.e.s.",0.5496,,
2015,356,India,292,"Crude vegetable materials, n.e.s.",2.351,,
2015,356,India,321,"Coal, whether or not pulverized, not agglomerated",0.0826,,
2015,356,India,322,"Briquettes, lignites and peat",0.0057,,
2015,356,India,325,"Coke & semi-cokes of coal, lign., peat; retort carbon",0.2313,,
2015,356,India,334,Petroleum oils or bituminous minerals > 70 % oil,3.0225,,
2015,356,India,335,"Residual petroleum products, n.e.s., related mater.",0.8255,,
2015,356,India,342,Liquefied propane and butane,0,,
2015,356,India,343,"Natural gas, whether or not liquefied",0.0318,,
2015,356,India,344,"Petroleum gases, other gaseous hydrocarbons, n.e.s.",1.3265,,
2015,356,India,345,"Coal gas, water gas & similar gases (excludinghydrocar.)",0.0017,,
2015,356,India,351,Electric current,0.0502,,
2015,356,India,411,Animals oils and fats,0.645,,
2015,356,India,421,"Fixed vegetable fats & oils, crude, refined, fractio.",0.0738,,
2015,356,India,422,"Fixed vegetable fats & oils, crude, refined, fract.",1.197,,
2015,356,India,431,"Animal or veg. oils & fats, processed, n.e.s.; mixt.",1.3469,,
2015,356,India,511,"Hydrocarbons, n.e.s., & halogenated, nitr. derivative",1.5356,,
2015,356,India,512,"Alcohols, phenols, halogenat., sulfonat., nitrat. der.",1.1286,,
2015,356,India,513,"Carboxylic acids, anhydrides, halides, per.; derivati.",2.1122,,
2015,356,India,514,Nitrogen-function compounds,2.0455,,
2015,356,India,515,"Organo-inorganic, heterocycl. compounds, nucl. acids",1.6615,,
2015,356,India,516,Other organic chemicals,3.8421,,
2015,356,India,522,"Inorganic chemical elements, oxides & halogen salts",0.467,,
2015,356,India,523,"Metallic salts & peroxysalts, of inorganic acids",1.1779,,
2015,356,India,524,Other inorganic chemicals,0.2406,,
2015,356,India,525,Radio-actives and associated materials,0.0259,,
2015,356,India,531,Synth. organic colouring matter & colouring lakes,9.6474,,
2015,356,India,532,"Dyeing & tanning extracts, synth. tanning materials",1.8162,,
2015,356,India,533,"Pigments, paints, varnishes and related materials",0.5585,,
2015,356,India,541,"Medicinal and pharmaceutical products, excluding 542",0.8129,,
2015,356,India,542,Medicaments (incl. veterinary medicaments),2.2287,,
2015,356,India,551,"Essential oils, perfume & flavour materials",1.842,,
2015,356,India,553,"Perfumery, cosmetics or toilet prepar. (excluding soaps)",0.4674,,
2015,356,India,554,"Soaps, cleansing and polishing preparations",0.6247,,
2015,356,India,562,Fertilizers (other than those of group 272),0.083,,
2015,356,India,571,"Polymers of ethylene, in primary forms",0.1459,,
2015,356,India,572,"Polymers of styrene, in primary forms",0.3665,,
2015,356,India,573,Polymers of vinyl chloride or halogenated olefins,0.2587,,
2015,356,India,574,"Polyethers, epoxide resins; polycarbonat., polyesters",0.9018,,
2015,356,India,575,"Other plastics, in primary forms",0.7515,,
2015,356,India,579,"Waste, parings and scrap, of plastics",0.034,,
2015,356,India,581,"Tubes, pipes and hoses of plastics",0.4035,,
2015,356,India,582,"Plates, sheets, films, foil & strip, of plastics",0.6588,,
2015,356,India,583,"Monofilaments, of plastics, cross-section > 1mm",0.4698,,
2015,356,India,591,"Insectides &  similar products, for retail sale",3.8159,,
2015,356,India,592,"Starche, wheat gluten; albuminoidal substances; glues",0.6378,,
2015,356,India,593,Explosives and pyrotechnic products,0.6668,,
2015,356,India,597,"Prepared addit. for miner. oils; lubricat., de-icing",0.3913,,
2015,356,India,598,"Miscellaneous chemical products, n.e.s.",0.4134,,
2015,356,India,611,Leather,2.9361,,
2015,356,India,612,"Manufactures of leather, n.e.s.; saddlery & harness",2.9266,,
2015,356,India,613,"Furskins, tanned or dressed, excluding those of 8483",0.0236,,
2015,356,India,621,"Materials of rubber (pastes, plates, sheets, etc.)",0.5423,,
2015,356,India,625,"Rubber tyres, tyre treads or flaps & inner tubes",1.1849,,
2015,356,India,629,"Articles of rubber, n.e.s.",1.0252,,
2015,356,India,633,Cork manufactures,0.0769,,
2015,356,India,634,"Veneers, plywood, and other wood, worked, n.e.s.",0.0942,,
2015,356,India,635,"Wood manufacture, n.e.s.",0.5354,,
2015,356,India,641,Paper and paperboard,0.3743,,
2015,356,India,642,"Paper & paperboard, cut to shape or size, articles",0.4785,,
2015,356,India,651,Textile yarn,6.8751,,
2015,356,India,652,"Cotton fabrics, woven",3.7167,,
2015,356,India,653,"Fabrics, woven, of man-made fabrics",2.8722,,
2015,356,India,654,"Other textile fabrics, woven",1.929,,
2015,356,India,655,"Knitted or crocheted fabrics, n.e.s.",0.4442,,
2015,356,India,656,"Tulles, trimmings, lace, ribbons & other small wares",1.984,,
2015,356,India,657,"Special yarn, special textile fabrics & related",0.8452,,
2015,356,India,658,"Made-up articles, of textile materials, n.e.s.",4.9794,,
2015,356,India,659,"Floor coverings, etc.",6.7613,,
2015,356,India,661,"Lime, cement, fabrica. constr. mat. (excludingglass, clay)",2.4128,,
2015,356,India,662,"Clay construction, refracto. construction materials",1.4932,,
2015,356,India,663,"Mineral manufactures, n.e.s.",0.5976,,
2015,356,India,664,Glass,0.2835,,
2015,356,India,665,Glassware,1.2311,,
2015,356,India,666,Pottery,0.11,,
2015,356,India,667,"Pearls, precious & semi-precious stones",9.3298,,
2015,356,India,671,"Pig iron & spiegeleisen, sponge iron, powder & granu",3.2688,,
2015,356,India,672,"Ingots, primary forms, of iron or steel; semi-finis.",0.8621,,
2015,356,India,673,"Flat-rolled prod., iron, non-alloy steel, not coated",1.2426,,
2015,356,India,674,"Flat-rolled prod., iron, non-alloy steel, coated, clad",1.777,,
2015,356,India,675,Flat-rolled products of alloy steel,0.7264,,
2015,356,India,676,"Iron & steel bars, rods, angles, shapes & sections",0.823,,
2015,356,India,677,"Rails & railway track construction mat., iron, steel",0.4477,,
2015,356,India,678,Wire of iron or steel,1.6643,,
2015,356,India,679,"Tubes, pipes & hollow profiles, fittings, iron, steel",1.6486,,
2015,356,India,681,"Silver, platinum, other metals of the platinum group",0.0118,,
2015,356,India,682,Copper,1.2568,,
2015,356,India,683,Nickel,2.3157,,
2015,356,India,684,Aluminium,0.988,,
2015,356,India,685,Lead,1.7827,,
2015,356,India,686,Zinc,3.598,,
2015,356,India,687,Tin,0.6749,,
2015,356,India,689,Miscellaneous no-ferrous base metals for metallur.,0.1711,,
2015,356,India,691,"Structures & parts, n.e.s., of iron, steel, aluminium",1.0324,,
2015,356,India,692,Metal containers for storage or transport,0.821,,
2015,356,India,693,Wire products (excluding electrical) and fencing grills,1.5159,,
2015,356,India,694,"Nails, screws, nuts, bolts, rivets & the like, of metal",0.9862,,
2015,356,India,695,Tools for use in the hand or in machine,0.8664,,
2015,356,India,696,Cutlery,0.6645,,
2015,356,India,697,"Household equipment of base metal, n.e.s.",1.3859,,
2015,356,India,699,"Manufactures of base metal, n.e.s.",1.3933,,
2015,356,India,711,"Vapour generating boilers, auxiliary plant; parts",2.7219,,
2015,356,India,712,"Steam turbines & other vapour turbin., parts, n.e.s.",1.0749,,
2015,356,India,713,"Internal combustion piston engines, parts, n.e.s.",0.7739,,
2015,356,India,714,"Engines & motors, non-electric; parts, n.e.s.",0.1255,,
2015,356,India,716,"Rotating electric plant & parts thereof, n.e.s.",0.6266,,
2015,356,India,718,"Other power generating machinery & parts, n.e.s.",0.6016,,
2015,356,India,721,Agricultural machinery (excluding tractors) & parts,0.3017,,
2015,356,India,722,Tractors (excluding those of 71414 & 74415),3.1545,,
2015,356,India,723,Civil engineering & contractors' plant & equipment,0.6808,,
2015,356,India,724,"Textile & leather machinery, & parts thereof, n.e.s.",0.9954,,
2015,356,India,725,"Paper mill, pulp mill machinery; paper articles man.",0.5471,,
2015,356,India,726,"Printing & bookbinding machinery, & parts thereof",0.4051,,
2015,356,India,727,Food-processing machines (excluding domestic),0.976,,
2015,356,India,728,"Other machinery for particular industries, n.e.s.",0.4109,,
2015,356,India,731,Machine-tools working by removing material,0.2161,,
2015,356,India,733,"Mach.-tools for working metal, excluding removing mate.",0.3771,,
2015,356,India,735,"Parts, n.e.s., & accessories for machines of 731, 733",0.4861,,
2015,356,India,737,Metalworking machinery (excludingmachine-tools) & parts,0.7471,,
2015,356,India,741,"Heating & cooling equipment & parts thereof, n.e.s.",0.5143,,
2015,356,India,742,Pumps for liquids,0.7479,,
2015,356,India,743,"Pumps (excluding liquid), gas compressors & fans; centr.",0.602,,
2015,356,India,744,"Mechanical handling equipment, & parts, n.e.s.",0.2988,,
2015,356,India,745,"Other non-electr. machinery, tools & mechan. appar.",0.3601,,
2015,356,India,746,Ball or roller bearings,0.8859,,
2015,356,India,747,"Appliances for pipes, boiler shells, tanks, vats, etc.",0.8701,,
2015,356,India,748,Transmis. shafts,0.82,,
2015,356,India,749,"Non-electric parts & accessor. of machinery, n.e.s.",0.559,,
2015,356,India,751,Office machines,0.1443,,
2015,356,India,752,"Automatic data processing machines, n.e.s.",0.0408,,
2015,356,India,759,"Parts, accessories for machines of groups 751, 752",0.1015,,
2015,356,India,761,"Television receivers, whether or not combined",0.1377,,
2015,356,India,762,"Radio-broadcast receivers, whether or not combined",0.0436,,
2015,356,India,763,Sound recorders or reproducers,0.0443,,
2015,356,India,764,"Telecommunication equipment, n.e.s.; & parts, n.e.s.",0.1061,,
2015,356,India,771,"Electric power machinery, and parts thereof",0.7864,,
2015,356,India,772,"Apparatus for electrical circuits; board, panels",0.4733,,
2015,356,India,773,"Equipment for distributing electricity, n.e.s.",0.4379,,
2015,356,India,774,"Electro-diagnostic appa. for medical sciences, etc.",0.4954,,
2015,356,India,775,"Household type equipment, electrical or not, n.e.s.",0.1875,,
2015,356,India,776,Cathode valves & tubes,0.0356,,
2015,356,India,778,"Electrical machinery & apparatus, n.e.s.",0.2995,,
2015,356,India,781,Motor vehicles for the transport of persons,0.4977,,
2015,356,India,782,"Motor vehic. for transport of goods, special purpo.",0.4016,,
2015,356,India,783,"Road motor vehicles, n.e.s.",0.3771,,
2015,356,India,784,"Parts & accessories of vehicles of 722, 781, 782, 783",0.7257,,
2015,356,India,785,Motorcycles & cycles,2.8066,,
2015,356,India,786,Trailers & semi-trailers,0.1077,,
2015,356,India,791,Railway vehicles & associated equipment,0.172,,
2015,356,India,792,"Aircraft & associated equipment; spacecraft, etc.",1.1289,,
2015,356,India,793,"Ships, boats & floating structures",1.7458,,
2015,356,India,811,Prefabricated buildings,0.3912,,
2015,356,India,812,"Sanitary, plumbing, heating fixtures, fittings, n.e.s.",0.3176,,
2015,356,India,813,"Lighting fixtures & fittings, n.e.s.",0.1591,,
2015,356,India,821,Furniture & parts,0.3866,,
2015,356,India,831,"Travel goods, handbags & similar containers",1.2629,,
2015,356,India,841,"Men's clothing of textile fabrics, not knitted",1.9836,,
2015,356,India,842,"Women's clothing, of textile fabrics",2.9497,,
2015,356,India,843,"Men's or boy's clothing, of textile, knitted, croche.",3.4484,,
2015,356,India,844,"Women's clothing, of textile, knitted or crocheted",1.6197,,
2015,356,India,845,"Articles of apparel, of textile fabrics, n.e.s.",2.5019,,
2015,356,India,846,"Clothing accessories, of textile fabrics",2.274,,
2015,356,India,848,"Articles of apparel, clothing access., excluding textile",2.0977,,
2015,356,India,851,Footwear,1.3371,,
2015,356,India,871,"Optical instruments & apparatus, n.e.s.",0.0216,,
2015,356,India,872,"Instruments & appliances, n.e.s., for medical, etc.",0.3098,,
2015,356,India,873,"Meters & counters, n.e.s.",0.5827,,
2015,356,India,874,"Measuring, analysing & controlling apparatus, n.e.s.",0.3048,,
2015,356,India,881,"Photographic apparatus & equipment, n.e.s.",0.3114,,
2015,356,India,882,Cinematographic & photographic supplies,0.055,,
2015,356,India,883,"Cinematograph films, exposed & developed",16.2149,,
2015,356,India,884,"Optical goods, n.e.s.",0.3838,,
2015,356,India,885,Watches & clocks,0.1125,,
2015,356,India,891,Arms & ammunition,0.5945,,
2015,356,India,892,Printed matter,0.4384,,
2015,356,India,893,"Articles, n.e.s., of plastics",0.6057,,
2015,356,India,894,"Baby carriages, toys, games & sporting goods",0.1885,,
2015,356,India,895,"Office & stationery supplies, n.e.s.",1.1202,,
2015,356,India,896,"Works of art, collectors' pieces & antiques",0.3535,,
2015,356,India,897,"Jewellery & articles of precious materia., n.e.s.",4.9032,,
2015,356,India,898,"Musical instruments, parts; records, tapes & similar",0.2176,,
2015,356,India,899,"Miscellaneous manufactured articles, n.e.s.",0.5244,,
2015,356,India,961,"Coin (other than gold coin), not being legal tender",0.0107,,
2015,356,India,971,"Gold, non-monetary (excluding gold ores and concentrates)",0.9814,,
2016,356,India,001,Live animals other than animals of division 03,0.1045,,
2016,356,India,011,"Meat of bovine animals, fresh, chilled or frozen",5.4353,,
2016,356,India,012,Other meat and edible meat offal,0.2119,,
2016,356,India,016,"Meat, edible meat offal, salted, dried; flours, meals",0.0009,,
2016,356,India,017,"Meat, edible meat offal, prepared, preserved, n.e.s.",0.0043,,
2016,356,India,022,"Milk, cream and milk products (excluding butter, cheese)",0.1047,,
2016,356,India,023,Butter and other fats and oils derived from milk,0.3718,,
2016,356,India,024,Cheese and curd,0.0532,,
2016,356,India,025,"Birds' eggs, and eggs' yolks; egg albumin",1.0549,,
2016,356,India,034,"Fish, fresh (live or dead), chilled or frozen",0.8189,,
2016,356,India,035,"Fish, dried, salted or in brine; smoked fish",0.7333,,
2016,356,India,036,"Crustaceans, mollusks and aquatic invertebrates",6.7376,,
2016,356,India,037,"Fish, aqua. invertebrates, prepared, preserved, n.e.s.",0.7059,,
2016,356,India,041,"Wheat (including spelt) and meslin, unmilled",0.0827,,
2016,356,India,042,Rice,15.7549,,
2016,356,India,043,"Barley, unmilled",0.0062,,
2016,356,India,044,"Maize (not including sweet corn), unmilled",0.2725,,
2016,356,India,045,"Cereals, unmilled (excluding wheat, rice, barley, maize)",0.9572,,
2016,356,India,046,Meal and flour of wheat and flour of meslin,1.08,,
2016,356,India,047,Other cereal meals and flour,1.3719,,
2016,356,India,048,"Cereal preparations, flour of fruits or vegetables",0.5033,,
2016,356,India,054,Vegetables,0.8861,,
2016,356,India,056,"Vegetables, roots, tubers, prepared, preserved, n.e.s.",0.765,,
2016,356,India,057,"Fruits and nuts (excluding oil nuts), fresh or dried",0.8892,,
2016,356,India,058,"Fruit, preserved, and fruit preparations (no juice)",0.8054,,
2016,356,India,059,"Fruit and vegetable juices, unfermented, no spirit",0.0349,,
2016,356,India,061,"Sugar, molasses and honey",2.7582,,
2016,356,India,062,Sugar confectionery,0.5345,,
2016,356,India,071,Coffee and coffee substitutes,1.3889,,
2016,356,India,072,Cocoa,0.1681,,
2016,356,India,073,"Chocolate, food preparations with cocoa, n.e.s.",0.2704,,
2016,356,India,074,Tea and mate,4.9932,,
2016,356,India,075,Spices,10.2582,,
2016,356,India,081,Feeding stuff for animals (no unmilled cereals),0.6498,,
2016,356,India,091,Margarine and shortening,0.0635,,
2016,356,India,098,"Edible products and preparations, n.e.s.",0.3109,,
2016,356,India,111,"Non-alcoholic beverages, n.e.s.",0.0389,,
2016,356,India,112,Alcoholic beverages,0.1597,,
2016,356,India,121,"Tobacco, unmanufactured; tobacco refuse",3.8145,,
2016,356,India,122,"Tobacco, manufactured",0.6725,,
2016,356,India,211,"Hides and skins (except furskins), raw",0.0079,,
2016,356,India,212,"Furskins, raw, other than hides & skins of group 211",0.0031,,
2016,356,India,222,Oil seeds and oleaginous fruits (excluding flour),1.0704,,
2016,356,India,223,"Oil seeds & oleaginous fruits (incl. flour, n.e.s.)",1.7923,,
2016,356,India,231,"Natural rubber & similar gums, in primary forms",0.1905,,
2016,356,India,232,Synthetic rubber,0.4056,,
2016,356,India,244,"Cork, natural, raw & waste (incl. blocks, sheets)",0.0654,,
2016,356,India,245,Fuel wood (excluding wood waste) and wood charcoal,0.3859,,
2016,356,India,246,Wood in chips or particles and wood waste,0.0004,,
2016,356,India,247,Wood in the rough or roughly squared,0.087,,
2016,356,India,248,"Wood simply worked, and railway sleepers of wood",0.0311,,
2016,356,India,251,Pulp and waste paper,0.0138,,
2016,356,India,261,Silk,1.9533,,
2016,356,India,263,Cotton,6.4981,,
2016,356,India,264,"Jute, other textile bast fibre, n.e.s., not spun; tow",2.7491,,
2016,356,India,265,"Vegetable textile fibres, not spun; waste of them",11.0011,,
2016,356,India,266,Synthetic fibres suitable for spinning,2.4563,,
2016,356,India,267,Other man-made fibres suitable for spinning,4.7303,,
2016,356,India,268,Wool and other animal hair (incl. wool tops),0.3996,,
2016,356,India,269,Worn clothing and other worn textile articles,1.1653,,
2016,356,India,272,Crude fertilizers (excluding those of division 56),0.1783,,
2016,356,India,273,"Stone, sand and gravel",4.928,,
2016,356,India,274,Sulphur and unroasted iron pyrites,1.1389,,
2016,356,India,277,"Natural abrasives, n.e.s. (incl. industri. diamonds)",3.1854,,
2016,356,India,278,Other crude minerals,2.5131,,
2016,356,India,281,Iron ore and concentrates,0.848,,
2016,356,India,282,"Ferrous waste, scrape; remelting ingots, iron, steel",0.0267,,
2016,356,India,283,"Copper ores and concentrates; copper mattes, cemen",0.0461,,
2016,356,India,284,"Nickel ores & concentrates; nickel mattes, etc.",0.0014,,
2016,356,India,285,Aluminium ores and concentrates (incl. alumina),2.4926,,
2016,356,India,287,"Ores and concentrates of base metals, n.e.s.",0.3701,,
2016,356,India,288,"Non-ferrous base metal waste and scrap, n.e.s.",0.055,,
2016,356,India,289,"Ores & concentrates of precious metals; waste, scrap",1.71,,
2016,356,India,291,"Crude animal materials, n.e.s.",0.6466,,
2016,356,India,292,"Crude vegetable materials, n.e.s.",1.9583,,
2016,356,India,321,"Coal, whether or not pulverized, not agglomerated",0.038,,
2016,356,India,322,"Briquettes, lignites and peat",0.0317,,
2016,356,India,325,"Coke & semi-cokes of coal, lign., peat; retort carbon",0.2457,,
2016,356,India,334,Petroleum oils or bituminous minerals > 70 % oil,3.1381,,
2016,356,India,335,"Residual petroleum products, n.e.s., related mater.",0.8628,,
2016,356,India,342,Liquefied propane and butane,0,,
2016,356,India,343,"Natural gas, whether or not liquefied",0.0101,,
2016,356,India,344,"Petroleum gases, other gaseous hydrocarbons, n.e.s.",1.5486,,
2016,356,India,345,"Coal gas, water gas & similar gases (excludinghydrocar.)",0.0056,,
2016,356,India,351,Electric current,0.1465,,
2016,356,India,411,Animals oils and fats,0.4052,,
2016,356,India,421,"Fixed vegetable fats & oils, crude, refined, fractio.",0.0822,,
2016,356,India,422,"Fixed vegetable fats & oils, crude, refined, fract.",1.0862,,
2016,356,India,431,"Animal or veg. oils & fats, processed, n.e.s.; mixt.",1.0349,,
2016,356,India,511,"Hydrocarbons, n.e.s., & halogenated, nitr. derivative",1.4577,,
2016,356,India,512,"Alcohols, phenols, halogenat., sulfonat., nitrat. der.",1.4225,,
2016,356,India,513,"Carboxylic acids, anhydrides, halides, per.; derivati.",2.3248,,
2016,356,India,514,Nitrogen-function compounds,2.0197,,
2016,356,India,515,"Organo-inorganic, heterocycl. compounds, nucl. acids",1.656,,
2016,356,India,516,Other organic chemicals,3.7651,,
2016,356,India,522,"Inorganic chemical elements, oxides & halogen salts",0.5086,,
2016,356,India,523,"Metallic salts & peroxysalts, of inorganic acids",1.2641,,
2016,356,India,524,Other inorganic chemicals,0.3384,,
2016,356,India,525,Radio-actives and associated materials,0.0696,,
2016,356,India,531,Synth. organic colouring matter & colouring lakes,9.5916,,
2016,356,India,532,"Dyeing & tanning extracts, synth. tanning materials",1.6016,,
2016,356,India,533,"Pigments, paints, varnishes and related materials",0.567,,
2016,356,India,541,"Medicinal and pharmaceutical products, excluding 542",0.7851,,
2016,356,India,542,Medicaments (incl. veterinary medicaments),2.2282,,
2016,356,India,551,"Essential oils, perfume & flavour materials",1.8951,,
2016,356,India,553,"Perfumery, cosmetics or toilet prepar. (excluding soaps)",0.4722,,
2016,356,India,554,"Soaps, cleansing and polishing preparations",0.6337,,
2016,356,India,562,Fertilizers (other than those of group 272),0.0913,,
2016,356,India,571,"Polymers of ethylene, in primary forms",0.1763,,
2016,356,India,572,"Polymers of styrene, in primary forms",0.3858,,
2016,356,India,573,Polymers of vinyl chloride or halogenated olefins,0.303,,
2016,356,India,574,"Polyethers, epoxide resins; polycarbonat., polyesters",1.1429,,
2016,356,India,575,"Other plastics, in primary forms",0.6612,,
2016,356,India,579,"Waste, parings and scrap, of plastics",0.0285,,
2016,356,India,581,"Tubes, pipes and hoses of plastics",0.4042,,
2016,356,India,582,"Plates, sheets, films, foil & strip, of plastics",0.6287,,
2016,356,India,583,"Monofilaments, of plastics, cross-section > 1mm",0.5108,,
2016,356,India,591,"Insectides &  similar products, for retail sale",4.1688,,
2016,356,India,592,"Starche, wheat gluten; albuminoidal substances; glues",0.5567,,
2016,356,India,593,Explosives and pyrotechnic products,0.7387,,
2016,356,India,597,"Prepared addit. for miner. oils; lubricat., de-icing",0.4443,,
2016,356,India,598,"Miscellaneous chemical products, n.e.s.",0.4027,,
2016,356,India,611,Leather,2.6937,,
2016,356,India,612,"Manufactures of leather, n.e.s.; saddlery & harness",2.6285,,
2016,356,India,613,"Furskins, tanned or dressed, excluding those of 8483",0.0152,,
2016,356,India,621,"Materials of rubber (pastes, plates, sheets, etc.)",0.6026,,
2016,356,India,625,"Rubber tyres, tyre treads or flaps & inner tubes",1.2395,,
2016,356,India,629,"Articles of rubber, n.e.s.",1.0181,,
2016,356,India,633,Cork manufactures,0.0821,,
2016,356,India,634,"Veneers, plywood, and other wood, worked, n.e.s.",0.132,,
2016,356,India,635,"Wood manufacture, n.e.s.",0.5698,,
2016,356,India,641,Paper and paperboard,0.3913,,
2016,356,India,642,"Paper & paperboard, cut to shape or size, articles",0.5263,,
2016,356,India,651,Textile yarn,6.2945,,
2016,356,India,652,"Cotton fabrics, woven",3.5787,,
2016,356,India,653,"Fabrics, woven, of man-made fabrics",2.4807,,
2016,356,India,654,"Other textile fabrics, woven",1.9112,,
2016,356,India,655,"Knitted or crocheted fabrics, n.e.s.",0.4996,,
2016,356,India,656,"Tulles, trimmings, lace, ribbons & other small wares",2.0238,,
2016,356,India,657,"Special yarn, special textile fabrics & related",0.8284,,
2016,356,India,658,"Made-up articles, of textile materials, n.e.s.",4.9554,,
2016,356,India,659,"Floor coverings, etc.",6.846,,
2016,356,India,661,"Lime, cement, fabrica. constr. mat. (excludingglass, clay)",2.6782,,
2016,356,India,662,"Clay construction, refracto. construction materials",1.9785,,
2016,356,India,663,"Mineral manufactures, n.e.s.",0.6421,,
2016,356,India,664,Glass,0.2519,,
2016,356,India,665,Glassware,1.1571,,
2016,356,India,666,Pottery,0.1356,,
2016,356,India,667,"Pearls, precious & semi-precious stones",9.8674,,
2016,356,India,671,"Pig iron & spiegeleisen, sponge iron, powder & granu",3.0128,,
2016,356,India,672,"Ingots, primary forms, of iron or steel; semi-finis.",1.8011,,
2016,356,India,673,"Flat-rolled prod., iron, non-alloy steel, not coated",1.6217,,
2016,356,India,674,"Flat-rolled prod., iron, non-alloy steel, coated, clad",1.8345,,
2016,356,India,675,Flat-rolled products of alloy steel,0.711,,
2016,356,India,676,"Iron & steel bars, rods, angles, shapes & sections",0.7745,,
2016,356,India,677,"Rails & railway track construction mat., iron, steel",1.116,,
2016,356,India,678,Wire of iron or steel,1.5662,,
2016,356,India,679,"Tubes, pipes & hollow profiles, fittings, iron, steel",1.7481,,
2016,356,India,681,"Silver, platinum, other metals of the platinum group",0.0184,,
2016,356,India,682,Copper,1.0621,,
2016,356,India,683,Nickel,0.5692,,
2016,356,India,684,Aluminium,1.1095,,
2016,356,India,685,Lead,1.5938,,
2016,356,India,686,Zinc,2.2762,,
2016,356,India,687,Tin,0.3075,,
2016,356,India,689,Miscellaneous no-ferrous base metals for metallur.,0.1517,,
2016,356,India,691,"Structures & parts, n.e.s., of iron, steel, aluminium",0.8794,,
2016,356,India,692,Metal containers for storage or transport,0.7741,,
2016,356,India,693,Wire products (excluding electrical) and fencing grills,1.5673,,
2016,356,India,694,"Nails, screws, nuts, bolts, rivets & the like, of metal",0.8221,,
2016,356,India,695,Tools for use in the hand or in machine,0.8163,,
2016,356,India,696,Cutlery,0.6804,,
2016,356,India,697,"Household equipment of base metal, n.e.s.",1.406,,
2016,356,India,699,"Manufactures of base metal, n.e.s.",1.3479,,
2016,356,India,711,"Vapour generating boilers, auxiliary plant; parts",3.1161,,
2016,356,India,712,"Steam turbines & other vapour turbin., parts, n.e.s.",1.5255,,
2016,356,India,713,"Internal combustion piston engines, parts, n.e.s.",0.7939,,
2016,356,India,714,"Engines & motors, non-electric; parts, n.e.s.",0.3573,,
2016,356,India,716,"Rotating electric plant & parts thereof, n.e.s.",0.6631,,
2016,356,India,718,"Other power generating machinery & parts, n.e.s.",0.5971,,
2016,356,India,721,Agricultural machinery (excluding tractors) & parts,0.2971,,
2016,356,India,722,Tractors (excluding those of 71414 & 74415),3.0213,,
2016,356,India,723,Civil engineering & contractors' plant & equipment,0.6887,,
2016,356,India,724,"Textile & leather machinery, & parts thereof, n.e.s.",0.9947,,
2016,356,India,725,"Paper mill, pulp mill machinery; paper articles man.",0.439,,
2016,356,India,726,"Printing & bookbinding machinery, & parts thereof",0.4061,,
2016,356,India,727,Food-processing machines (excluding domestic),0.8267,,
2016,356,India,728,"Other machinery for particular industries, n.e.s.",0.3843,,
2016,356,India,731,Machine-tools working by removing material,0.1818,,
2016,356,India,733,"Mach.-tools for working metal, excluding removing mate.",0.4652,,
2016,356,India,735,"Parts, n.e.s., & accessories for machines of 731, 733",0.5744,,
2016,356,India,737,Metalworking machinery (excludingmachine-tools) & parts,0.875,,
2016,356,India,741,"Heating & cooling equipment & parts thereof, n.e.s.",0.5294,,
2016,356,India,742,Pumps for liquids,0.7615,,
2016,356,India,743,"Pumps (excluding liquid), gas compressors & fans; centr.",0.5746,,
2016,356,India,744,"Mechanical handling equipment, & parts, n.e.s.",0.3321,,
2016,356,India,745,"Other non-electr. machinery, tools & mechan. appar.",0.3804,,
2016,356,India,746,Ball or roller bearings,0.8304,,
2016,356,India,747,"Appliances for pipes, boiler shells, tanks, vats, etc.",0.8506,,
2016,356,India,748,Transmis. shafts,0.7858,,
2016,356,India,749,"Non-electric parts & accessor. of machinery, n.e.s.",0.5374,,
2016,356,India,751,Office machines,0.1955,,
2016,356,India,752,"Automatic data processing machines, n.e.s.",0.0243,,
2016,356,India,759,"Parts, accessories for machines of groups 751, 752",0.1141,,
2016,356,India,761,"Television receivers, whether or not combined",0.114,,
2016,356,India,762,"Radio-broadcast receivers, whether or not combined",0.075,,
2016,356,India,763,Sound recorders or reproducers,0.0632,,
2016,356,India,764,"Telecommunication equipment, n.e.s.; & parts, n.e.s.",0.1247,,
2016,356,India,771,"Electric power machinery, and parts thereof",0.8338,,
2016,356,India,772,"Apparatus for electrical circuits; board, panels",0.458,,
2016,356,India,773,"Equipment for distributing electricity, n.e.s.",0.4421,,
2016,356,India,774,"Electro-diagnostic appa. for medical sciences, etc.",0.5542,,
2016,356,India,775,"Household type equipment, electrical or not, n.e.s.",0.179,,
2016,356,India,776,Cathode valves & tubes,0.0342,,
2016,356,India,778,"Electrical machinery & apparatus, n.e.s.",0.3099,,
2016,356,India,781,Motor vehicles for the transport of persons,0.562,,
2016,356,India,782,"Motor vehic. for transport of goods, special purpo.",0.3818,,
2016,356,India,783,"Road motor vehicles, n.e.s.",0.366,,
2016,356,India,784,"Parts & accessories of vehicles of 722, 781, 782, 783",0.7406,,
2016,356,India,785,Motorcycles & cycles,2.5775,,
2016,356,India,786,Trailers & semi-trailers,0.1157,,
2016,356,India,791,Railway vehicles & associated equipment,0.4703,,
2016,356,India,792,"Aircraft & associated equipment; spacecraft, etc.",0.8695,,
2016,356,India,793,"Ships, boats & floating structures",1.4791,,
2016,356,India,811,Prefabricated buildings,0.2716,,
2016,356,India,812,"Sanitary, plumbing, heating fixtures, fittings, n.e.s.",0.4361,,
2016,356,India,813,"Lighting fixtures & fittings, n.e.s.",0.1722,,
2016,356,India,821,Furniture & parts,0.4208,,
2016,356,India,831,"Travel goods, handbags & similar containers",1.296,,
2016,356,India,841,"Men's clothing of textile fabrics, not knitted",2.1302,,
2016,356,India,842,"Women's clothing, of textile fabrics",2.6652,,
2016,356,India,843,"Men's or boy's clothing, of textile, knitted, croche.",3.8721,,
2016,356,India,844,"Women's clothing, of textile, knitted or crocheted",1.7131,,
2016,356,India,845,"Articles of apparel, of textile fabrics, n.e.s.",2.5466,,
2016,356,India,846,"Clothing accessories, of textile fabrics",2.0513,,
2016,356,India,848,"Articles of apparel, clothing access., excluding textile",1.9998,,
2016,356,India,851,Footwear,1.3487,,
2016,356,India,871,"Optical instruments & apparatus, n.e.s.",0.036,,
2016,356,India,872,"Instruments & appliances, n.e.s., for medical, etc.",0.3046,,
2016,356,India,873,"Meters & counters, n.e.s.",0.8146,,
2016,356,India,874,"Measuring, analysing & controlling apparatus, n.e.s.",0.3415,,
2016,356,India,881,"Photographic apparatus & equipment, n.e.s.",0.379,,
2016,356,India,882,Cinematographic & photographic supplies,0.0451,,
2016,356,India,883,"Cinematograph films, exposed & developed",16.515,,
2016,356,India,884,"Optical goods, n.e.s.",0.4182,,
2016,356,India,885,Watches & clocks,0.1113,,
2016,356,India,891,Arms & ammunition,0.377,,
2016,356,India,892,Printed matter,0.4563,,
2016,356,India,893,"Articles, n.e.s., of plastics",0.6501,,
2016,356,India,894,"Baby carriages, toys, games & sporting goods",0.1897,,
2016,356,India,895,"Office & stationery supplies, n.e.s.",1.1332,,
2016,356,India,896,"Works of art, collectors' pieces & antiques",0.6874,,
2016,356,India,897,"Jewellery & articles of precious materia., n.e.s.",6.3517,,
2016,356,India,898,"Musical instruments, parts; records, tapes & similar",0.2599,,
2016,356,India,899,"Miscellaneous manufactured articles, n.e.s.",0.5026,,
2016,356,India,961,"Coin (other than gold coin), not being legal tender",0.724,,
2016,356,India,971,"Gold, non-monetary (excluding gold ores and concentrates)",0.7122,,
2017,356,India,001,Live animals other than animals of division 03,0.0705,,
2017,356,India,011,"Meat of bovine animals, fresh, chilled or frozen",5.1652,,
2017,356,India,012,Other meat and edible meat offal,0.2502,,
2017,356,India,016,"Meat, edible meat offal, salted, dried; flours, meals",0.0007,,
2017,356,India,017,"Meat, edible meat offal, prepared, preserved, n.e.s.",0.0059,,
2017,356,India,022,"Milk, cream and milk products (excluding butter, cheese)",0.0764,,
2017,356,India,023,Butter and other fats and oils derived from milk,0.4578,,
2017,356,India,024,Cheese and curd,0.0546,,
2017,356,India,025,"Birds' eggs, and eggs' yolks; egg albumin",0.8777,,
2017,356,India,034,"Fish, fresh (live or dead), chilled or frozen",0.875,,
2017,356,India,035,"Fish, dried, salted or in brine; smoked fish",0.6679,,
2017,356,India,036,"Crustaceans, mollusks and aquatic invertebrates",9.4025,,
2017,356,India,037,"Fish, aqua. invertebrates, prepared, preserved, n.e.s.",0.8212,,
2017,356,India,041,"Wheat (including spelt) and meslin, unmilled",0.083,,
2017,356,India,042,Rice,17.4716,,
2017,356,India,043,"Barley, unmilled",0.0031,,
2017,356,India,044,"Maize (not including sweet corn), unmilled",0.3094,,
2017,356,India,045,"Cereals, unmilled (excluding wheat, rice, barley, maize)",0.8193,,
2017,356,India,046,Meal and flour of wheat and flour of meslin,1.0041,,
2017,356,India,047,Other cereal meals and flour,1.4148,,
2017,356,India,048,"Cereal preparations, flour of fruits or vegetables",0.4679,,
2017,356,India,054,Vegetables,0.8355,,
2017,356,India,056,"Vegetables, roots, tubers, prepared, preserved, n.e.s.",0.7208,,
2017,356,India,057,"Fruits and nuts (excluding oil nuts), fresh or dried",0.921,,
2017,356,India,058,"Fruit, preserved, and fruit preparations (no juice)",1.4628,,
2017,356,India,059,"Fruit and vegetable juices, unfermented, no spirit",0.0501,,
2017,356,India,061,"Sugar, molasses and honey",1.7215,,
2017,356,India,062,Sugar confectionery,0.5911,,
2017,356,India,071,Coffee and coffee substitutes,1.4524,,
2017,356,India,072,Cocoa,0.1353,,
2017,356,India,073,"Chocolate, food preparations with cocoa, n.e.s.",0.2414,,
2017,356,India,074,Tea and mate,5.2237,,
2017,356,India,075,Spices,10.2001,,
2017,356,India,081,Feeding stuff for animals (no unmilled cereals),1.1613,,
2017,356,India,091,Margarine and shortening,0.0803,,
2017,356,India,098,"Edible products and preparations, n.e.s.",0.3059,,
2017,356,India,111,"Non-alcoholic beverages, n.e.s.",0.0449,,
2017,356,India,112,Alcoholic beverages,0.157,,
2017,356,India,121,"Tobacco, unmanufactured; tobacco refuse",3.4546,,
2017,356,India,122,"Tobacco, manufactured",0.6082,,
2017,356,India,211,"Hides and skins (except furskins), raw",0.014,,
2017,356,India,212,"Furskins, raw, other than hides & skins of group 211",0.0004,,
2017,356,India,222,Oil seeds and oleaginous fruits (excluding flour),0.978,,
2017,356,India,223,"Oil seeds & oleaginous fruits (incl. flour, n.e.s.)",1.3719,,
2017,356,India,231,"Natural rubber & similar gums, in primary forms",0.1527,,
2017,356,India,232,Synthetic rubber,0.3801,,
2017,356,India,244,"Cork, natural, raw & waste (incl. blocks, sheets)",0.0684,,
2017,356,India,245,Fuel wood (excluding wood waste) and wood charcoal,0.4832,,
2017,356,India,246,Wood in chips or particles and wood waste,0.0003,,
2017,356,India,247,Wood in the rough or roughly squared,0.2642,,
2017,356,India,248,"Wood simply worked, and railway sleepers of wood",0.0187,,
2017,356,India,251,Pulp and waste paper,0.0023,,
2017,356,India,261,Silk,1.6579,,
2017,356,India,263,Cotton,6.7296,,
2017,356,India,264,"Jute, other textile bast fibre, n.e.s., not spun; tow",2.4381,,
2017,356,India,265,"Vegetable textile fibres, not spun; waste of them",11.6917,,
2017,356,India,266,Synthetic fibres suitable for spinning,2.3478,,
2017,356,India,267,Other man-made fibres suitable for spinning,5.5624,,
2017,356,India,268,Wool and other animal hair (incl. wool tops),0.3209,,
2017,356,India,269,Worn clothing and other worn textile articles,1.162,,
2017,356,India,272,Crude fertilizers (excluding those of division 56),0.2201,,
2017,356,India,273,"Stone, sand and gravel",5.1029,,
2017,356,India,274,Sulphur and unroasted iron pyrites,1.0641,,
2017,356,India,277,"Natural abrasives, n.e.s. (incl. industri. diamonds)",1.6216,,
2017,356,India,278,Other crude minerals,2.4221,,
2017,356,India,281,Iron ore and concentrates,1.0009,,
2017,356,India,282,"Ferrous waste, scrape; remelting ingots, iron, steel",0.0125,,
2017,356,India,283,"Copper ores and concentrates; copper mattes, cemen",0.056,,
2017,356,India,284,"Nickel ores & concentrates; nickel mattes, etc.",0.0018,,
2017,356,India,285,Aluminium ores and concentrates (incl. alumina),2.1031,,
2017,356,India,286,Ores and concentrates of uranium or thorium,0.0001,,
2017,356,India,287,"Ores and concentrates of base metals, n.e.s.",0.3312,,
2017,356,India,288,"Non-ferrous base metal waste and scrap, n.e.s.",0.0572,,
2017,356,India,289,"Ores & concentrates of precious metals; waste, scrap",1.7693,,
2017,356,India,291,"Crude animal materials, n.e.s.",0.6209,,
2017,356,India,292,"Crude vegetable materials, n.e.s.",1.7722,,
2017,356,India,321,"Coal, whether or not pulverized, not agglomerated",0.0454,,
2017,356,India,322,"Briquettes, lignites and peat",0.0658,,
2017,356,India,325,"Coke & semi-cokes of coal, lign., peat; retort carbon",0.1182,,
2017,356,India,334,Petroleum oils or bituminous minerals > 70 % oil,3.1454,,
2017,356,India,335,"Residual petroleum products, n.e.s., related mater.",0.8039,,
2017,356,India,342,Liquefied propane and butane,0,,
2017,356,India,343,"Natural gas, whether or not liquefied",0.0087,,
2017,356,India,344,"Petroleum gases, other gaseous hydrocarbons, n.e.s.",1.7117,,
2017,356,India,351,Electric current,0.0759,,
2017,356,India,411,Animals oils and fats,0.7384,,
2017,356,India,421,"Fixed vegetable fats & oils, crude, refined, fractio.",0.0823,,
2017,356,India,422,"Fixed vegetable fats & oils, crude, refined, fract.",1.2665,,
2017,356,India,431,"Animal or veg. oils & fats, processed, n.e.s.; mixt.",1.1753,,
2017,356,India,511,"Hydrocarbons, n.e.s., & halogenated, nitr. derivative",2.128,,
2017,356,India,512,"Alcohols, phenols, halogenat., sulfonat., nitrat. der.",1.1182,,
2017,356,India,513,"Carboxylic acids, anhydrides, halides, per.; derivati.",2.0892,,
2017,356,India,514,Nitrogen-function compounds,2.0247,,
2017,356,India,515,"Organo-inorganic, heterocycl. compounds, nucl. acids",1.7812,,
2017,356,India,516,Other organic chemicals,3.3503,,
2017,356,India,522,"Inorganic chemical elements, oxides & halogen salts",0.5967,,
2017,356,India,523,"Metallic salts & peroxysalts, of inorganic acids",1.3419,,
2017,356,India,524,Other inorganic chemicals,0.4031,,
2017,356,India,525,Radio-actives and associated materials,0.1286,,
2017,356,India,531,Synth. organic colouring matter & colouring lakes,9.9482,,
2017,356,India,532,"Dyeing & tanning extracts, synth. tanning materials",1.9735,,
2017,356,India,533,"Pigments, paints, varnishes and related materials",0.548,,
2017,356,India,541,"Medicinal and pharmaceutical products, excluding 542",0.665,,
2017,356,India,542,Medicaments (incl. veterinary medicaments),2.0532,,
2017,356,India,551,"Essential oils, perfume & flavour materials",2.1192,,
2017,356,India,553,"Perfumery, cosmetics or toilet prepar. (excluding soaps)",0.4685,,
2017,356,India,554,"Soaps, cleansing and polishing preparations",0.6131,,
2017,356,India,562,Fertilizers (other than those of group 272),0.0825,,
2017,356,India,571,"Polymers of ethylene, in primary forms",0.3415,,
2017,356,India,572,"Polymers of styrene, in primary forms",0.3064,,
2017,356,India,573,Polymers of vinyl chloride or halogenated olefins,0.3463,,
2017,356,India,574,"Polyethers, epoxide resins; polycarbonat., polyesters",1.2919,,
2017,356,India,575,"Other plastics, in primary forms",0.5441,,
2017,356,India,579,"Waste, parings and scrap, of plastics",0.0338,,
2017,356,India,581,"Tubes, pipes and hoses of plastics",0.367,,
2017,356,India,582,"Plates, sheets, films, foil & strip, of plastics",0.6693,,
2017,356,India,583,"Monofilaments, of plastics, cross-section > 1mm",0.4845,,
2017,356,India,591,"Insectides &  similar products, for retail sale",4.2889,,
2017,356,India,592,"Starche, wheat gluten; albuminoidal substances; glues",0.46,,
2017,356,India,593,Explosives and pyrotechnic products,0.8423,,
2017,356,India,597,"Prepared addit. for miner. oils; lubricat., de-icing",0.4296,,
2017,356,India,598,"Miscellaneous chemical products, n.e.s.",0.409,,
2017,356,India,611,Leather,2.1136,,
2017,356,India,612,"Manufactures of leather, n.e.s.; saddlery & harness",2.6005,,
2017,356,India,613,"Furskins, tanned or dressed, excluding those of 8483",0.0147,,
2017,356,India,621,"Materials of rubber (pastes, plates, sheets, etc.)",0.6954,,
2017,356,India,625,"Rubber tyres, tyre treads or flaps & inner tubes",1.3115,,
2017,356,India,629,"Articles of rubber, n.e.s.",1.0345,,
2017,356,India,633,Cork manufactures,0.0869,,
2017,356,India,634,"Veneers, plywood, and other wood, worked, n.e.s.",0.0992,,
2017,356,India,635,"Wood manufacture, n.e.s.",0.5088,,
2017,356,India,641,Paper and paperboard,0.536,,
2017,356,India,642,"Paper & paperboard, cut to shape or size, articles",0.2814,,
2017,356,India,651,Textile yarn,6.2615,,
2017,356,India,652,"Cotton fabrics, woven",3.6052,,
2017,356,India,653,"Fabrics, woven, of man-made fabrics",2.4609,,
2017,356,India,654,"Other textile fabrics, woven",1.7074,,
2017,356,India,655,"Knitted or crocheted fabrics, n.e.s.",0.5432,,
2017,356,India,656,"Tulles, trimmings, lace, ribbons & other small wares",1.9892,,
2017,356,India,657,"Special yarn, special textile fabrics & related",0.7192,,
2017,356,India,658,"Made-up articles, of textile materials, n.e.s.",5.0205,,
2017,356,India,659,"Floor coverings, etc.",6.4027,,
2017,356,India,661,"Lime, cement, fabrica. constr. mat. (excludingglass, clay)",2.6787,,
2017,356,India,662,"Clay construction, refracto. construction materials",2.0991,,
2017,356,India,663,"Mineral manufactures, n.e.s.",0.6426,,
2017,356,India,664,Glass,0.2381,,
2017,356,India,665,Glassware,1.1444,,
2017,356,India,666,Pottery,0.1435,,
2017,356,India,667,"Pearls, precious & semi-precious stones",9.8869,,
2017,356,India,671,"Pig iron & spiegeleisen, sponge iron, powder & granu",4.2775,,
2017,356,India,672,"Ingots, primary forms, of iron or steel; semi-finis.",2.3674,,
2017,356,India,673,"Flat-rolled prod., iron, non-alloy steel, not coated",3.1484,,
2017,356,India,674,"Flat-rolled prod., iron, non-alloy steel, coated, clad",1.8243,,
2017,356,India,675,Flat-rolled products of alloy steel,0.7603,,
2017,356,India,676,"Iron & steel bars, rods, angles, shapes & sections",1.1955,,
2017,356,India,677,"Rails & railway track construction mat., iron, steel",2.2567,,
2017,356,India,678,Wire of iron or steel,1.7511,,
2017,356,India,679,"Tubes, pipes & hollow profiles, fittings, iron, steel",1.7498,,
2017,356,India,681,"Silver, platinum, other metals of the platinum group",0.0375,,
2017,356,India,682,Copper,1.3785,,
2017,356,India,683,Nickel,0.1443,,
2017,356,India,684,Aluminium,1.3958,,
2017,356,India,685,Lead,2.7309,,
2017,356,India,686,Zinc,3.3531,,
2017,356,India,687,Tin,0.1309,,
2017,356,India,689,Miscellaneous no-ferrous base metals for metallur.,0.1566,,
2017,356,India,691,"Structures & parts, n.e.s., of iron, steel, aluminium",0.9446,,
2017,356,India,692,Metal containers for storage or transport,0.8197,,
2017,356,India,693,Wire products (excluding electrical) and fencing grills,1.3344,,
2017,356,India,694,"Nails, screws, nuts, bolts, rivets & the like, of metal",0.7893,,
2017,356,India,695,Tools for use in the hand or in machine,0.7866,,
2017,356,India,696,Cutlery,0.6934,,
2017,356,India,697,"Household equipment of base metal, n.e.s.",1.2112,,
2017,356,India,699,"Manufactures of base metal, n.e.s.",1.3332,,
2017,356,India,711,"Vapour generating boilers, auxiliary plant; parts",2.5968,,
2017,356,India,712,"Steam turbines & other vapour turbin., parts, n.e.s.",1.3881,,
2017,356,India,713,"Internal combustion piston engines, parts, n.e.s.",0.8665,,
2017,356,India,714,"Engines & motors, non-electric; parts, n.e.s.",0.9071,,
2017,356,India,716,"Rotating electric plant & parts thereof, n.e.s.",0.6768,,
2017,356,India,718,"Other power generating machinery & parts, n.e.s.",0.6763,,
2017,356,India,721,Agricultural machinery (excluding tractors) & parts,0.3019,,
2017,356,India,722,Tractors (excluding those of 71414 & 74415),2.0409,,
2017,356,India,723,Civil engineering & contractors' plant & equipment,0.7729,,
2017,356,India,724,"Textile & leather machinery, & parts thereof, n.e.s.",1.0789,,
2017,356,India,725,"Paper mill, pulp mill machinery; paper articles man.",0.5372,,
2017,356,India,726,"Printing & bookbinding machinery, & parts thereof",0.4287,,
2017,356,India,727,Food-processing machines (excluding domestic),0.8924,,
2017,356,India,728,"Other machinery for particular industries, n.e.s.",0.3634,,
2017,356,India,731,Machine-tools working by removing material,0.1958,,
2017,356,India,733,"Mach.-tools for working metal, excluding removing mate.",0.3511,,
2017,356,India,735,"Parts, n.e.s., & accessories for machines of 731, 733",0.6298,,
2017,356,India,737,Metalworking machinery (excludingmachine-tools) & parts,0.7644,,
2017,356,India,741,"Heating & cooling equipment & parts thereof, n.e.s.",0.5179,,
2017,356,India,742,Pumps for liquids,0.8701,,
2017,356,India,743,"Pumps (excluding liquid), gas compressors & fans; centr.",0.5691,,
2017,356,India,744,"Mechanical handling equipment, & parts, n.e.s.",0.2405,,
2017,356,India,745,"Other non-electr. machinery, tools & mechan. appar.",0.3802,,
2017,356,India,746,Ball or roller bearings,0.9708,,
2017,356,India,747,"Appliances for pipes, boiler shells, tanks, vats, etc.",0.8673,,
2017,356,India,748,Transmis. shafts,0.8895,,
2017,356,India,749,"Non-electric parts & accessor. of machinery, n.e.s.",0.7828,,
2017,356,India,751,Office machines,0.417,,
2017,356,India,752,"Automatic data processing machines, n.e.s.",0.0262,,
2017,356,India,759,"Parts, accessories for machines of groups 751, 752",0.1306,,
2017,356,India,761,"Television receivers, whether or not combined",0.0387,,
2017,356,India,762,"Radio-broadcast receivers, whether or not combined",0.11,,
2017,356,India,763,Sound recorders or reproducers,0.0813,,
2017,356,India,764,"Telecommunication equipment, n.e.s.; & parts, n.e.s.",0.0983,,
2017,356,India,771,"Electric power machinery, and parts thereof",0.7753,,
2017,356,India,772,"Apparatus for electrical circuits; board, panels",0.454,,
2017,356,India,773,"Equipment for distributing electricity, n.e.s.",0.4394,,
2017,356,India,774,"Electro-diagnostic appa. for medical sciences, etc.",0.4909,,
2017,356,India,775,"Household type equipment, electrical or not, n.e.s.",0.1643,,
2017,356,India,776,Cathode valves & tubes,0.0348,,
2017,356,India,778,"Electrical machinery & apparatus, n.e.s.",0.3378,,
2017,356,India,781,Motor vehicles for the transport of persons,0.533,,
2017,356,India,782,"Motor vehic. for transport of goods, special purpo.",0.4086,,
2017,356,India,783,"Road motor vehicles, n.e.s.",0.4139,,
2017,356,India,784,"Parts & accessories of vehicles of 722, 781, 782, 783",0.7316,,
2017,356,India,785,Motorcycles & cycles,2.7229,,
2017,356,India,786,Trailers & semi-trailers,0.1344,,
2017,356,India,791,Railway vehicles & associated equipment,0.6811,,
2017,356,India,792,"Aircraft & associated equipment; spacecraft, etc.",0.6737,,
2017,356,India,793,"Ships, boats & floating structures",2.0006,,
2017,356,India,811,Prefabricated buildings,0.2478,,
2017,356,India,812,"Sanitary, plumbing, heating fixtures, fittings, n.e.s.",0.3887,,
2017,356,India,813,"Lighting fixtures & fittings, n.e.s.",0.1736,,
2017,356,India,821,Furniture & parts,0.4191,,
2017,356,India,831,"Travel goods, handbags & similar containers",1.2368,,
2017,356,India,841,"Men's clothing of textile fabrics, not knitted",1.9943,,
2017,356,India,842,"Women's clothing, of textile fabrics",2.4202,,
2017,356,India,843,"Men's or boy's clothing, of textile, knitted, croche.",4.3229,,
2017,356,India,844,"Women's clothing, of textile, knitted or crocheted",1.6395,,
2017,356,India,845,"Articles of apparel, of textile fabrics, n.e.s.",2.4474,,
2017,356,India,846,"Clothing accessories, of textile fabrics",1.7751,,
2017,356,India,848,"Articles of apparel, clothing access., excluding textile",1.8019,,
2017,356,India,851,Footwear,1.2533,,
2017,356,India,871,"Optical instruments & apparatus, n.e.s.",0.0322,,
2017,356,India,872,"Instruments & appliances, n.e.s., for medical, etc.",0.3001,,
2017,356,India,873,"Meters & counters, n.e.s.",1.2274,,
2017,356,India,874,"Measuring, analysing & controlling apparatus, n.e.s.",0.3055,,
2017,356,India,881,"Photographic apparatus & equipment, n.e.s.",0.1761,,
2017,356,India,882,Cinematographic & photographic supplies,0.0513,,
2017,356,India,883,"Cinematograph films, exposed & developed",5.2435,,
2017,356,India,884,"Optical goods, n.e.s.",0.4492,,
2017,356,India,885,Watches & clocks,0.0969,,
2017,356,India,891,Arms & ammunition,0.462,,
2017,356,India,892,Printed matter,0.4139,,
2017,356,India,893,"Articles, n.e.s., of plastics",0.5863,,
2017,356,India,894,"Baby carriages, toys, games & sporting goods",0.1575,,
2017,356,India,895,"Office & stationery supplies, n.e.s.",1.0926,,
2017,356,India,896,"Works of art, collectors' pieces & antiques",0.2037,,
2017,356,India,897,"Jewellery & articles of precious materia., n.e.s.",6.318,,
2017,356,India,898,"Musical instruments, parts; records, tapes & similar",0.2287,,
2017,356,India,899,"Miscellaneous manufactured articles, n.e.s.",0.4812,,
2017,356,India,961,"Coin (other than gold coin), not being legal tender",0.2647,,
2017,356,India,971,"Gold, non-monetary (excluding gold ores and concentrates)",0.3895,,
2018,356,India,001,Live animals other than animals of division 03,0.0774,,
2018,356,India,011,"Meat of bovine animals, fresh, chilled or frozen",4.0217,,
2018,356,India,012,Other meat and edible meat offal,0.2815,,
2018,356,India,016,"Meat, edible meat offal, salted, dried; flours, meals",0.0063,,
2018,356,India,017,"Meat, edible meat offal, prepared, preserved, n.e.s.",0.0049,,
2018,356,India,022,"Milk, cream and milk products (excluding butter, cheese)",0.1524,,
2018,356,India,023,Butter and other fats and oils derived from milk,0.7488,,
2018,356,India,024,Cheese and curd,0.0643,,
2018,356,India,025,"Birds' eggs, and eggs' yolks; egg albumin",0.9747,,
2018,356,India,034,"Fish, fresh (live or dead), chilled or frozen",0.8335,,
2018,356,India,035,"Fish, dried, salted or in brine; smoked fish",0.8415,,
2018,356,India,036,"Crustaceans, mollusks and aquatic invertebrates",9.1096,,
2018,356,India,037,"Fish, aqua. invertebrates, prepared, preserved, n.e.s.",0.8034,,
2018,356,India,041,"Wheat (including spelt) and meslin, unmilled",0.0674,,
2018,356,India,042,Rice,16.988,,
2018,356,India,043,"Barley, unmilled",0.0118,,
2018,356,India,044,"Maize (not including sweet corn), unmilled",0.4454,,
2018,356,India,045,"Cereals, unmilled (excluding wheat, rice, barley, maize)",1.3066,,
2018,356,India,046,Meal and flour of wheat and flour of meslin,1.1843,,
2018,356,India,047,Other cereal meals and flour,1.5616,,
2018,356,India,048,"Cereal preparations, flour of fruits or vegetables",0.4322,,
2018,356,India,054,Vegetables,0.9423,,
2018,356,India,056,"Vegetables, roots, tubers, prepared, preserved, n.e.s.",0.7416,,
2018,356,India,057,"Fruits and nuts (excluding oil nuts), fresh or dried",0.7366,,
2018,356,India,058,"Fruit, preserved, and fruit preparations (no juice)",1.4284,,
2018,356,India,059,"Fruit and vegetable juices, unfermented, no spirit",0.0404,,
2018,356,India,061,"Sugar, molasses and honey",2.1688,,
2018,356,India,062,Sugar confectionery,0.5627,,
2018,356,India,071,Coffee and coffee substitutes,1.3266,,
2018,356,India,072,Cocoa,0.1573,,
2018,356,India,073,"Chocolate, food preparations with cocoa, n.e.s.",0.2862,,
2018,356,India,074,Tea and mate,5.032,,
2018,356,India,075,Spices,10.0938,,
2018,356,India,081,Feeding stuff for animals (no unmilled cereals),1.1957,,
2018,356,India,091,Margarine and shortening,0.0485,,
2018,356,India,098,"Edible products and preparations, n.e.s.",0.3229,,
2018,356,India,111,"Non-alcoholic beverages, n.e.s.",0.0455,,
2018,356,India,112,Alcoholic beverages,0.1496,,
2018,356,India,121,"Tobacco, unmanufactured; tobacco refuse",3.5334,,
2018,356,India,122,"Tobacco, manufactured",0.6337,,
2018,356,India,211,"Hides and skins (except furskins), raw",0.0149,,
2018,356,India,212,"Furskins, raw, other than hides & skins of group 211",0.0005,,
2018,356,India,222,Oil seeds and oleaginous fruits (excluding flour),0.8444,,
2018,356,India,223,"Oil seeds & oleaginous fruits (incl. flour, n.e.s.)",0.7956,,
2018,356,India,231,"Natural rubber & similar gums, in primary forms",0.0466,,
2018,356,India,232,Synthetic rubber,0.4611,,
2018,356,India,244,"Cork, natural, raw & waste (incl. blocks, sheets)",0.0635,,
2018,356,India,245,Fuel wood (excluding wood waste) and wood charcoal,0.6422,,
2018,356,India,246,Wood in chips or particles and wood waste,0.0005,,
2018,356,India,247,Wood in the rough or roughly squared,0.1894,,
2018,356,India,248,"Wood simply worked, and railway sleepers of wood",0.012,,
2018,356,India,251,Pulp and waste paper,0.0038,,
2018,356,India,261,Silk,2.3412,,
2018,356,India,263,Cotton,7.6535,,
2018,356,India,264,"Jute, other textile bast fibre, n.e.s., not spun; tow",1.9668,,
2018,356,India,265,"Vegetable textile fibres, not spun; waste of them",10.4271,,
2018,356,India,266,Synthetic fibres suitable for spinning,2.6415,,
2018,356,India,267,Other man-made fibres suitable for spinning,3.1449,,
2018,356,India,268,Wool and other animal hair (incl. wool tops),0.3419,,
2018,356,India,269,Worn clothing and other worn textile articles,1.3094,,
2018,356,India,272,Crude fertilizers (excluding those of division 56),0.2215,,
2018,356,India,273,"Stone, sand and gravel",4.7962,,
2018,356,India,274,Sulphur and unroasted iron pyrites,0.8058,,
2018,356,India,277,"Natural abrasives, n.e.s. (incl. industri. diamonds)",1.7549,,
2018,356,India,278,Other crude minerals,2.8076,,
2018,356,India,281,Iron ore and concentrates,0.7466,,
2018,356,India,282,"Ferrous waste, scrape; remelting ingots, iron, steel",0.0148,,
2018,356,India,283,"Copper ores and concentrates; copper mattes, cemen",0.1195,,
2018,356,India,284,"Nickel ores & concentrates; nickel mattes, etc.",0.0004,,
2018,356,India,285,Aluminium ores and concentrates (incl. alumina),2.2521,,
2018,356,India,287,"Ores and concentrates of base metals, n.e.s.",0.215,,
2018,356,India,288,"Non-ferrous base metal waste and scrap, n.e.s.",0.0812,,
2018,356,India,289,"Ores & concentrates of precious metals; waste, scrap",0.7501,,
2018,356,India,291,"Crude animal materials, n.e.s.",0.6964,,
2018,356,India,292,"Crude vegetable materials, n.e.s.",1.82,,
2018,356,India,321,"Coal, whether or not pulverized, not agglomerated",0.0424,,
2018,356,India,322,"Briquettes, lignites and peat",0.0353,,
2018,356,India,325,"Coke & semi-cokes of coal, lign., peat; retort carbon",0.1364,,
2018,356,India,333,"Petroleum oils, oils from bitumin. materials, crude",0,,
2018,356,India,334,Petroleum oils or bituminous minerals > 70 % oil,3.4616,,
2018,356,India,335,"Residual petroleum products, n.e.s., related mater.",0.9216,,
2018,356,India,342,Liquefied propane and butane,0,,
2018,356,India,343,"Natural gas, whether or not liquefied",0.0101,,
2018,356,India,344,"Petroleum gases, other gaseous hydrocarbons, n.e.s.",1.8839,,
2018,356,India,345,"Coal gas, water gas & similar gases (excludinghydrocar.)",0.0534,,
2018,356,India,351,Electric current,0.3808,,
2018,356,India,411,Animals oils and fats,0.4594,,
2018,356,India,421,"Fixed vegetable fats & oils, crude, refined, fractio.",0.1168,,
2018,356,India,422,"Fixed vegetable fats & oils, crude, refined, fract.",1.318,,
2018,356,India,431,"Animal or veg. oils & fats, processed, n.e.s.; mixt.",1.1924,,
2018,356,India,511,"Hydrocarbons, n.e.s., & halogenated, nitr. derivative",3.2393,,
2018,356,India,512,"Alcohols, phenols, halogenat., sulfonat., nitrat. der.",1.4346,,
2018,356,India,513,"Carboxylic acids, anhydrides, halides, per.; derivati.",2.0366,,
2018,356,India,514,Nitrogen-function compounds,2.3075,,
2018,356,India,515,"Organo-inorganic, heterocycl. compounds, nucl. acids",1.6524,,
2018,356,India,516,Other organic chemicals,3.582,,
2018,356,India,522,"Inorganic chemical elements, oxides & halogen salts",0.5634,,
2018,356,India,523,"Metallic salts & peroxysalts, of inorganic acids",1.3013,,
2018,356,India,524,Other inorganic chemicals,0.5244,,
2018,356,India,525,Radio-actives and associated materials,0.1642,,
2018,356,India,531,Synth. organic colouring matter & colouring lakes,10.9249,,
2018,356,India,532,"Dyeing & tanning extracts, synth. tanning materials",2.3715,,
2018,356,India,533,"Pigments, paints, varnishes and related materials",0.5693,,
2018,356,India,541,"Medicinal and pharmaceutical products, excluding 542",0.6365,,
2018,356,India,542,Medicaments (incl. veterinary medicaments),2.0916,,
2018,356,India,551,"Essential oils, perfume & flavour materials",2.2267,,
2018,356,India,553,"Perfumery, cosmetics or toilet prepar. (excluding soaps)",0.3991,,
2018,356,India,554,"Soaps, cleansing and polishing preparations",0.5998,,
2018,356,India,562,Fertilizers (other than those of group 272),0.1224,,
2018,356,India,571,"Polymers of ethylene, in primary forms",0.7604,,
2018,356,India,572,"Polymers of styrene, in primary forms",0.2793,,
2018,356,India,573,Polymers of vinyl chloride or halogenated olefins,0.4592,,
2018,356,India,574,"Polyethers, epoxide resins; polycarbonat., polyesters",1.4317,,
2018,356,India,575,"Other plastics, in primary forms",0.7137,,
2018,356,India,579,"Waste, parings and scrap, of plastics",0.0696,,
2018,356,India,581,"Tubes, pipes and hoses of plastics",0.4181,,
2018,356,India,582,"Plates, sheets, films, foil & strip, of plastics",0.7694,,
2018,356,India,583,"Monofilaments, of plastics, cross-section > 1mm",0.5325,,
2018,356,India,591,"Insectides &  similar products, for retail sale",4.9788,,
2018,356,India,592,"Starche, wheat gluten; albuminoidal substances; glues",0.5817,,
2018,356,India,593,Explosives and pyrotechnic products,1.0601,,
2018,356,India,597,"Prepared addit. for miner. oils; lubricat., de-icing",0.409,,
2018,356,India,598,"Miscellaneous chemical products, n.e.s.",0.4368,,
2018,356,India,611,Leather,2.0545,,
2018,356,India,612,"Manufactures of leather, n.e.s.; saddlery & harness",2.6949,,
2018,356,India,613,"Furskins, tanned or dressed, excluding those of 8483",0.0298,,
2018,356,India,621,"Materials of rubber (pastes, plates, sheets, etc.)",0.817,,
2018,356,India,625,"Rubber tyres, tyre treads or flaps & inner tubes",1.3745,,
2018,356,India,629,"Articles of rubber, n.e.s.",1.0858,,
2018,356,India,633,Cork manufactures,0.118,,
2018,356,India,634,"Veneers, plywood, and other wood, worked, n.e.s.",0.1149,,
2018,356,India,635,"Wood manufacture, n.e.s.",0.5156,,
2018,356,India,641,Paper and paperboard,0.73,,
2018,356,India,642,"Paper & paperboard, cut to shape or size, articles",0.3285,,
2018,356,India,651,Textile yarn,6.5705,,
2018,356,India,652,"Cotton fabrics, woven",3.9444,,
2018,356,India,653,"Fabrics, woven, of man-made fabrics",2.1151,,
2018,356,India,654,"Other textile fabrics, woven",1.4833,,
2018,356,India,655,"Knitted or crocheted fabrics, n.e.s.",0.6835,,
2018,356,India,656,"Tulles, trimmings, lace, ribbons & other small wares",1.8605,,
2018,356,India,657,"Special yarn, special textile fabrics & related",0.7353,,
2018,356,India,658,"Made-up articles, of textile materials, n.e.s.",5.0525,,
2018,356,India,659,"Floor coverings, etc.",6.1532,,
2018,356,India,661,"Lime, cement, fabrica. constr. mat. (excludingglass, clay)",2.6162,,
2018,356,India,662,"Clay construction, refracto. construction materials",2.7126,,
2018,356,India,663,"Mineral manufactures, n.e.s.",0.7286,,
2018,356,India,664,Glass,0.3731,,
2018,356,India,665,Glassware,1.3091,,
2018,356,India,666,Pottery,0.2643,,
2018,356,India,667,"Pearls, precious & semi-precious stones",10.2777,,
2018,356,India,671,"Pig iron & spiegeleisen, sponge iron, powder & granu",3.6364,,
2018,356,India,672,"Ingots, primary forms, of iron or steel; semi-finis.",2.0538,,
2018,356,India,673,"Flat-rolled prod., iron, non-alloy steel, not coated",1.8239,,
2018,356,India,674,"Flat-rolled prod., iron, non-alloy steel, coated, clad",1.1833,,
2018,356,India,675,Flat-rolled products of alloy steel,0.5972,,
2018,356,India,676,"Iron & steel bars, rods, angles, shapes & sections",1.1533,,
2018,356,India,677,"Rails & railway track construction mat., iron, steel",0.7518,,
2018,356,India,678,Wire of iron or steel,1.7104,,
2018,356,India,679,"Tubes, pipes & hollow profiles, fittings, iron, steel",1.6178,,
2018,356,India,681,"Silver, platinum, other metals of the platinum group",0.0406,,
2018,356,India,682,Copper,0.5325,,
2018,356,India,683,Nickel,0.1397,,
2018,356,India,684,Aluminium,1.8423,,
2018,356,India,685,Lead,3.2102,,
2018,356,India,686,Zinc,2.6717,,
2018,356,India,687,Tin,0.1209,,
2018,356,India,689,Miscellaneous no-ferrous base metals for metallur.,0.1755,,
2018,356,India,691,"Structures & parts, n.e.s., of iron, steel, aluminium",0.9183,,
2018,356,India,692,Metal containers for storage or transport,0.8258,,
2018,356,India,693,Wire products (excluding electrical) and fencing grills,1.5886,,
2018,356,India,694,"Nails, screws, nuts, bolts, rivets & the like, of metal",0.8453,,
2018,356,India,695,Tools for use in the hand or in machine,0.793,,
2018,356,India,696,Cutlery,0.7747,,
2018,356,India,697,"Household equipment of base metal, n.e.s.",1.178,,
2018,356,India,699,"Manufactures of base metal, n.e.s.",1.2531,,
2018,356,India,711,"Vapour generating boilers, auxiliary plant; parts",4.1981,,
2018,356,India,712,"Steam turbines & other vapour turbin., parts, n.e.s.",2.8948,,
2018,356,India,713,"Internal combustion piston engines, parts, n.e.s.",0.859,,
2018,356,India,714,"Engines & motors, non-electric; parts, n.e.s.",1.6037,,
2018,356,India,716,"Rotating electric plant & parts thereof, n.e.s.",0.8267,,
2018,356,India,718,"Other power generating machinery & parts, n.e.s.",0.6785,,
2018,356,India,721,Agricultural machinery (excluding tractors) & parts,0.3602,,
2018,356,India,722,Tractors (excluding those of 71414 & 74415),2.4817,,
2018,356,India,723,Civil engineering & contractors' plant & equipment,0.8363,,
2018,356,India,724,"Textile & leather machinery, & parts thereof, n.e.s.",1.2663,,
2018,356,India,725,"Paper mill, pulp mill machinery; paper articles man.",0.5611,,
2018,356,India,726,"Printing & bookbinding machinery, & parts thereof",0.4862,,
2018,356,India,727,Food-processing machines (excluding domestic),0.856,,
2018,356,India,728,"Other machinery for particular industries, n.e.s.",0.3638,,
2018,356,India,731,Machine-tools working by removing material,0.1796,,
2018,356,India,733,"Mach.-tools for working metal, excluding removing mate.",0.2617,,
2018,356,India,735,"Parts, n.e.s., & accessories for machines of 731, 733",0.733,,
2018,356,India,737,Metalworking machinery (excludingmachine-tools) & parts,0.8048,,
2018,356,India,741,"Heating & cooling equipment & parts thereof, n.e.s.",0.5033,,
2018,356,India,742,Pumps for liquids,0.8547,,
2018,356,India,743,"Pumps (excluding liquid), gas compressors & fans; centr.",0.6233,,
2018,356,India,744,"Mechanical handling equipment, & parts, n.e.s.",0.2974,,
2018,356,India,745,"Other non-electr. machinery, tools & mechan. appar.",0.3782,,
2018,356,India,746,Ball or roller bearings,0.9966,,
2018,356,India,747,"Appliances for pipes, boiler shells, tanks, vats, etc.",0.8549,,
2018,356,India,748,Transmis. shafts,1.0997,,
2018,356,India,749,"Non-electric parts & accessor. of machinery, n.e.s.",0.6262,,
2018,356,India,751,Office machines,0.62,,
2018,356,India,752,"Automatic data processing machines, n.e.s.",0.0326,,
2018,356,India,759,"Parts, accessories for machines of groups 751, 752",0.1032,,
2018,356,India,761,"Television receivers, whether or not combined",0.0306,,
2018,356,India,762,"Radio-broadcast receivers, whether or not combined",0.1667,,
2018,356,India,763,Sound recorders or reproducers,0.1047,,
2018,356,India,764,"Telecommunication equipment, n.e.s.; & parts, n.e.s.",0.2257,,
2018,356,India,771,"Electric power machinery, and parts thereof",0.8629,,
2018,356,India,772,"Apparatus for electrical circuits; board, panels",0.4687,,
2018,356,India,773,"Equipment for distributing electricity, n.e.s.",0.4374,,
2018,356,India,774,"Electro-diagnostic appa. for medical sciences, etc.",0.6242,,
2018,356,India,775,"Household type equipment, electrical or not, n.e.s.",0.1485,,
2018,356,India,776,Cathode valves & tubes,0.0374,,
2018,356,India,778,"Electrical machinery & apparatus, n.e.s.",0.5333,,
2018,356,India,781,Motor vehicles for the transport of persons,0.5649,,
2018,356,India,782,"Motor vehic. for transport of goods, special purpo.",0.5433,,
2018,356,India,783,"Road motor vehicles, n.e.s.",0.2791,,
2018,356,India,784,"Parts & accessories of vehicles of 722, 781, 782, 783",0.7884,,
2018,356,India,785,Motorcycles & cycles,2.9063,,
2018,356,India,786,Trailers & semi-trailers,0.1559,,
2018,356,India,791,Railway vehicles & associated equipment,1.1949,,
2018,356,India,792,"Aircraft & associated equipment; spacecraft, etc.",0.6021,,
2018,356,India,793,"Ships, boats & floating structures",1.7101,,
2018,356,India,811,Prefabricated buildings,0.3257,,
2018,356,India,812,"Sanitary, plumbing, heating fixtures, fittings, n.e.s.",0.4024,,
2018,356,India,813,"Lighting fixtures & fittings, n.e.s.",0.1651,,
2018,356,India,821,Furniture & parts,0.4569,,
2018,356,India,831,"Travel goods, handbags & similar containers",1.2653,,
2018,356,India,841,"Men's clothing of textile fabrics, not knitted",1.6062,,
2018,356,India,842,"Women's clothing, of textile fabrics",2.2032,,
2018,356,India,843,"Men's or boy's clothing, of textile, knitted, croche.",3.3334,,
2018,356,India,844,"Women's clothing, of textile, knitted or crocheted",1.4093,,
2018,356,India,845,"Articles of apparel, of textile fabrics, n.e.s.",2.2034,,
2018,356,India,846,"Clothing accessories, of textile fabrics",1.4988,,
2018,356,India,848,"Articles of apparel, clothing access., excluding textile",1.5933,,
2018,356,India,851,Footwear,1.233,,
2018,356,India,871,"Optical instruments & apparatus, n.e.s.",0.0289,,
2018,356,India,872,"Instruments & appliances, n.e.s., for medical, etc.",0.3167,,
2018,356,India,873,"Meters & counters, n.e.s.",0.7964,,
2018,356,India,874,"Measuring, analysing & controlling apparatus, n.e.s.",0.3281,,
2018,356,India,881,"Photographic apparatus & equipment, n.e.s.",0.1531,,
2018,356,India,882,Cinematographic & photographic supplies,0.0445,,
2018,356,India,883,"Cinematograph films, exposed & developed",0.2408,,
2018,356,India,884,"Optical goods, n.e.s.",0.4555,,
2018,356,India,885,Watches & clocks,0.1089,,
2018,356,India,891,Arms & ammunition,0.3866,,
2018,356,India,892,Printed matter,0.5579,,
2018,356,India,893,"Articles, n.e.s., of plastics",0.5607,,
2018,356,India,894,"Baby carriages, toys, games & sporting goods",0.1971,,
2018,356,India,895,"Office & stationery supplies, n.e.s.",0.971,,
2018,356,India,896,"Works of art, collectors' pieces & antiques",0.2555,,
2018,356,India,897,"Jewellery & articles of precious materia., n.e.s.",5.909,,
2018,356,India,898,"Musical instruments, parts; records, tapes & similar",0.2339,,
2018,356,India,899,"Miscellaneous manufactured articles, n.e.s.",0.4795,,
2018,356,India,961,"Coin (other than gold coin), not being legal tender",0.1098,,
2018,356,India,971,"Gold, non-monetary (excluding gold ores and concentrates)",0.0027,,
2019,356,India,001,Live animals other than animals of division 03,0.04,,
2019,356,India,011,"Meat of bovine animals, fresh, chilled or frozen",3.3962,,
2019,356,India,012,Other meat and edible meat offal,0.2494,,
2019,356,India,016,"Meat, edible meat offal, salted, dried; flours, meals",0.0041,,
2019,356,India,017,"Meat, edible meat offal, prepared, preserved, n.e.s.",0.0071,,
2019,356,India,022,"Milk, cream and milk products (excluding butter, cheese)",0.0622,,
2019,356,India,023,Butter and other fats and oils derived from milk,1.0359,,
2019,356,India,024,Cheese and curd,0.0572,,
2019,356,India,025,"Birds' eggs, and eggs' yolks; egg albumin",0.8914,,
2019,356,India,034,"Fish, fresh (live or dead), chilled or frozen",0.6629,,
2019,356,India,035,"Fish, dried, salted or in brine; smoked fish",0.6491,,
2019,356,India,036,"Crustaceans, mollusks and aquatic invertebrates",9.2543,,
2019,356,India,037,"Fish, aqua. invertebrates, prepared, preserved, n.e.s.",0.8582,,
2019,356,India,041,"Wheat (including spelt) and meslin, unmilled",0.0771,,
2019,356,India,042,Rice,16.4066,,
2019,356,India,043,"Barley, unmilled",0.0055,,
2019,356,India,044,"Maize (not including sweet corn), unmilled",0.2317,,
2019,356,India,045,"Cereals, unmilled (excluding wheat, rice, barley, maize)",1.286,,
2019,356,India,046,Meal and flour of wheat and flour of meslin,1.1555,,
2019,356,India,047,Other cereal meals and flour,1.4085,,
2019,356,India,048,"Cereal preparations, flour of fruits or vegetables",0.4228,,
2019,356,India,054,Vegetables,0.7456,,
2019,356,India,056,"Vegetables, roots, tubers, prepared, preserved, n.e.s.",0.8322,,
2019,356,India,057,"Fruits and nuts (excluding oil nuts), fresh or dried",0.6601,,
2019,356,India,058,"Fruit, preserved, and fruit preparations (no juice)",1.3952,,
2019,356,India,059,"Fruit and vegetable juices, unfermented, no spirit",0.0477,,
2019,356,India,061,"Sugar, molasses and honey",3.7751,,
2019,356,India,062,Sugar confectionery,0.5321,,
2019,356,India,071,Coffee and coffee substitutes,1.2653,,
2019,356,India,072,Cocoa,0.1508,,
2019,356,India,073,"Chocolate, food preparations with cocoa, n.e.s.",0.2626,,
2019,356,India,074,Tea and mate,5.2698,,
2019,356,India,075,Spices,10.3093,,
2019,356,India,081,Feeding stuff for animals (no unmilled cereals),1.0319,,
2019,356,India,091,Margarine and shortening,0.0578,,
2019,356,India,098,"Edible products and preparations, n.e.s.",0.3583,,
2019,356,India,111,"Non-alcoholic beverages, n.e.s.",0.0572,,
2019,356,India,112,Alcoholic beverages,0.1413,,
2019,356,India,121,"Tobacco, unmanufactured; tobacco refuse",3.3942,,
2019,356,India,122,"Tobacco, manufactured",0.6417,,
2019,356,India,211,"Hides and skins (except furskins), raw",0.0088,,
2019,356,India,212,"Furskins, raw, other than hides & skins of group 211",0.0016,,
2019,356,India,222,Oil seeds and oleaginous fruits (excluding flour),0.9503,,
2019,356,India,223,"Oil seeds & oleaginous fruits (incl. flour, n.e.s.)",0.8704,,
2019,356,India,231,"Natural rubber & similar gums, in primary forms",0.0783,,
2019,356,India,232,Synthetic rubber,0.4761,,
2019,356,India,244,"Cork, natural, raw & waste (incl. blocks, sheets)",0.0497,,
2019,356,India,245,Fuel wood (excluding wood waste) and wood charcoal,0.9161,,
2019,356,India,246,Wood in chips or particles and wood waste,0.0002,,
2019,356,India,247,Wood in the rough or roughly squared,0.2267,,
2019,356,India,248,"Wood simply worked, and railway sleepers of wood",0.0091,,
2019,356,India,251,Pulp and waste paper,0.0104,,
2019,356,India,261,Silk,1.986,,
2019,356,India,263,Cotton,3.8682,,
2019,356,India,264,"Jute, other textile bast fibre, n.e.s., not spun; tow",3.7501,,
2019,356,India,265,"Vegetable textile fibres, not spun; waste of them",9.2012,,
2019,356,India,266,Synthetic fibres suitable for spinning,2.6436,,
2019,356,India,267,Other man-made fibres suitable for spinning,2.997,,
2019,356,India,268,Wool and other animal hair (incl. wool tops),0.3222,,
2019,356,India,269,Worn clothing and other worn textile articles,1.2227,,
2019,356,India,272,Crude fertilizers (excluding those of division 56),0.2205,,
2019,356,India,273,"Stone, sand and gravel",4.6752,,
2019,356,India,274,Sulphur and unroasted iron pyrites,0.9821,,
2019,356,India,277,"Natural abrasives, n.e.s. (incl. industri. diamonds)",1.3716,,
2019,356,India,278,Other crude minerals,2.7483,,
2019,356,India,281,Iron ore and concentrates,1.0563,,
2019,356,India,282,"Ferrous waste, scrape; remelting ingots, iron, steel",0.0153,,
2019,356,India,283,"Copper ores and concentrates; copper mattes, cemen",0.4102,,
2019,356,India,284,"Nickel ores & concentrates; nickel mattes, etc.",0.2126,,
2019,356,India,285,Aluminium ores and concentrates (incl. alumina),1.7183,,
2019,356,India,287,"Ores and concentrates of base metals, n.e.s.",0.156,,
2019,356,India,288,"Non-ferrous base metal waste and scrap, n.e.s.",0.1517,,
2019,356,India,289,"Ores & concentrates of precious metals; waste, scrap",0.145,,
2019,356,India,291,"Crude animal materials, n.e.s.",0.5209,,
2019,356,India,292,"Crude vegetable materials, n.e.s.",1.5965,,
2019,356,India,321,"Coal, whether or not pulverized, not agglomerated",0.0455,,
2019,356,India,322,"Briquettes, lignites and peat",0.042,,
2019,356,India,325,"Coke & semi-cokes of coal, lign., peat; retort carbon",0.2152,,
2019,356,India,334,Petroleum oils or bituminous minerals > 70 % oil,3.3144,,
2019,356,India,335,"Residual petroleum products, n.e.s., related mater.",1.0355,,
2019,356,India,342,Liquefied propane and butane,0.0006,,
2019,356,India,343,"Natural gas, whether or not liquefied",0.0144,,
2019,356,India,344,"Petroleum gases, other gaseous hydrocarbons, n.e.s.",2.0467,,
2019,356,India,351,Electric current,1.0419,,
2019,356,India,411,Animals oils and fats,0.2118,,
2019,356,India,421,"Fixed vegetable fats & oils, crude, refined, fractio.",0.1346,,
2019,356,India,422,"Fixed vegetable fats & oils, crude, refined, fract.",1.5016,,
2019,356,India,431,"Animal or veg. oils & fats, processed, n.e.s.; mixt.",1.2368,,
2019,356,India,511,"Hydrocarbons, n.e.s., & halogenated, nitr. derivative",3.1381,,
2019,356,India,512,"Alcohols, phenols, halogenat., sulfonat., nitrat. der.",1.5062,,
2019,356,India,513,"Carboxylic acids, anhydrides, halides, per.; derivati.",2.3323,,
2019,356,India,514,Nitrogen-function compounds,2.7802,,
2019,356,India,515,"Organo-inorganic, heterocycl. compounds, nucl. acids",1.7588,,
2019,356,India,516,Other organic chemicals,4.3773,,
2019,356,India,522,"Inorganic chemical elements, oxides & halogen salts",0.6392,,
2019,356,India,523,"Metallic salts & peroxysalts, of inorganic acids",1.2994,,
2019,356,India,524,Other inorganic chemicals,0.4868,,
2019,356,India,525,Radio-actives and associated materials,0.1514,,
2019,356,India,531,Synth. organic colouring matter & colouring lakes,11.5197,,
2019,356,India,532,"Dyeing & tanning extracts, synth. tanning materials",2.3911,,
2019,356,India,533,"Pigments, paints, varnishes and related materials",0.5946,,
2019,356,India,541,"Medicinal and pharmaceutical products, excluding 542",0.6318,,
2019,356,India,542,Medicaments (incl. veterinary medicaments),2.2489,,
2019,356,India,551,"Essential oils, perfume & flavour materials",2.8483,,
2019,356,India,553,"Perfumery, cosmetics or toilet prepar. (excluding soaps)",0.3954,,
2019,356,India,554,"Soaps, cleansing and polishing preparations",0.619,,
2019,356,India,562,Fertilizers (other than those of group 272),0.1076,,
2019,356,India,571,"Polymers of ethylene, in primary forms",0.7291,,
2019,356,India,572,"Polymers of styrene, in primary forms",0.2115,,
2019,356,India,573,Polymers of vinyl chloride or halogenated olefins,0.4739,,
2019,356,India,574,"Polyethers, epoxide resins; polycarbonat., polyesters",1.203,,
2019,356,India,575,"Other plastics, in primary forms",0.6144,,
2019,356,India,579,"Waste, parings and scrap, of plastics",0.0557,,
2019,356,India,581,"Tubes, pipes and hoses of plastics",0.4173,,
2019,356,India,582,"Plates, sheets, films, foil & strip, of plastics",0.7968,,
2019,356,India,583,"Monofilaments, of plastics, cross-section > 1mm",0.4511,,
2019,356,India,591,"Insectides &  similar products, for retail sale",5.5879,,
2019,356,India,592,"Starche, wheat gluten; albuminoidal substances; glues",0.4381,,
2019,356,India,593,Explosives and pyrotechnic products,0.9416,,
2019,356,India,597,"Prepared addit. for miner. oils; lubricat., de-icing",0.9077,,
2019,356,India,598,"Miscellaneous chemical products, n.e.s.",0.4464,,
2019,356,India,611,Leather,1.7334,,
2019,356,India,612,"Manufactures of leather, n.e.s.; saddlery & harness",2.6927,,
2019,356,India,613,"Furskins, tanned or dressed, excluding those of 8483",0.0234,,
2019,356,India,621,"Materials of rubber (pastes, plates, sheets, etc.)",0.8133,,
2019,356,India,625,"Rubber tyres, tyre treads or flaps & inner tubes",1.3714,,
2019,356,India,629,"Articles of rubber, n.e.s.",1.1451,,
2019,356,India,633,Cork manufactures,0.1028,,
2019,356,India,634,"Veneers, plywood, and other wood, worked, n.e.s.",0.1444,,
2019,356,India,635,"Wood manufacture, n.e.s.",0.5743,,
2019,356,India,641,Paper and paperboard,0.8479,,
2019,356,India,642,"Paper & paperboard, cut to shape or size, articles",0.3671,,
2019,356,India,651,Textile yarn,5.4756,,
2019,356,India,652,"Cotton fabrics, woven",4.3592,,
2019,356,India,653,"Fabrics, woven, of man-made fabrics",2.2309,,
2019,356,India,654,"Other textile fabrics, woven",1.5948,,
2019,356,India,655,"Knitted or crocheted fabrics, n.e.s.",0.7111,,
2019,356,India,656,"Tulles, trimmings, lace, ribbons & other small wares",2.0914,,
2019,356,India,657,"Special yarn, special textile fabrics & related",0.7628,,
2019,356,India,658,"Made-up articles, of textile materials, n.e.s.",4.8335,,
2019,356,India,659,"Floor coverings, etc.",5.9542,,
2019,356,India,661,"Lime, cement, fabrica. constr. mat. (excludingglass, clay)",2.3414,,
2019,356,India,662,"Clay construction, refracto. construction materials",3.3875,,
2019,356,India,663,"Mineral manufactures, n.e.s.",0.8869,,
2019,356,India,664,Glass,0.3766,,
2019,356,India,665,Glassware,1.1968,,
2019,356,India,666,Pottery,0.1718,,
2019,356,India,667,"Pearls, precious & semi-precious stones",10.0668,,
2019,356,India,671,"Pig iron & spiegeleisen, sponge iron, powder & granu",3.3886,,
2019,356,India,672,"Ingots, primary forms, of iron or steel; semi-finis.",2.157,,
2019,356,India,673,"Flat-rolled prod., iron, non-alloy steel, not coated",2.6428,,
2019,356,India,674,"Flat-rolled prod., iron, non-alloy steel, coated, clad",0.9453,,
2019,356,India,675,Flat-rolled products of alloy steel,0.5471,,
2019,356,India,676,"Iron & steel bars, rods, angles, shapes & sections",1.2544,,
2019,356,India,677,"Rails & railway track construction mat., iron, steel",0.7609,,
2019,356,India,678,Wire of iron or steel,1.6952,,
2019,356,India,679,"Tubes, pipes & hollow profiles, fittings, iron, steel",1.725,,
2019,356,India,681,"Silver, platinum, other metals of the platinum group",0.038,,
2019,356,India,682,Copper,0.2319,,
2019,356,India,683,Nickel,0.1534,,
2019,356,India,684,Aluminium,2.0266,,
2019,356,India,685,Lead,3.4298,,
2019,356,India,686,Zinc,2.116,,
2019,356,India,687,Tin,0.1367,,
2019,356,India,689,Miscellaneous no-ferrous base metals for metallur.,0.1665,,
2019,356,India,691,"Structures & parts, n.e.s., of iron, steel, aluminium",0.9341,,
2019,356,India,692,Metal containers for storage or transport,0.7185,,
2019,356,India,693,Wire products (excluding electrical) and fencing grills,1.8156,,
2019,356,India,694,"Nails, screws, nuts, bolts, rivets & the like, of metal",0.8558,,
2019,356,India,695,Tools for use in the hand or in machine,0.8095,,
2019,356,India,696,Cutlery,0.7837,,
2019,356,India,697,"Household equipment of base metal, n.e.s.",1.1682,,
2019,356,India,699,"Manufactures of base metal, n.e.s.",1.2396,,
2019,356,India,711,"Vapour generating boilers, auxiliary plant; parts",6.1391,,
2019,356,India,712,"Steam turbines & other vapour turbin., parts, n.e.s.",3.2641,,
2019,356,India,713,"Internal combustion piston engines, parts, n.e.s.",0.8549,,
2019,356,India,714,"Engines & motors, non-electric; parts, n.e.s.",1.4634,,
2019,356,India,716,"Rotating electric plant & parts thereof, n.e.s.",0.9584,,
2019,356,India,718,"Other power generating machinery & parts, n.e.s.",0.7536,,
2019,356,India,721,Agricultural machinery (excluding tractors) & parts,0.3515,,
2019,356,India,722,Tractors (excluding those of 71414 & 74415),2.1086,,
2019,356,India,723,Civil engineering & contractors' plant & equipment,0.7073,,
2019,356,India,724,"Textile & leather machinery, & parts thereof, n.e.s.",1.1196,,
2019,356,India,725,"Paper mill, pulp mill machinery; paper articles man.",0.5045,,
2019,356,India,726,"Printing & bookbinding machinery, & parts thereof",0.4751,,
2019,356,India,727,Food-processing machines (excluding domestic),0.8721,,
2019,356,India,728,"Other machinery for particular industries, n.e.s.",0.4205,,
2019,356,India,731,Machine-tools working by removing material,0.1888,,
2019,356,India,733,"Mach.-tools for working metal, excluding removing mate.",0.2638,,
2019,356,India,735,"Parts, n.e.s., & accessories for machines of 731, 733",0.76,,
2019,356,India,737,Metalworking machinery (excludingmachine-tools) & parts,0.7947,,
2019,356,India,741,"Heating & cooling equipment & parts thereof, n.e.s.",0.5062,,
2019,356,India,742,Pumps for liquids,0.8533,,
2019,356,India,743,"Pumps (excluding liquid), gas compressors & fans; centr.",0.6179,,
2019,356,India,744,"Mechanical handling equipment, & parts, n.e.s.",0.3488,,
2019,356,India,745,"Other non-electr. machinery, tools & mechan. appar.",0.3869,,
2019,356,India,746,Ball or roller bearings,1.0451,,
2019,356,India,747,"Appliances for pipes, boiler shells, tanks, vats, etc.",0.966,,
2019,356,India,748,Transmis. shafts,1.1852,,
2019,356,India,749,"Non-electric parts & accessor. of machinery, n.e.s.",0.7108,,
2019,356,India,751,Office machines,1.0233,,
2019,356,India,752,"Automatic data processing machines, n.e.s.",0.0328,,
2019,356,India,759,"Parts, accessories for machines of groups 751, 752",0.1364,,
2019,356,India,761,"Television receivers, whether or not combined",0.0572,,
2019,356,India,762,"Radio-broadcast receivers, whether or not combined",0.1588,,
2019,356,India,763,Sound recorders or reproducers,0.0907,,
2019,356,India,764,"Telecommunication equipment, n.e.s.; & parts, n.e.s.",0.4671,,
2019,356,India,771,"Electric power machinery, and parts thereof",1.1057,,
2019,356,India,772,"Apparatus for electrical circuits; board, panels",0.4905,,
2019,356,India,773,"Equipment for distributing electricity, n.e.s.",0.5462,,
2019,356,India,774,"Electro-diagnostic appa. for medical sciences, etc.",0.6154,,
2019,356,India,775,"Household type equipment, electrical or not, n.e.s.",0.1336,,
2019,356,India,776,Cathode valves & tubes,0.0538,,
2019,356,India,778,"Electrical machinery & apparatus, n.e.s.",0.418,,
2019,356,India,781,Motor vehicles for the transport of persons,0.5413,,
2019,356,India,782,"Motor vehic. for transport of goods, special purpo.",0.3902,,
2019,356,India,783,"Road motor vehicles, n.e.s.",0.2586,,
2019,356,India,784,"Parts & accessories of vehicles of 722, 781, 782, 783",0.7781,,
2019,356,India,785,Motorcycles & cycles,2.7263,,
2019,356,India,786,Trailers & semi-trailers,0.2162,,
2019,356,India,791,Railway vehicles & associated equipment,0.6741,,
2019,356,India,792,"Aircraft & associated equipment; spacecraft, etc.",0.4248,,
2019,356,India,793,"Ships, boats & floating structures",2.7959,,
2019,356,India,811,Prefabricated buildings,0.4031,,
2019,356,India,812,"Sanitary, plumbing, heating fixtures, fittings, n.e.s.",0.3825,,
2019,356,India,813,"Lighting fixtures & fittings, n.e.s.",0.1832,,
2019,356,India,821,Furniture & parts,0.4867,,
2019,356,India,831,"Travel goods, handbags & similar containers",1.193,,
2019,356,India,841,"Men's clothing of textile fabrics, not knitted",1.6746,,
2019,356,India,842,"Women's clothing, of textile fabrics",2.2895,,
2019,356,India,843,"Men's or boy's clothing, of textile, knitted, croche.",3.5176,,
2019,356,India,844,"Women's clothing, of textile, knitted or crocheted",1.4959,,
2019,356,India,845,"Articles of apparel, of textile fabrics, n.e.s.",2.1334,,
2019,356,India,846,"Clothing accessories, of textile fabrics",1.4516,,
2019,356,India,848,"Articles of apparel, clothing access., excluding textile",1.5108,,
2019,356,India,851,Footwear,1.1544,,
2019,356,India,871,"Optical instruments & apparatus, n.e.s.",0.0271,,
2019,356,India,872,"Instruments & appliances, n.e.s., for medical, etc.",0.3542,,
2019,356,India,873,"Meters & counters, n.e.s.",0.5141,,
2019,356,India,874,"Measuring, analysing & controlling apparatus, n.e.s.",0.3445,,
2019,356,India,881,"Photographic apparatus & equipment, n.e.s.",0.1753,,
2019,356,India,882,Cinematographic & photographic supplies,0.0424,,
2019,356,India,883,"Cinematograph films, exposed & developed",0.1359,,
2019,356,India,884,"Optical goods, n.e.s.",0.4118,,
2019,356,India,885,Watches & clocks,0.1078,,
2019,356,India,891,Arms & ammunition,0.3389,,
2019,356,India,892,Printed matter,0.5274,,
2019,356,India,893,"Articles, n.e.s., of plastics",0.5978,,
2019,356,India,894,"Baby carriages, toys, games & sporting goods",0.1997,,
2019,356,India,895,"Office & stationery supplies, n.e.s.",0.9711,,
2019,356,India,896,"Works of art, collectors' pieces & antiques",0.2032,,
2019,356,India,897,"Jewellery & articles of precious materia., n.e.s.",5.8674,,
2019,356,India,898,"Musical instruments, parts; records, tapes & similar",0.3143,,
2019,356,India,899,"Miscellaneous manufactured articles, n.e.s.",0.5103,,
2019,356,India,961,"Coin (other than gold coin), not being legal tender",0.1131,,
2019,356,India,971,"Gold, non-monetary (excluding gold ores and concentrates)",0.0196,,
2020,356,India,001,Live animals other than animals of division 03,0.0142,,
2020,356,India,011,"Meat of bovine animals, fresh, chilled or frozen",3.4764,,
2020,356,India,012,Other meat and edible meat offal,0.2411,,
2020,356,India,016,"Meat, edible meat offal, salted, dried; flours, meals",0.0289,,
2020,356,India,017,"Meat, edible meat offal, prepared, preserved, n.e.s.",0.0072,,
2020,356,India,022,"Milk, cream and milk products (excluding butter, cheese)",0.0572,,
2020,356,India,023,Butter and other fats and oils derived from milk,0.7236,,
2020,356,India,024,Cheese and curd,0.0706,,
2020,356,India,025,"Birds' eggs, and eggs' yolks; egg albumin",0.7164,,
2020,356,India,034,"Fish, fresh (live or dead), chilled or frozen",0.6322,,
2020,356,India,035,"Fish, dried, salted or in brine; smoked fish",0.7625,,
2020,356,India,036,"Crustaceans, mollusks and aquatic invertebrates",9.3086,,
2020,356,India,037,"Fish, aqua. invertebrates, prepared, preserved, n.e.s.",1.1046,,
2020,356,India,041,"Wheat (including spelt) and meslin, unmilled",0.341,,
2020,356,India,042,Rice,19.6001,,
2020,356,India,043,"Barley, unmilled",0.0072,,
2020,356,India,044,"Maize (not including sweet corn), unmilled",0.6518,,
2020,356,India,045,"Cereals, unmilled (excluding wheat, rice, barley, maize)",0.8571,,
2020,356,India,046,Meal and flour of wheat and flour of meslin,1.6978,,
2020,356,India,047,Other cereal meals and flour,1.4854,,
2020,356,India,048,"Cereal preparations, flour of fruits or vegetables",0.4682,,
2020,356,India,054,Vegetables,0.8533,,
2020,356,India,056,"Vegetables, roots, tubers, prepared, preserved, n.e.s.",1.0557,,
2020,356,India,057,"Fruits and nuts (excluding oil nuts), fresh or dried",0.6164,,
2020,356,India,058,"Fruit, preserved, and fruit preparations (no juice)",1.55,,
2020,356,India,059,"Fruit and vegetable juices, unfermented, no spirit",0.0436,,
2020,356,India,061,"Sugar, molasses and honey",4.9907,,
2020,356,India,062,Sugar confectionery,0.5641,,
2020,356,India,071,Coffee and coffee substitutes,1.2077,,
2020,356,India,072,Cocoa,0.1301,,
2020,356,India,073,"Chocolate, food preparations with cocoa, n.e.s.",0.2175,,
2020,356,India,074,Tea and mate,4.9821,,
2020,356,India,075,Spices,12.177,,
2020,356,India,081,Feeding stuff for animals (no unmilled cereals),1.0805,,
2020,356,India,091,Margarine and shortening,0.0881,,
2020,356,India,098,"Edible products and preparations, n.e.s.",0.4233,,
2020,356,India,111,"Non-alcoholic beverages, n.e.s.",0.0471,,
2020,356,India,112,Alcoholic beverages,0.1588,,
2020,356,India,121,"Tobacco, unmanufactured; tobacco refuse",3.8845,,
2020,356,India,122,"Tobacco, manufactured",0.6028,,
2020,356,India,211,"Hides and skins (except furskins), raw",0.0056,,
2020,356,India,212,"Furskins, raw, other than hides & skins of group 211",0,,
2020,356,India,222,Oil seeds and oleaginous fruits (excluding flour),0.916,,
2020,356,India,223,"Oil seeds & oleaginous fruits (incl. flour, n.e.s.)",1.103,,
2020,356,India,231,"Natural rubber & similar gums, in primary forms",0.1017,,
2020,356,India,232,Synthetic rubber,0.4779,,
2020,356,India,244,"Cork, natural, raw & waste (incl. blocks, sheets)",0.0608,,
2020,356,India,245,Fuel wood (excluding wood waste) and wood charcoal,1.1129,,
2020,356,India,246,Wood in chips or particles and wood waste,0.0001,,
2020,356,India,247,Wood in the rough or roughly squared,0.0315,,
2020,356,India,248,"Wood simply worked, and railway sleepers of wood",0.008,,
2020,356,India,251,Pulp and waste paper,0.015,,
2020,356,India,261,Silk,3.8479,,
2020,356,India,263,Cotton,6.1609,,
2020,356,India,264,"Jute, other textile bast fibre, n.e.s., not spun; tow",6.6567,,
2020,356,India,265,"Vegetable textile fibres, not spun; waste of them",13.3595,,
2020,356,India,266,Synthetic fibres suitable for spinning,2.5384,,
2020,356,India,267,Other man-made fibres suitable for spinning,2.3519,,
2020,356,India,268,Wool and other animal hair (incl. wool tops),0.2129,,
2020,356,India,269,Worn clothing and other worn textile articles,1.1998,,
2020,356,India,272,Crude fertilizers (excluding those of division 56),0.2525,,
2020,356,India,273,"Stone, sand and gravel",5.4881,,
2020,356,India,274,Sulphur and unroasted iron pyrites,1.4488,,
2020,356,India,277,"Natural abrasives, n.e.s. (incl. industri. diamonds)",1.0713,,
2020,356,India,278,Other crude minerals,2.9793,,
2020,356,India,281,Iron ore and concentrates,1.6745,,
2020,356,India,282,"Ferrous waste, scrape; remelting ingots, iron, steel",0.0168,,
2020,356,India,283,"Copper ores and concentrates; copper mattes, cemen",0.1068,,
2020,356,India,284,"Nickel ores & concentrates; nickel mattes, etc.",0,,
2020,356,India,285,Aluminium ores and concentrates (incl. alumina),1.6488,,
2020,356,India,287,"Ores and concentrates of base metals, n.e.s.",0.192,,
2020,356,India,288,"Non-ferrous base metal waste and scrap, n.e.s.",0.0977,,
2020,356,India,289,"Ores & concentrates of precious metals; waste, scrap",0.2819,,
2020,356,India,291,"Crude animal materials, n.e.s.",0.5989,,
2020,356,India,292,"Crude vegetable materials, n.e.s.",1.3703,,
2020,356,India,321,"Coal, whether or not pulverized, not agglomerated",0.0524,,
2020,356,India,322,"Briquettes, lignites and peat",0.0583,,
2020,356,India,325,"Coke & semi-cokes of coal, lign., peat; retort carbon",0.2812,,
2020,356,India,334,Petroleum oils or bituminous minerals > 70 % oil,3.456,,
2020,356,India,335,"Residual petroleum products, n.e.s., related mater.",0.9761,,
2020,356,India,342,Liquefied propane and butane,0.0017,,
2020,356,India,343,"Natural gas, whether or not liquefied",0.0053,,
2020,356,India,344,"Petroleum gases, other gaseous hydrocarbons, n.e.s.",2.8958,,
2020,356,India,351,Electric current,1.0645,,
2020,356,India,411,Animals oils and fats,0.2395,,
2020,356,India,421,"Fixed vegetable fats & oils, crude, refined, fractio.",0.5749,,
2020,356,India,422,"Fixed vegetable fats & oils, crude, refined, fract.",1.3789,,
2020,356,India,431,"Animal or veg. oils & fats, processed, n.e.s.; mixt.",0.9876,,
2020,356,India,511,"Hydrocarbons, n.e.s., & halogenated, nitr. derivative",3.5234,,
2020,356,India,512,"Alcohols, phenols, halogenat., sulfonat., nitrat. der.",1.7715,,
2020,356,India,513,"Carboxylic acids, anhydrides, halides, per.; derivati.",2.8102,,
2020,356,India,514,Nitrogen-function compounds,3.4469,,
2020,356,India,515,"Organo-inorganic, heterocycl. compounds, nucl. acids",1.9765,,
2020,356,India,516,Other organic chemicals,4.8439,,
2020,356,India,522,"Inorganic chemical elements, oxides & halogen salts",0.7225,,
2020,356,India,523,"Metallic salts & peroxysalts, of inorganic acids",1.4131,,
2020,356,India,524,Other inorganic chemicals,0.3621,,
2020,356,India,525,Radio-actives and associated materials,0.1812,,
2020,356,India,531,Synth. organic colouring matter & colouring lakes,11.6323,,
2020,356,India,532,"Dyeing & tanning extracts, synth. tanning materials",2.1563,,
2020,356,India,533,"Pigments, paints, varnishes and related materials",0.5965,,
2020,356,India,541,"Medicinal and pharmaceutical products, excluding 542",0.6401,,
2020,356,India,542,Medicaments (incl. veterinary medicaments),2.5849,,
2020,356,India,551,"Essential oils, perfume & flavour materials",2.3627,,
2020,356,India,553,"Perfumery, cosmetics or toilet prepar. (excluding soaps)",0.3756,,
2020,356,India,554,"Soaps, cleansing and polishing preparations",0.679,,
2020,356,India,562,Fertilizers (other than those of group 272),0.116,,
2020,356,India,571,"Polymers of ethylene, in primary forms",0.6827,,
2020,356,India,572,"Polymers of styrene, in primary forms",0.1462,,
2020,356,India,573,Polymers of vinyl chloride or halogenated olefins,0.6601,,
2020,356,India,574,"Polyethers, epoxide resins; polycarbonat., polyesters",1.0821,,
2020,356,India,575,"Other plastics, in primary forms",0.7794,,
2020,356,India,579,"Waste, parings and scrap, of plastics",0.0804,,
2020,356,India,581,"Tubes, pipes and hoses of plastics",0.4049,,
2020,356,India,582,"Plates, sheets, films, foil & strip, of plastics",0.8425,,
2020,356,India,583,"Monofilaments, of plastics, cross-section > 1mm",0.3478,,
2020,356,India,591,"Insectides &  similar products, for retail sale",5.2126,,
2020,356,India,592,"Starche, wheat gluten; albuminoidal substances; glues",0.5289,,
2020,356,India,593,Explosives and pyrotechnic products,1.2635,,
2020,356,India,597,"Prepared addit. for miner. oils; lubricat., de-icing",0.7352,,
2020,356,India,598,"Miscellaneous chemical products, n.e.s.",0.4263,,
2020,356,India,611,Leather,1.7341,,
2020,356,India,612,"Manufactures of leather, n.e.s.; saddlery & harness",2.9592,,
2020,356,India,613,"Furskins, tanned or dressed, excluding those of 8483",0.005,,
2020,356,India,621,"Materials of rubber (pastes, plates, sheets, etc.)",0.8952,,
2020,356,India,625,"Rubber tyres, tyre treads or flaps & inner tubes",1.5692,,
2020,356,India,629,"Articles of rubber, n.e.s.",1.1656,,
2020,356,India,633,Cork manufactures,0.1179,,
2020,356,India,634,"Veneers, plywood, and other wood, worked, n.e.s.",0.1539,,
2020,356,India,635,"Wood manufacture, n.e.s.",0.6071,,
2020,356,India,641,Paper and paperboard,0.8486,,
2020,356,India,642,"Paper & paperboard, cut to shape or size, articles",0.3654,,
2020,356,India,651,Textile yarn,6.1252,,
2020,356,India,652,"Cotton fabrics, woven",4.7964,,
2020,356,India,653,"Fabrics, woven, of man-made fabrics",2.1416,,
2020,356,India,654,"Other textile fabrics, woven",1.9724,,
2020,356,India,655,"Knitted or crocheted fabrics, n.e.s.",0.8792,,
2020,356,India,656,"Tulles, trimmings, lace, ribbons & other small wares",2.2211,,
2020,356,India,657,"Special yarn, special textile fabrics & related",0.9443,,
2020,356,India,658,"Made-up articles, of textile materials, n.e.s.",2.521,,
2020,356,India,659,"Floor coverings, etc.",6.6808,,
2020,356,India,661,"Lime, cement, fabrica. constr. mat. (excludingglass, clay)",2.6335,,
2020,356,India,662,"Clay construction, refracto. construction materials",4.1977,,
2020,356,India,663,"Mineral manufactures, n.e.s.",0.9002,,
2020,356,India,664,Glass,0.3704,,
2020,356,India,665,Glassware,1.0998,,
2020,356,India,666,Pottery,0.1619,,
2020,356,India,667,"Pearls, precious & semi-precious stones",11.4355,,
2020,356,India,671,"Pig iron & spiegeleisen, sponge iron, powder & granu",3.4917,,
2020,356,India,672,"Ingots, primary forms, of iron or steel; semi-finis.",5.0444,,
2020,356,India,673,"Flat-rolled prod., iron, non-alloy steel, not coated",3.8006,,
2020,356,India,674,"Flat-rolled prod., iron, non-alloy steel, coated, clad",0.9609,,
2020,356,India,675,Flat-rolled products of alloy steel,0.6497,,
2020,356,India,676,"Iron & steel bars, rods, angles, shapes & sections",1.3437,,
2020,356,India,677,"Rails & railway track construction mat., iron, steel",1.1775,,
2020,356,India,678,Wire of iron or steel,1.7839,,
2020,356,India,679,"Tubes, pipes & hollow profiles, fittings, iron, steel",1.8942,,
2020,356,India,681,"Silver, platinum, other metals of the platinum group",0.1269,,
2020,356,India,682,Copper,0.3564,,
2020,356,India,683,Nickel,0.1639,,
2020,356,India,684,Aluminium,2.5019,,
2020,356,India,685,Lead,3.8591,,
2020,356,India,686,Zinc,3.4799,,
2020,356,India,687,Tin,0.146,,
2020,356,India,689,Miscellaneous no-ferrous base metals for metallur.,0.1643,,
2020,356,India,691,"Structures & parts, n.e.s., of iron, steel, aluminium",1.0047,,
2020,356,India,692,Metal containers for storage or transport,0.725,,
2020,356,India,693,Wire products (excluding electrical) and fencing grills,1.7406,,
2020,356,India,694,"Nails, screws, nuts, bolts, rivets & the like, of metal",0.8062,,
2020,356,India,695,Tools for use in the hand or in machine,0.8291,,
2020,356,India,696,Cutlery,0.7138,,
2020,356,India,697,"Household equipment of base metal, n.e.s.",1.0622,,
2020,356,India,699,"Manufactures of base metal, n.e.s.",1.2645,,
2020,356,India,711,"Vapour generating boilers, auxiliary plant; parts",3.7349,,
2020,356,India,712,"Steam turbines & other vapour turbin., parts, n.e.s.",3.2581,,
2020,356,India,713,"Internal combustion piston engines, parts, n.e.s.",1.0134,,
2020,356,India,714,"Engines & motors, non-electric; parts, n.e.s.",1.6378,,
2020,356,India,716,"Rotating electric plant & parts thereof, n.e.s.",1.1701,,
2020,356,India,718,"Other power generating machinery & parts, n.e.s.",1.1012,,
2020,356,India,721,Agricultural machinery (excluding tractors) & parts,0.3718,,
2020,356,India,722,Tractors (excluding those of 71414 & 74415),2.2755,,
2020,356,India,723,Civil engineering & contractors' plant & equipment,0.7777,,
2020,356,India,724,"Textile & leather machinery, & parts thereof, n.e.s.",1.0475,,
2020,356,India,725,"Paper mill, pulp mill machinery; paper articles man.",0.4588,,
2020,356,India,726,"Printing & bookbinding machinery, & parts thereof",0.5218,,
2020,356,India,727,Food-processing machines (excluding domestic),0.8859,,
2020,356,India,728,"Other machinery for particular industries, n.e.s.",0.4026,,
2020,356,India,731,Machine-tools working by removing material,0.2209,,
2020,356,India,733,"Mach.-tools for working metal, excluding removing mate.",0.2621,,
2020,356,India,735,"Parts, n.e.s., & accessories for machines of 731, 733",0.7748,,
2020,356,India,737,Metalworking machinery (excludingmachine-tools) & parts,0.7107,,
2020,356,India,741,"Heating & cooling equipment & parts thereof, n.e.s.",0.5003,,
2020,356,India,742,Pumps for liquids,0.8425,,
2020,356,India,743,"Pumps (excluding liquid), gas compressors & fans; centr.",0.6063,,
2020,356,India,744,"Mechanical handling equipment, & parts, n.e.s.",0.343,,
2020,356,India,745,"Other non-electr. machinery, tools & mechan. appar.",0.3768,,
2020,356,India,746,Ball or roller bearings,1.0389,,
2020,356,India,747,"Appliances for pipes, boiler shells, tanks, vats, etc.",0.9588,,
2020,356,India,748,Transmis. shafts,1.287,,
2020,356,India,749,"Non-electric parts & accessor. of machinery, n.e.s.",0.7,,
2020,356,India,751,Office machines,1.0132,,
2020,356,India,752,"Automatic data processing machines, n.e.s.",0.0252,,
2020,356,India,759,"Parts, accessories for machines of groups 751, 752",0.1419,,
2020,356,India,761,"Television receivers, whether or not combined",0.0819,,
2020,356,India,762,"Radio-broadcast receivers, whether or not combined",0.1483,,
2020,356,India,763,Sound recorders or reproducers,0.1151,,
2020,356,India,764,"Telecommunication equipment, n.e.s.; & parts, n.e.s.",0.4713,,
2020,356,India,771,"Electric power machinery, and parts thereof",1.0369,,
2020,356,India,772,"Apparatus for electrical circuits; board, panels",0.5186,,
2020,356,India,773,"Equipment for distributing electricity, n.e.s.",0.5659,,
2020,356,India,774,"Electro-diagnostic appa. for medical sciences, etc.",0.6097,,
2020,356,India,775,"Household type equipment, electrical or not, n.e.s.",0.1188,,
2020,356,India,776,Cathode valves & tubes,0.0393,,
2020,356,India,778,"Electrical machinery & apparatus, n.e.s.",0.327,,
2020,356,India,781,Motor vehicles for the transport of persons,0.4603,,
2020,356,India,782,"Motor vehic. for transport of goods, special purpo.",0.3274,,
2020,356,India,783,"Road motor vehicles, n.e.s.",0.1258,,
2020,356,India,784,"Parts & accessories of vehicles of 722, 781, 782, 783",0.7829,,
2020,356,India,785,Motorcycles & cycles,2.4703,,
2020,356,India,786,Trailers & semi-trailers,0.2315,,
2020,356,India,791,Railway vehicles & associated equipment,0.2277,,
2020,356,India,792,"Aircraft & associated equipment; spacecraft, etc.",0.5461,,
2020,356,India,793,"Ships, boats & floating structures",2.5052,,
2020,356,India,811,Prefabricated buildings,0.2972,,
2020,356,India,812,"Sanitary, plumbing, heating fixtures, fittings, n.e.s.",0.3682,,
2020,356,India,813,"Lighting fixtures & fittings, n.e.s.",0.1568,,
2020,356,India,821,Furniture & parts,0.533,,
2020,356,India,831,"Travel goods, handbags & similar containers",1.1218,,
2020,356,India,841,"Men's clothing of textile fabrics, not knitted",1.637,,
2020,356,India,842,"Women's clothing, of textile fabrics",2.1929,,
2020,356,India,843,"Men's or boy's clothing, of textile, knitted, croche.",3.5167,,
2020,356,India,844,"Women's clothing, of textile, knitted or crocheted",1.3938,,
2020,356,India,845,"Articles of apparel, of textile fabrics, n.e.s.",1.8456,,
2020,356,India,846,"Clothing accessories, of textile fabrics",1.393,,
2020,356,India,848,"Articles of apparel, clothing access., excluding textile",1.0629,,
2020,356,India,851,Footwear,1.0017,,
2020,356,India,871,"Optical instruments & apparatus, n.e.s.",0.0398,,
2020,356,India,872,"Instruments & appliances, n.e.s., for medical, etc.",0.3624,,
2020,356,India,873,"Meters & counters, n.e.s.",0.4501,,
2020,356,India,874,"Measuring, analysing & controlling apparatus, n.e.s.",0.3471,,
2020,356,India,881,"Photographic apparatus & equipment, n.e.s.",0.2606,,
2020,356,India,882,Cinematographic & photographic supplies,0.0486,,
2020,356,India,883,"Cinematograph films, exposed & developed",0.1149,,
2020,356,India,884,"Optical goods, n.e.s.",0.4091,,
2020,356,India,885,Watches & clocks,0.1079,,
2020,356,India,891,Arms & ammunition,0.7109,,
2020,356,India,892,Printed matter,0.45,,
2020,356,India,893,"Articles, n.e.s., of plastics",0.5461,,
2020,356,India,894,"Baby carriages, toys, games & sporting goods",0.1827,,
2020,356,India,895,"Office & stationery supplies, n.e.s.",0.8812,,
2020,356,India,896,"Works of art, collectors' pieces & antiques",0.1719,,
2020,356,India,897,"Jewellery & articles of precious materia., n.e.s.",5.1635,,
2020,356,India,898,"Musical instruments, parts; records, tapes & similar",0.1108,,
2020,356,India,899,"Miscellaneous manufactured articles, n.e.s.",0.5723,,
2020,356,India,961,"Coin (other than gold coin), not being legal tender",0.1929,,
2020,356,India,971,"Gold, non-monetary (excluding gold ores and concentrates)",0.0416,,
2021,356,India,001,Live animals other than animals of division 03,0.0243,,
2021,356,India,011,"Meat of bovine animals, fresh, chilled or frozen",2.7358,,
2021,356,India,012,Other meat and edible meat offal,0.2405,,
2021,356,India,016,"Meat, edible meat offal, salted, dried; flours, meals",0.0012,,
2021,356,India,017,"Meat, edible meat offal, prepared, preserved, n.e.s.",0.0054,,
2021,356,India,022,"Milk, cream and milk products (excluding butter, cheese)",0.1596,,
2021,356,India,023,Butter and other fats and oils derived from milk,0.6459,,
2021,356,India,024,Cheese and curd,0.0513,,
2021,356,India,025,"Birds' eggs, and eggs' yolks; egg albumin",0.5896,,
2021,356,India,034,"Fish, fresh (live or dead), chilled or frozen",0.5286,,
2021,356,India,035,"Fish, dried, salted or in brine; smoked fish",0.5796,,
2021,356,India,036,"Crustaceans, mollusks and aquatic invertebrates",8.8846,,
2021,356,India,037,"Fish, aqua. invertebrates, prepared, preserved, n.e.s.",0.9813,,
2021,356,India,041,"Wheat (including spelt) and meslin, unmilled",1.682,,
2021,356,India,042,Rice,19.4851,,
2021,356,India,043,"Barley, unmilled",0.0045,,
2021,356,India,044,"Maize (not including sweet corn), unmilled",0.9858,,
2021,356,India,045,"Cereals, unmilled (excluding wheat, rice, barley, maize)",0.618,,
2021,356,India,046,Meal and flour of wheat and flour of meslin,1.8884,,
2021,356,India,047,Other cereal meals and flour,1.4784,,
2021,356,India,048,"Cereal preparations, flour of fruits or vegetables",0.4115,,
2021,356,India,054,Vegetables,0.7866,,
2021,356,India,056,"Vegetables, roots, tubers, prepared, preserved, n.e.s.",0.9923,,
2021,356,India,057,"Fruits and nuts (excluding oil nuts), fresh or dried",0.582,,
2021,356,India,058,"Fruit, preserved, and fruit preparations (no juice)",1.4098,,
2021,356,India,059,"Fruit and vegetable juices, unfermented, no spirit",0.0354,,
2021,356,India,061,"Sugar, molasses and honey",6.0879,,
2021,356,India,062,Sugar confectionery,0.6235,,
2021,356,India,071,Coffee and coffee substitutes,1.2213,,
2021,356,India,072,Cocoa,0.0893,,
2021,356,India,073,"Chocolate, food preparations with cocoa, n.e.s.",0.2049,,
2021,356,India,074,Tea and mate,4.1666,,
2021,356,India,075,Spices,11.084,,
2021,356,India,081,Feeding stuff for animals (no unmilled cereals),1.0225,,
2021,356,India,091,Margarine and shortening,0.0556,,
2021,356,India,098,"Edible products and preparations, n.e.s.",0.4034,,
2021,356,India,111,"Non-alcoholic beverages, n.e.s.",0.079,,
2021,356,India,112,Alcoholic beverages,0.1301,,
2021,356,India,121,"Tobacco, unmanufactured; tobacco refuse",3.4807,,
2021,356,India,122,"Tobacco, manufactured",0.5539,,
2021,356,India,211,"Hides and skins (except furskins), raw",0.0064,,
2021,356,India,212,"Furskins, raw, other than hides & skins of group 211",0.0003,,
2021,356,India,222,Oil seeds and oleaginous fruits (excluding flour),0.6172,,
2021,356,India,223,"Oil seeds & oleaginous fruits (incl. flour, n.e.s.)",0.8522,,
2021,356,India,231,"Natural rubber & similar gums, in primary forms",0.0345,,
2021,356,India,232,Synthetic rubber,0.3919,,
2021,356,India,244,"Cork, natural, raw & waste (incl. blocks, sheets)",0.0562,,
2021,356,India,245,Fuel wood (excluding wood waste) and wood charcoal,1.188,,
2021,356,India,246,Wood in chips or particles and wood waste,0.0005,,
2021,356,India,247,Wood in the rough or roughly squared,0.1142,,
2021,356,India,248,"Wood simply worked, and railway sleepers of wood",0.0101,,
2021,356,India,251,Pulp and waste paper,0.0044,,
2021,356,India,261,Silk,4.7679,,
2021,356,India,263,Cotton,7.9036,,
2021,356,India,264,"Jute, other textile bast fibre, n.e.s., not spun; tow",6.2553,,
2021,356,India,265,"Vegetable textile fibres, not spun; waste of them",12.2432,,
2021,356,India,266,Synthetic fibres suitable for spinning,2.7988,,
2021,356,India,267,Other man-made fibres suitable for spinning,2.8003,,
2021,356,India,268,Wool and other animal hair (incl. wool tops),0.1294,,
2021,356,India,269,Worn clothing and other worn textile articles,1.0534,,
2021,356,India,272,Crude fertilizers (excluding those of division 56),0.225,,
2021,356,India,273,"Stone, sand and gravel",4.734,,
2021,356,India,274,Sulphur and unroasted iron pyrites,1.7578,,
2021,356,India,277,"Natural abrasives, n.e.s. (incl. industri. diamonds)",0.9468,,
2021,356,India,278,Other crude minerals,2.3643,,
2021,356,India,281,Iron ore and concentrates,1.0054,,
2021,356,India,282,"Ferrous waste, scrape; remelting ingots, iron, steel",0.0123,,
2021,356,India,283,"Copper ores and concentrates; copper mattes, cemen",0.0471,,
2021,356,India,284,"Nickel ores & concentrates; nickel mattes, etc.",0.0004,,
2021,356,India,285,Aluminium ores and concentrates (incl. alumina),1.7975,,
2021,356,India,287,"Ores and concentrates of base metals, n.e.s.",0.135,,
2021,356,India,288,"Non-ferrous base metal waste and scrap, n.e.s.",0.1442,,
2021,356,India,289,"Ores & concentrates of precious metals; waste, scrap",0.2269,,
2021,356,India,291,"Crude animal materials, n.e.s.",1.2377,,
2021,356,India,292,"Crude vegetable materials, n.e.s.",1.2094,,
2021,356,India,321,"Coal, whether or not pulverized, not agglomerated",0.0419,,
2021,356,India,322,"Briquettes, lignites and peat",0.0184,,
2021,356,India,325,"Coke & semi-cokes of coal, lign., peat; retort carbon",2.6361,,
2021,356,India,334,Petroleum oils or bituminous minerals > 70 % oil,3.9642,,
2021,356,India,335,"Residual petroleum products, n.e.s., related mater.",0.6564,,
2021,356,India,342,Liquefied propane and butane,0,,
2021,356,India,343,"Natural gas, whether or not liquefied",0.0001,,
2021,356,India,344,"Petroleum gases, other gaseous hydrocarbons, n.e.s.",2.6229,,
2021,356,India,345,"Coal gas, water gas & similar gases (excludinghydrocar.)",0.0001,,
2021,356,India,351,Electric current,0.4913,,
2021,356,India,411,Animals oils and fats,0.3727,,
2021,356,India,421,"Fixed vegetable fats & oils, crude, refined, fractio.",0.2811,,
2021,356,India,422,"Fixed vegetable fats & oils, crude, refined, fract.",1.043,,
2021,356,India,431,"Animal or veg. oils & fats, processed, n.e.s.; mixt.",0.8386,,
2021,356,India,511,"Hydrocarbons, n.e.s., & halogenated, nitr. derivative",3.098,,
2021,356,India,512,"Alcohols, phenols, halogenat., sulfonat., nitrat. der.",1.1066,,
2021,356,India,513,"Carboxylic acids, anhydrides, halides, per.; derivati.",1.994,,
2021,356,India,514,Nitrogen-function compounds,2.7395,,
2021,356,India,515,"Organo-inorganic, heterocycl. compounds, nucl. acids",1.9968,,
2021,356,India,516,Other organic chemicals,3.4802,,
2021,356,India,522,"Inorganic chemical elements, oxides & halogen salts",0.7536,,
2021,356,India,523,"Metallic salts & peroxysalts, of inorganic acids",1.3103,,
2021,356,India,524,Other inorganic chemicals,0.2127,,
2021,356,India,525,Radio-actives and associated materials,0.2728,,
2021,356,India,531,Synth. organic colouring matter & colouring lakes,11.0459,,
2021,356,India,532,"Dyeing & tanning extracts, synth. tanning materials",1.5724,,
2021,356,India,533,"Pigments, paints, varnishes and related materials",0.5715,,
2021,356,India,541,"Medicinal and pharmaceutical products, excluding 542",0.4546,,
2021,356,India,542,Medicaments (incl. veterinary medicaments),2.2705,,
2021,356,India,551,"Essential oils, perfume & flavour materials",2.107,,
2021,356,India,553,"Perfumery, cosmetics or toilet prepar. (excluding soaps)",0.3587,,
2021,356,India,554,"Soaps, cleansing and polishing preparations",0.658,,
2021,356,India,562,Fertilizers (other than those of group 272),0.0437,,
2021,356,India,571,"Polymers of ethylene, in primary forms",0.3905,,
2021,356,India,572,"Polymers of styrene, in primary forms",0.153,,
2021,356,India,573,Polymers of vinyl chloride or halogenated olefins,0.4669,,
2021,356,India,574,"Polyethers, epoxide resins; polycarbonat., polyesters",0.9113,,
2021,356,India,575,"Other plastics, in primary forms",0.5991,,
2021,356,India,579,"Waste, parings and scrap, of plastics",0.0902,,
2021,356,India,581,"Tubes, pipes and hoses of plastics",0.4546,,
2021,356,India,582,"Plates, sheets, films, foil & strip, of plastics",0.79,,
2021,356,India,583,"Monofilaments, of plastics, cross-section > 1mm",0.3928,,
2021,356,India,591,"Insectides &  similar products, for retail sale",5.789,,
2021,356,India,592,"Starche, wheat gluten; albuminoidal substances; glues",0.6581,,
2021,356,India,593,Explosives and pyrotechnic products,1.1271,,
2021,356,India,597,"Prepared addit. for miner. oils; lubricat., de-icing",0.5551,,
2021,356,India,598,"Miscellaneous chemical products, n.e.s.",0.392,,
2021,356,India,611,Leather,1.4025,,
2021,356,India,612,"Manufactures of leather, n.e.s.; saddlery & harness",2.8869,,
2021,356,India,613,"Furskins, tanned or dressed, excluding those of 8483",0.0021,,
2021,356,India,621,"Materials of rubber (pastes, plates, sheets, etc.)",0.9611,,
2021,356,India,625,"Rubber tyres, tyre treads or flaps & inner tubes",1.7683,,
2021,356,India,629,"Articles of rubber, n.e.s.",1.1979,,
2021,356,India,633,Cork manufactures,0.121,,
2021,356,India,634,"Veneers, plywood, and other wood, worked, n.e.s.",0.1583,,
2021,356,India,635,"Wood manufacture, n.e.s.",0.6479,,
2021,356,India,641,Paper and paperboard,1.0997,,
2021,356,India,642,"Paper & paperboard, cut to shape or size, articles",0.4243,,
2021,356,India,651,Textile yarn,6.773,,
2021,356,India,652,"Cotton fabrics, woven",4.9154,,
2021,356,India,653,"Fabrics, woven, of man-made fabrics",1.7511,,
2021,356,India,654,"Other textile fabrics, woven",1.9794,,
2021,356,India,655,"Knitted or crocheted fabrics, n.e.s.",1.0007,,
2021,356,India,656,"Tulles, trimmings, lace, ribbons & other small wares",1.769,,
2021,356,India,657,"Special yarn, special textile fabrics & related",0.9227,,
2021,356,India,658,"Made-up articles, of textile materials, n.e.s.",4.3968,,
2021,356,India,659,"Floor coverings, etc.",6.5336,,
2021,356,India,661,"Lime, cement, fabrica. constr. mat. (excludingglass, clay)",2.4317,,
2021,356,India,662,"Clay construction, refracto. construction materials",3.5324,,
2021,356,India,663,"Mineral manufactures, n.e.s.",0.9881,,
2021,356,India,664,Glass,0.4295,,
2021,356,India,665,Glassware,1.0362,,
2021,356,India,666,Pottery,0.1872,,
2021,356,India,667,"Pearls, precious & semi-precious stones",10.6689,,
2021,356,India,671,"Pig iron & spiegeleisen, sponge iron, powder & granu",4.1983,,
2021,356,India,672,"Ingots, primary forms, of iron or steel; semi-finis.",3.371,,
2021,356,India,673,"Flat-rolled prod., iron, non-alloy steel, not coated",3.5379,,
2021,356,India,674,"Flat-rolled prod., iron, non-alloy steel, coated, clad",1.776,,
2021,356,India,675,Flat-rolled products of alloy steel,0.6023,,
2021,356,India,676,"Iron & steel bars, rods, angles, shapes & sections",1.7857,,
2021,356,India,677,"Rails & railway track construction mat., iron, steel",0.7329,,
2021,356,India,678,Wire of iron or steel,1.9707,,
2021,356,India,679,"Tubes, pipes & hollow profiles, fittings, iron, steel",1.6893,,
2021,356,India,681,"Silver, platinum, other metals of the platinum group",0.19,,
2021,356,India,682,Copper,0.5652,,
2021,356,India,683,Nickel,0.1701,,
2021,356,India,684,Aluminium,2.6159,,
2021,356,India,685,Lead,3.395,,
2021,356,India,686,Zinc,2.9122,,
2021,356,India,687,Tin,0.124,,
2021,356,India,689,Miscellaneous no-ferrous base metals for metallur.,0.2548,,
2021,356,India,691,"Structures & parts, n.e.s., of iron, steel, aluminium",0.9347,,
2021,356,India,692,Metal containers for storage or transport,0.8908,,
2021,356,India,693,Wire products (excluding electrical) and fencing grills,1.3537,,
2021,356,India,694,"Nails, screws, nuts, bolts, rivets & the like, of metal",0.8988,,
2021,356,India,695,Tools for use in the hand or in machine,0.8679,,
2021,356,India,696,Cutlery,0.7127,,
2021,356,India,697,"Household equipment of base metal, n.e.s.",0.9976,,
2021,356,India,699,"Manufactures of base metal, n.e.s.",1.2448,,
2021,356,India,711,"Vapour generating boilers, auxiliary plant; parts",2.7448,,
2021,356,India,712,"Steam turbines & other vapour turbin., parts, n.e.s.",3.5351,,
2021,356,India,713,"Internal combustion piston engines, parts, n.e.s.",1.0824,,
2021,356,India,714,"Engines & motors, non-electric; parts, n.e.s.",1.3684,,
2021,356,India,716,"Rotating electric plant & parts thereof, n.e.s.",1.0214,,
2021,356,India,718,"Other power generating machinery & parts, n.e.s.",1.2625,,
2021,356,India,721,Agricultural machinery (excluding tractors) & parts,0.4143,,
2021,356,India,722,Tractors (excluding those of 71414 & 74415),2.7002,,
2021,356,India,723,Civil engineering & contractors' plant & equipment,0.926,,
2021,356,India,724,"Textile & leather machinery, & parts thereof, n.e.s.",1.1627,,
2021,356,India,725,"Paper mill, pulp mill machinery; paper articles man.",0.4491,,
2021,356,India,726,"Printing & bookbinding machinery, & parts thereof",0.4586,,
2021,356,India,727,Food-processing machines (excluding domestic),0.8751,,
2021,356,India,728,"Other machinery for particular industries, n.e.s.",0.4092,,
2021,356,India,731,Machine-tools working by removing material,0.2138,,
2021,356,India,733,"Mach.-tools for working metal, excluding removing mate.",0.2604,,
2021,356,India,735,"Parts, n.e.s., & accessories for machines of 731, 733",1.0088,,
2021,356,India,737,Metalworking machinery (excludingmachine-tools) & parts,0.7885,,
2021,356,India,741,"Heating & cooling equipment & parts thereof, n.e.s.",0.5236,,
2021,356,India,742,Pumps for liquids,0.9049,,
2021,356,India,743,"Pumps (excluding liquid), gas compressors & fans; centr.",0.6375,,
2021,356,India,744,"Mechanical handling equipment, & parts, n.e.s.",0.3421,,
2021,356,India,745,"Other non-electr. machinery, tools & mechan. appar.",0.3621,,
2021,356,India,746,Ball or roller bearings,1.1787,,
2021,356,India,747,"Appliances for pipes, boiler shells, tanks, vats, etc.",0.8367,,
2021,356,India,748,Transmis. shafts,1.406,,
2021,356,India,749,"Non-electric parts & accessor. of machinery, n.e.s.",0.7097,,
2021,356,India,751,Office machines,1.2612,,
2021,356,India,752,"Automatic data processing machines, n.e.s.",0.0287,,
2021,356,India,759,"Parts, accessories for machines of groups 751, 752",0.1848,,
2021,356,India,761,"Television receivers, whether or not combined",0.0364,,
2021,356,India,762,"Radio-broadcast receivers, whether or not combined",0.2468,,
2021,356,India,763,Sound recorders or reproducers,0.0619,,
2021,356,India,764,"Telecommunication equipment, n.e.s.; & parts, n.e.s.",0.5848,,
2021,356,India,771,"Electric power machinery, and parts thereof",0.9317,,
2021,356,India,772,"Apparatus for electrical circuits; board, panels",0.4724,,
2021,356,India,773,"Equipment for distributing electricity, n.e.s.",0.5035,,
2021,356,India,774,"Electro-diagnostic appa. for medical sciences, etc.",0.592,,
2021,356,India,775,"Household type equipment, electrical or not, n.e.s.",0.1249,,
2021,356,India,776,Cathode valves & tubes,0.0419,,
2021,356,India,778,"Electrical machinery & apparatus, n.e.s.",0.3378,,
2021,356,India,781,Motor vehicles for the transport of persons,0.4274,,
2021,356,India,782,"Motor vehic. for transport of goods, special purpo.",0.4846,,
2021,356,India,783,"Road motor vehicles, n.e.s.",0.1544,,
2021,356,India,784,"Parts & accessories of vehicles of 722, 781, 782, 783",0.865,,
2021,356,India,785,Motorcycles & cycles,2.5984,,
2021,356,India,786,Trailers & semi-trailers,0.2035,,
2021,356,India,791,Railway vehicles & associated equipment,0.7137,,
2021,356,India,792,"Aircraft & associated equipment; spacecraft, etc.",0.4578,,
2021,356,India,793,"Ships, boats & floating structures",1.8522,,
2021,356,India,811,Prefabricated buildings,0.2748,,
2021,356,India,812,"Sanitary, plumbing, heating fixtures, fittings, n.e.s.",0.3845,,
2021,356,India,813,"Lighting fixtures & fittings, n.e.s.",0.1865,,
2021,356,India,821,Furniture & parts,0.5971,,
2021,356,India,831,"Travel goods, handbags & similar containers",1.0566,,
2021,356,India,841,"Men's clothing of textile fabrics, not knitted",1.5384,,
2021,356,India,842,"Women's clothing, of textile fabrics",1.979,,
2021,356,India,843,"Men's or boy's clothing, of textile, knitted, croche.",3.1033,,
2021,356,India,844,"Women's clothing, of textile, knitted or crocheted",1.2023,,
2021,356,India,845,"Articles of apparel, of textile fabrics, n.e.s.",1.7286,,
2021,356,India,846,"Clothing accessories, of textile fabrics",1.1737,,
2021,356,India,848,"Articles of apparel, clothing access., excluding textile",0.9358,,
2021,356,India,851,Footwear,0.8989,,
2021,356,India,871,"Optical instruments & apparatus, n.e.s.",0.0252,,
2021,356,India,872,"Instruments & appliances, n.e.s., for medical, etc.",0.3349,,
2021,356,India,873,"Meters & counters, n.e.s.",0.4784,,
2021,356,India,874,"Measuring, analysing & controlling apparatus, n.e.s.",0.3343,,
2021,356,India,881,"Photographic apparatus & equipment, n.e.s.",0.1788,,
2021,356,India,882,Cinematographic & photographic supplies,0.0366,,
2021,356,India,883,"Cinematograph films, exposed & developed",0.0235,,
2021,356,India,884,"Optical goods, n.e.s.",0.4967,,
2021,356,India,885,Watches & clocks,0.0927,,
2021,356,India,891,Arms & ammunition,0.6425,,
2021,356,India,892,Printed matter,0.4594,,
2021,356,India,893,"Articles, n.e.s., of plastics",0.5687,,
2021,356,India,894,"Baby carriages, toys, games & sporting goods",0.1707,,
2021,356,India,895,"Office & stationery supplies, n.e.s.",0.8138,,
2021,356,India,896,"Works of art, collectors' pieces & antiques",0.141,,
2021,356,India,897,"Jewellery & articles of precious materia., n.e.s.",4.5634,,
2021,356,India,898,"Musical instruments, parts; records, tapes & similar",0.1578,,
2021,356,India,899,"Miscellaneous manufactured articles, n.e.s.",0.6269,,
2021,356,India,961,"Coin (other than gold coin), not being legal tender",0.1379,,
2021,356,India,971,"Gold, non-monetary (excluding gold ores and concentrates)",0.002,,
2022,356,India,001,Live animals other than animals of division 03,0.0096,,
2022,356,India,011,"Meat of bovine animals, fresh, chilled or frozen",2.2964,,
2022,356,India,012,Other meat and edible meat offal,0.176,,
2022,356,India,016,"Meat, edible meat offal, salted, dried; flours, meals",0.0013,,
2022,356,India,017,"Meat, edible meat offal, prepared, preserved, n.e.s.",0.0032,,
2022,356,India,022,"Milk, cream and milk products (excluding butter, cheese)",0.1185,,
2022,356,India,023,Butter and other fats and oils derived from milk,0.7986,,
2022,356,India,024,Cheese and curd,0.055,,
2022,356,India,025,"Birds' eggs, and eggs' yolks; egg albumin",0.8876,,
2022,356,India,034,"Fish, fresh (live or dead), chilled or frozen",0.6228,,
2022,356,India,035,"Fish, dried, salted or in brine; smoked fish",0.3732,,
2022,356,India,036,"Crustaceans, mollusks and aquatic invertebrates",7.7243,,
2022,356,India,037,"Fish, aqua. invertebrates, prepared, preserved, n.e.s.",1.1572,,
2022,356,India,041,"Wheat (including spelt) and meslin, unmilled",1.5357,,
2022,356,India,042,Rice,19.4869,,
2022,356,India,043,"Barley, unmilled",0.005,,
2022,356,India,044,"Maize (not including sweet corn), unmilled",0.926,,
2022,356,India,045,"Cereals, unmilled (excluding wheat, rice, barley, maize)",0.5847,,
2022,356,India,046,Meal and flour of wheat and flour of meslin,2.1641,,
2022,356,India,047,Other cereal meals and flour,2.0218,,
2022,356,India,048,"Cereal preparations, flour of fruits or vegetables",0.4148,,
2022,356,India,054,Vegetables,0.938,,
2022,356,India,056,"Vegetables, roots, tubers, prepared, preserved, n.e.s.",1.0143,,
2022,356,India,057,"Fruits and nuts (excluding oil nuts), fresh or dried",0.5719,,
2022,356,India,058,"Fruit, preserved, and fruit preparations (no juice)",1.4666,,
2022,356,India,059,"Fruit and vegetable juices, unfermented, no spirit",0.0502,,
2022,356,India,061,"Sugar, molasses and honey",7.2362,,
2022,356,India,062,Sugar confectionery,0.5901,,
2022,356,India,071,Coffee and coffee substitutes,1.1769,,
2022,356,India,072,Cocoa,0.0943,,
2022,356,India,073,"Chocolate, food preparations with cocoa, n.e.s.",0.1857,,
2022,356,India,074,Tea and mate,4.5193,,
2022,356,India,075,Spices,10.4238,,
2022,356,India,081,Feeding stuff for animals (no unmilled cereals),0.9248,,
2022,356,India,091,Margarine and shortening,0.0386,,
2022,356,India,098,"Edible products and preparations, n.e.s.",0.4054,,
2022,356,India,111,"Non-alcoholic beverages, n.e.s.",0.074,,
2022,356,India,112,Alcoholic beverages,0.1265,,
2022,356,India,121,"Tobacco, unmanufactured; tobacco refuse",4.2172,,
2022,356,India,122,"Tobacco, manufactured",0.6324,,
2022,356,India,211,"Hides and skins (except furskins), raw",0.0011,,
2022,356,India,212,"Furskins, raw, other than hides & skins of group 211",0,,
2022,356,India,222,Oil seeds and oleaginous fruits (excluding flour),0.5291,,
2022,356,India,223,"Oil seeds & oleaginous fruits (incl. flour, n.e.s.)",0.9667,,
2022,356,India,231,"Natural rubber & similar gums, in primary forms",0.0156,,
2022,356,India,232,Synthetic rubber,0.4716,,
2022,356,India,244,"Cork, natural, raw & waste (incl. blocks, sheets)",0.0538,,
2022,356,India,245,Fuel wood (excluding wood waste) and wood charcoal,1.228,,
2022,356,India,246,Wood in chips or particles and wood waste,0.0005,,
2022,356,India,247,Wood in the rough or roughly squared,0.0276,,
2022,356,India,248,"Wood simply worked, and railway sleepers of wood",0.0178,,
2022,356,India,251,Pulp and waste paper,0.0019,,
2022,356,India,261,Silk,1.9416,,
2022,356,India,263,Cotton,2.8986,,
2022,356,India,264,"Jute, other textile bast fibre, n.e.s., not spun; tow",5.4134,,
2022,356,India,265,"Vegetable textile fibres, not spun; waste of them",8.807,,
2022,356,India,266,Synthetic fibres suitable for spinning,2.2977,,
2022,356,India,267,Other man-made fibres suitable for spinning,2.0285,,
2022,356,India,268,Wool and other animal hair (incl. wool tops),0.1494,,
2022,356,India,269,Worn clothing and other worn textile articles,1.0823,,
2022,356,India,272,Crude fertilizers (excluding those of division 56),0.2231,,
2022,356,India,273,"Stone, sand and gravel",3.7559,,
2022,356,India,274,Sulphur and unroasted iron pyrites,2.6895,,
2022,356,India,277,"Natural abrasives, n.e.s. (incl. industri. diamonds)",0.6567,,
2022,356,India,278,Other crude minerals,2.0629,,
2022,356,India,281,Iron ore and concentrates,0.5094,,
2022,356,India,282,"Ferrous waste, scrape; remelting ingots, iron, steel",0.0163,,
2022,356,India,283,"Copper ores and concentrates; copper mattes, cemen",0.0325,,
2022,356,India,284,"Nickel ores & concentrates; nickel mattes, etc.",0,,
2022,356,India,285,Aluminium ores and concentrates (incl. alumina),1.8324,,
2022,356,India,286,Ores and concentrates of uranium or thorium,0,,
2022,356,India,287,"Ores and concentrates of base metals, n.e.s.",0.1272,,
2022,356,India,288,"Non-ferrous base metal waste and scrap, n.e.s.",0.1727,,
2022,356,India,289,"Ores & concentrates of precious metals; waste, scrap",0.2395,,
2022,356,India,291,"Crude animal materials, n.e.s.",0.9656,,
2022,356,India,292,"Crude vegetable materials, n.e.s.",1.3966,,
2022,356,India,321,"Coal, whether or not pulverized, not agglomerated",0.0358,,
2022,356,India,322,"Briquettes, lignites and peat",0.0071,,
2022,356,India,325,"Coke & semi-cokes of coal, lign., peat; retort carbon",0.9423,,
2022,356,India,334,Petroleum oils or bituminous minerals > 70 % oil,4.2816,,
2022,356,India,335,"Residual petroleum products, n.e.s., related mater.",1.5117,,
2022,356,India,342,Liquefied propane and butane,0.0001,,
2022,356,India,343,"Natural gas, whether or not liquefied",0.0001,,
2022,356,India,344,"Petroleum gases, other gaseous hydrocarbons, n.e.s.",2.4647,,
2022,356,India,351,Electric current,0.2768,,
2022,356,India,411,Animals oils and fats,1.0613,,
2022,356,India,421,"Fixed vegetable fats & oils, crude, refined, fractio.",0.1938,,
2022,356,India,422,"Fixed vegetable fats & oils, crude, refined, fract.",0.9549,,
2022,356,India,431,"Animal or veg. oils & fats, processed, n.e.s.; mixt.",0.9516,,
2022,356,India,511,"Hydrocarbons, n.e.s., & halogenated, nitr. derivative",2.3075,,
2022,356,India,512,"Alcohols, phenols, halogenat., sulfonat., nitrat. der.",1.0048,,
2022,356,India,513,"Carboxylic acids, anhydrides, halides, per.; derivati.",1.937,,
2022,356,India,514,Nitrogen-function compounds,2.8201,,
2022,356,India,515,"Organo-inorganic, heterocycl. compounds, nucl. acids",1.7545,,
2022,356,India,516,Other organic chemicals,3.6055,,
2022,356,India,522,"Inorganic chemical elements, oxides & halogen salts",0.6903,,
2022,356,India,523,"Metallic salts & peroxysalts, of inorganic acids",0.9928,,
2022,356,India,524,Other inorganic chemicals,0.2244,,
2022,356,India,525,Radio-actives and associated materials,0.3406,,
2022,356,India,531,Synth. organic colouring matter & colouring lakes,10.7081,,
2022,356,India,532,"Dyeing & tanning extracts, synth. tanning materials",1.312,,
2022,356,India,533,"Pigments, paints, varnishes and related materials",0.5816,,
2022,356,India,541,"Medicinal and pharmaceutical products, excluding 542",0.487,,
2022,356,India,542,Medicaments (incl. veterinary medicaments),2.0961,,
2022,356,India,551,"Essential oils, perfume & flavour materials",2.058,,
2022,356,India,553,"Perfumery, cosmetics or toilet prepar. (excluding soaps)",0.4167,,
2022,356,India,554,"Soaps, cleansing and polishing preparations",0.6867,,
2022,356,India,562,Fertilizers (other than those of group 272),0.0359,,
2022,356,India,571,"Polymers of ethylene, in primary forms",0.2468,,
2022,356,India,572,"Polymers of styrene, in primary forms",0.1443,,
2022,356,India,573,Polymers of vinyl chloride or halogenated olefins,0.5474,,
2022,356,India,574,"Polyethers, epoxide resins; polycarbonat., polyesters",0.8558,,
2022,356,India,575,"Other plastics, in primary forms",0.5214,,
2022,356,India,579,"Waste, parings and scrap, of plastics",0.059,,
2022,356,India,581,"Tubes, pipes and hoses of plastics",0.4775,,
2022,356,India,582,"Plates, sheets, films, foil & strip, of plastics",0.7664,,
2022,356,India,583,"Monofilaments, of plastics, cross-section > 1mm",0.3888,,
2022,356,India,591,"Insectides &  similar products, for retail sale",6.1437,,
2022,356,India,592,"Starche, wheat gluten; albuminoidal substances; glues",0.7286,,
2022,356,India,593,Explosives and pyrotechnic products,1.2095,,
2022,356,India,597,"Prepared addit. for miner. oils; lubricat., de-icing",0.6736,,
2022,356,India,598,"Miscellaneous chemical products, n.e.s.",0.3496,,
2022,356,India,611,Leather,1.4147,,
2022,356,India,612,"Manufactures of leather, n.e.s.; saddlery & harness",2.9401,,
2022,356,India,613,"Furskins, tanned or dressed, excluding those of 8483",0.0035,,
2022,356,India,621,"Materials of rubber (pastes, plates, sheets, etc.)",0.976,,
2022,356,India,625,"Rubber tyres, tyre treads or flaps & inner tubes",1.7522,,
2022,356,India,629,"Articles of rubber, n.e.s.",1.2012,,
2022,356,India,633,Cork manufactures,0.1252,,
2022,356,India,634,"Veneers, plywood, and other wood, worked, n.e.s.",0.1934,,
2022,356,India,635,"Wood manufacture, n.e.s.",0.5166,,
2022,356,India,641,Paper and paperboard,0.9269,,
2022,356,India,642,"Paper & paperboard, cut to shape or size, articles",0.575,,
2022,356,India,651,Textile yarn,5.076,,
2022,356,India,652,"Cotton fabrics, woven",4.9008,,
2022,356,India,653,"Fabrics, woven, of man-made fabrics",1.6891,,
2022,356,India,654,"Other textile fabrics, woven",1.8977,,
2022,356,India,655,"Knitted or crocheted fabrics, n.e.s.",0.8934,,
2022,356,India,656,"Tulles, trimmings, lace, ribbons & other small wares",1.5152,,
2022,356,India,657,"Special yarn, special textile fabrics & related",0.8264,,
2022,356,India,658,"Made-up articles, of textile materials, n.e.s.",4.1791,,
2022,356,India,659,"Floor coverings, etc.",5.6216,,
2022,356,India,661,"Lime, cement, fabrica. constr. mat. (excludingglass, clay)",2.1041,,
2022,356,India,662,"Clay construction, refracto. construction materials",3.1959,,
2022,356,India,663,"Mineral manufactures, n.e.s.",0.9528,,
2022,356,India,664,Glass,0.408,,
2022,356,India,665,Glassware,0.9615,,
2022,356,India,666,Pottery,0.1792,,
2022,356,India,667,"Pearls, precious & semi-precious stones",9.0267,,
2022,356,India,671,"Pig iron & spiegeleisen, sponge iron, powder & granu",3.5251,,
2022,356,India,672,"Ingots, primary forms, of iron or steel; semi-finis.",1.3232,,
2022,356,India,673,"Flat-rolled prod., iron, non-alloy steel, not coated",1.5682,,
2022,356,India,674,"Flat-rolled prod., iron, non-alloy steel, coated, clad",0.6711,,
2022,356,India,675,Flat-rolled products of alloy steel,1.2177,,
2022,356,India,676,"Iron & steel bars, rods, angles, shapes & sections",1.2385,,
2022,356,India,677,"Rails & railway track construction mat., iron, steel",0.6022,,
2022,356,India,678,Wire of iron or steel,1.6603,,
2022,356,India,679,"Tubes, pipes & hollow profiles, fittings, iron, steel",1.7899,,
2022,356,India,681,"Silver, platinum, other metals of the platinum group",0.0336,,
2022,356,India,682,Copper,0.3431,,
2022,356,India,683,Nickel,0.3808,,
2022,356,India,684,Aluminium,2.2174,,
2022,356,India,685,Lead,3.4097,,
2022,356,India,686,Zinc,3.8864,,
2022,356,India,687,Tin,0.0989,,
2022,356,India,689,Miscellaneous no-ferrous base metals for metallur.,0.3,,
2022,356,India,691,"Structures & parts, n.e.s., of iron, steel, aluminium",1.1052,,
2022,356,India,692,Metal containers for storage or transport,0.7594,,
2022,356,India,693,Wire products (excluding electrical) and fencing grills,1.6809,,
2022,356,India,694,"Nails, screws, nuts, bolts, rivets & the like, of metal",0.9321,,
2022,356,India,695,Tools for use in the hand or in machine,0.879,,
2022,356,India,696,Cutlery,0.6513,,
2022,356,India,697,"Household equipment of base metal, n.e.s.",1.0076,,
2022,356,India,699,"Manufactures of base metal, n.e.s.",1.1572,,
2022,356,India,711,"Vapour generating boilers, auxiliary plant; parts",2.4853,,
2022,356,India,712,"Steam turbines & other vapour turbin., parts, n.e.s.",1.7137,,
2022,356,India,713,"Internal combustion piston engines, parts, n.e.s.",1.1776,,
2022,356,India,714,"Engines & motors, non-electric; parts, n.e.s.",1.3953,,
2022,356,India,716,"Rotating electric plant & parts thereof, n.e.s.",1.2798,,
2022,356,India,718,"Other power generating machinery & parts, n.e.s.",1.2664,,
2022,356,India,721,Agricultural machinery (excluding tractors) & parts,0.4125,,
2022,356,India,722,Tractors (excluding those of 71414 & 74415),2.7944,,
2022,356,India,723,Civil engineering & contractors' plant & equipment,0.9605,,
2022,356,India,724,"Textile & leather machinery, & parts thereof, n.e.s.",1.3678,,
2022,356,India,725,"Paper mill, pulp mill machinery; paper articles man.",0.6025,,
2022,356,India,726,"Printing & bookbinding machinery, & parts thereof",0.5073,,
2022,356,India,727,Food-processing machines (excluding domestic),1.1667,,
2022,356,India,728,"Other machinery for particular industries, n.e.s.",0.4161,,
2022,356,India,731,Machine-tools working by removing material,0.2279,,
2022,356,India,733,"Mach.-tools for working metal, excluding removing mate.",0.3191,,
2022,356,India,735,"Parts, n.e.s., & accessories for machines of 731, 733",0.9101,,
2022,356,India,737,Metalworking machinery (excludingmachine-tools) & parts,0.9099,,
2022,356,India,741,"Heating & cooling equipment & parts thereof, n.e.s.",0.5615,,
2022,356,India,742,Pumps for liquids,0.9761,,
2022,356,India,743,"Pumps (excluding liquid), gas compressors & fans; centr.",0.6916,,
2022,356,India,744,"Mechanical handling equipment, & parts, n.e.s.",0.3794,,
2022,356,India,745,"Other non-electr. machinery, tools & mechan. appar.",0.3954,,
2022,356,India,746,Ball or roller bearings,1.3186,,
2022,356,India,747,"Appliances for pipes, boiler shells, tanks, vats, etc.",0.9426,,
2022,356,India,748,Transmis. shafts,1.4728,,
2022,356,India,749,"Non-electric parts & accessor. of machinery, n.e.s.",0.7925,,
2022,356,India,751,Office machines,1.488,,
2022,356,India,752,"Automatic data processing machines, n.e.s.",0.0353,,
2022,356,India,759,"Parts, accessories for machines of groups 751, 752",0.1365,,
2022,356,India,761,"Television receivers, whether or not combined",0.0402,,
2022,356,India,762,"Radio-broadcast receivers, whether or not combined",0.2416,,
2022,356,India,763,Sound recorders or reproducers,0.047,,
2022,356,India,764,"Telecommunication equipment, n.e.s.; & parts, n.e.s.",0.8435,,
2022,356,India,771,"Electric power machinery, and parts thereof",1.0054,,
2022,356,India,772,"Apparatus for electrical circuits; board, panels",0.4968,,
2022,356,India,773,"Equipment for distributing electricity, n.e.s.",0.6173,,
2022,356,India,774,"Electro-diagnostic appa. for medical sciences, etc.",0.6199,,
2022,356,India,775,"Household type equipment, electrical or not, n.e.s.",0.1334,,
2022,356,India,776,Cathode valves & tubes,0.0782,,
2022,356,India,778,"Electrical machinery & apparatus, n.e.s.",0.3327,,
2022,356,India,781,Motor vehicles for the transport of persons,0.4612,,
2022,356,India,782,"Motor vehic. for transport of goods, special purpo.",0.5851,,
2022,356,India,783,"Road motor vehicles, n.e.s.",0.1889,,
2022,356,India,784,"Parts & accessories of vehicles of 722, 781, 782, 783",0.8852,,
2022,356,India,785,Motorcycles & cycles,2.4263,,
2022,356,India,786,Trailers & semi-trailers,0.1955,,
2022,356,India,791,Railway vehicles & associated equipment,0.6518,,
2022,356,India,792,"Aircraft & associated equipment; spacecraft, etc.",0.4011,,
2022,356,India,793,"Ships, boats & floating structures",1.3535,,
2022,356,India,811,Prefabricated buildings,0.3167,,
2022,356,India,812,"Sanitary, plumbing, heating fixtures, fittings, n.e.s.",0.3605,,
2022,356,India,813,"Lighting fixtures & fittings, n.e.s.",0.203,,
2022,356,India,821,Furniture & parts,0.5292,,
2022,356,India,831,"Travel goods, handbags & similar containers",1.0697,,
2022,356,India,841,"Men's clothing of textile fabrics, not knitted",1.4799,,
2022,356,India,842,"Women's clothing, of textile fabrics",2.1404,,
2022,356,India,843,"Men's or boy's clothing, of textile, knitted, croche.",2.7254,,
2022,356,India,844,"Women's clothing, of textile, knitted or crocheted",1.2066,,
2022,356,India,845,"Articles of apparel, of textile fabrics, n.e.s.",1.7079,,
2022,356,India,846,"Clothing accessories, of textile fabrics",0.9861,,
2022,356,India,848,"Articles of apparel, clothing access., excluding textile",1.3225,,
2022,356,India,851,Footwear,0.962,,
2022,356,India,871,"Optical instruments & apparatus, n.e.s.",0.0327,,
2022,356,India,872,"Instruments & appliances, n.e.s., for medical, etc.",0.3568,,
2022,356,India,873,"Meters & counters, n.e.s.",0.412,,
2022,356,India,874,"Measuring, analysing & controlling apparatus, n.e.s.",0.3604,,
2022,356,India,881,"Photographic apparatus & equipment, n.e.s.",0.1583,,
2022,356,India,882,Cinematographic & photographic supplies,0.0412,,
2022,356,India,883,"Cinematograph films, exposed & developed",0.0349,,
2022,356,India,884,"Optical goods, n.e.s.",0.673,,
2022,356,India,885,Watches & clocks,0.0782,,
2022,356,India,891,Arms & ammunition,0.5893,,
2022,356,India,892,Printed matter,0.5282,,
2022,356,India,893,"Articles, n.e.s., of plastics",0.5012,,
2022,356,India,894,"Baby carriages, toys, games & sporting goods",0.1763,,
2022,356,India,895,"Office & stationery supplies, n.e.s.",0.9863,,
2022,356,India,896,"Works of art, collectors' pieces & antiques",0.1592,,
2022,356,India,897,"Jewellery & articles of precious materia., n.e.s.",4.5624,,
2022,356,India,898,"Musical instruments, parts; records, tapes & similar",0.159,,
2022,356,India,899,"Miscellaneous manufactured articles, n.e.s.",0.5793,,
2022,356,India,961,"Coin (other than gold coin), not being legal tender",0.0814,,
2022,356,India,971,"Gold, non-monetary (excluding gold ores and concentrates)",0.011,,
2023,356,India,001,Live animals other than animals of division 03,0.0169,,
2023,356,India,011,"Meat of bovine animals, fresh, chilled or frozen",2.7582,,
2023,356,India,012,Other meat and edible meat offal,0.196,,
2023,356,India,016,"Meat, edible meat offal, salted, dried; flours, meals",0.0028,,
2023,356,India,017,"Meat, edible meat offal, prepared, preserved, n.e.s.",0.0045,,
2023,356,India,022,"Milk, cream and milk products (excluding butter, cheese)",0.042,,
2023,356,India,023,Butter and other fats and oils derived from milk,0.6129,,
2023,356,India,024,Cheese and curd,0.0606,,
2023,356,India,025,"Birds' eggs, and eggs' yolks; egg albumin",1.0933,,
2023,356,India,034,"Fish, fresh (live or dead), chilled or frozen",0.6995,,
2023,356,India,035,"Fish, dried, salted or in brine; smoked fish",0.3194,,
2023,356,India,036,"Crustaceans, mollusks and aquatic invertebrates",7.6989,,
2023,356,India,037,"Fish, aqua. invertebrates, prepared, preserved, n.e.s.",1.0601,,
2023,356,India,041,"Wheat (including spelt) and meslin, unmilled",0.0416,,
2023,356,India,042,Rice,17.0843,,
2023,356,India,043,"Barley, unmilled",0.0119,,
2023,356,India,044,"Maize (not including sweet corn), unmilled",0.7033,,
2023,356,India,045,"Cereals, unmilled (excluding wheat, rice, barley, maize)",0.7503,,
2023,356,India,046,Meal and flour of wheat and flour of meslin,0.3943,,
2023,356,India,047,Other cereal meals and flour,2.3202,,
2023,356,India,048,"Cereal preparations, flour of fruits or vegetables",0.4093,,
2023,356,India,054,Vegetables,1.0427,,
2023,356,India,056,"Vegetables, roots, tubers, prepared, preserved, n.e.s.",1.0808,,
2023,356,India,057,"Fruits and nuts (excluding oil nuts), fresh or dried",0.5397,,
2023,356,India,058,"Fruit, preserved, and fruit preparations (no juice)",1.5692,,
2023,356,India,059,"Fruit and vegetable juices, unfermented, no spirit",0.0622,,
2023,356,India,061,"Sugar, molasses and honey",4.178,,
2023,356,India,062,Sugar confectionery,0.6295,,
2023,356,India,071,Coffee and coffee substitutes,1.2701,,
2023,356,India,072,Cocoa,0.1002,,
2023,356,India,073,"Chocolate, food preparations with cocoa, n.e.s.",0.176,,
2023,356,India,074,Tea and mate,4.5053,,
2023,356,India,075,Spices,11.3205,,
2023,356,India,081,Feeding stuff for animals (no unmilled cereals),1.3758,,
2023,356,India,091,Margarine and shortening,0.1017,,
2023,356,India,098,"Edible products and preparations, n.e.s.",0.43,,
2023,356,India,111,"Non-alcoholic beverages, n.e.s.",0.0918,,
2023,356,India,112,Alcoholic beverages,0.1389,,
2023,356,India,121,"Tobacco, unmanufactured; tobacco refuse",4.6113,,
2023,356,India,122,"Tobacco, manufactured",0.4917,,
2023,356,India,211,"Hides and skins (except furskins), raw",0.0076,,
2023,356,India,212,"Furskins, raw, other than hides & skins of group 211",0.0003,,
2023,356,India,222,Oil seeds and oleaginous fruits (excluding flour),0.6295,,
2023,356,India,223,"Oil seeds & oleaginous fruits (incl. flour, n.e.s.)",1.0078,,
2023,356,India,231,"Natural rubber & similar gums, in primary forms",0.029,,
2023,356,India,232,Synthetic rubber,0.4048,,
2023,356,India,244,"Cork, natural, raw & waste (incl. blocks, sheets)",0.0464,,
2023,356,India,245,Fuel wood (excluding wood waste) and wood charcoal,0.8706,,
2023,356,India,246,Wood in chips or particles and wood waste,0.0007,,
2023,356,India,247,Wood in the rough or roughly squared,0.1498,,
2023,356,India,248,"Wood simply worked, and railway sleepers of wood",0.0221,,
2023,356,India,251,Pulp and waste paper,0.0095,,
2023,356,India,261,Silk,3.7154,,
2023,356,India,263,Cotton,2.6453,,
2023,356,India,264,"Jute, other textile bast fibre, n.e.s., not spun; tow",4.5584,,
2023,356,India,265,"Vegetable textile fibres, not spun; waste of them",5.6409,,
2023,356,India,266,Synthetic fibres suitable for spinning,1.7768,,
2023,356,India,267,Other man-made fibres suitable for spinning,1.8655,,
2023,356,India,268,Wool and other animal hair (incl. wool tops),0.1231,,
2023,356,India,269,Worn clothing and other worn textile articles,1.0805,,
2023,356,India,272,Crude fertilizers (excluding those of division 56),0.1616,,
2023,356,India,273,"Stone, sand and gravel",3.3386,,
2023,356,India,274,Sulphur and unroasted iron pyrites,1.7209,,
2023,356,India,277,"Natural abrasives, n.e.s. (incl. industri. diamonds)",0.9653,,
2023,356,India,278,Other crude minerals,2.0678,,
2023,356,India,281,Iron ore and concentrates,1.1647,,
2023,356,India,282,"Ferrous waste, scrape; remelting ingots, iron, steel",0.02,,
2023,356,India,283,"Copper ores and concentrates; copper mattes, cemen",0.0311,,
2023,356,India,284,"Nickel ores & concentrates; nickel mattes, etc.",0.0006,,
2023,356,India,285,Aluminium ores and concentrates (incl. alumina),2.1992,,
2023,356,India,286,Ores and concentrates of uranium or thorium,0.0438,,
2023,356,India,287,"Ores and concentrates of base metals, n.e.s.",0.1366,,
2023,356,India,288,"Non-ferrous base metal waste and scrap, n.e.s.",0.181,,
2023,356,India,289,"Ores & concentrates of precious metals; waste, scrap",0.21,,
2023,356,India,291,"Crude animal materials, n.e.s.",1.2345,,
2023,356,India,292,"Crude vegetable materials, n.e.s.",1.2611,,
2023,356,India,321,"Coal, whether or not pulverized, not agglomerated",0.0565,,
2023,356,India,322,"Briquettes, lignites and peat",0.0076,,
2023,356,India,325,"Coke & semi-cokes of coal, lign., peat; retort carbon",0.2015,,
2023,356,India,334,Petroleum oils or bituminous minerals > 70 % oil,4.4779,,
2023,356,India,335,"Residual petroleum products, n.e.s., related mater.",1.6221,,
2023,356,India,342,Liquefied propane and butane,0,,
2023,356,India,343,"Natural gas, whether or not liquefied",0.0003,,
2023,356,India,344,"Petroleum gases, other gaseous hydrocarbons, n.e.s.",2.4925,,
2023,356,India,345,"Coal gas, water gas & similar gases (excludinghydrocar.)",0,,
2023,356,India,351,Electric current,1.0868,,
2023,356,India,411,Animals oils and fats,1.3556,,
2023,356,India,421,"Fixed vegetable fats & oils, crude, refined, fractio.",0.2773,,
2023,356,India,422,"Fixed vegetable fats & oils, crude, refined, fract.",1.1309,,
2023,356,India,431,"Animal or veg. oils & fats, processed, n.e.s.; mixt.",0.9965,,
2023,356,India,511,"Hydrocarbons, n.e.s., & halogenated, nitr. derivative",1.7663,,
2023,356,India,512,"Alcohols, phenols, halogenat., sulfonat., nitrat. der.",1.0632,,
2023,356,India,513,"Carboxylic acids, anhydrides, halides, per.; derivati.",2.1062,,
2023,356,India,514,Nitrogen-function compounds,3.2244,,
2023,356,India,515,"Organo-inorganic, heterocycl. compounds, nucl. acids",1.6458,,
2023,356,India,516,Other organic chemicals,3.7476,,
2023,356,India,522,"Inorganic chemical elements, oxides & halogen salts",0.7599,,
2023,356,India,523,"Metallic salts & peroxysalts, of inorganic acids",1.2473,,
2023,356,India,524,Other inorganic chemicals,0.3366,,
2023,356,India,525,Radio-actives and associated materials,0.318,,
2023,356,India,531,Synth. organic colouring matter & colouring lakes,9.8794,,
2023,356,India,532,"Dyeing & tanning extracts, synth. tanning materials",1.3991,,
2023,356,India,533,"Pigments, paints, varnishes and related materials",0.6123,,
2023,356,India,541,"Medicinal and pharmaceutical products, excluding 542",0.5369,,
2023,356,India,542,Medicaments (incl. veterinary medicaments),2.2135,,
2023,356,India,551,"Essential oils, perfume & flavour materials",1.9277,,
2023,356,India,553,"Perfumery, cosmetics or toilet prepar. (excluding soaps)",0.6018,,
2023,356,India,554,"Soaps, cleansing and polishing preparations",0.727,,
2023,356,India,562,Fertilizers (other than those of group 272),0.0579,,
2023,356,India,571,"Polymers of ethylene, in primary forms",0.273,,
2023,356,India,572,"Polymers of styrene, in primary forms",0.2552,,
2023,356,India,573,Polymers of vinyl chloride or halogenated olefins,0.5747,,
2023,356,India,574,"Polyethers, epoxide resins; polycarbonat., polyesters",0.6172,,
2023,356,India,575,"Other plastics, in primary forms",0.5659,,
2023,356,India,579,"Waste, parings and scrap, of plastics",0.0388,,
2023,356,India,581,"Tubes, pipes and hoses of plastics",0.4428,,
2023,356,India,582,"Plates, sheets, films, foil & strip, of plastics",0.7271,,
2023,356,India,583,"Monofilaments, of plastics, cross-section > 1mm",0.339,,
2023,356,India,591,"Insectides &  similar products, for retail sale",5.4757,,
2023,356,India,592,"Starche, wheat gluten; albuminoidal substances; glues",0.7373,,
2023,356,India,593,Explosives and pyrotechnic products,1.8126,,
2023,356,India,597,"Prepared addit. for miner. oils; lubricat., de-icing",0.7328,,
2023,356,India,598,"Miscellaneous chemical products, n.e.s.",0.3918,,
2023,356,India,611,Leather,1.5517,,
2023,356,India,612,"Manufactures of leather, n.e.s.; saddlery & harness",2.3985,,
2023,356,India,613,"Furskins, tanned or dressed, excluding those of 8483",0.0071,,
2023,356,India,621,"Materials of rubber (pastes, plates, sheets, etc.)",0.9367,,
2023,356,India,625,"Rubber tyres, tyre treads or flaps & inner tubes",1.476,,
2023,356,India,629,"Articles of rubber, n.e.s.",1.1851,,
2023,356,India,633,Cork manufactures,0.1419,,
2023,356,India,634,"Veneers, plywood, and other wood, worked, n.e.s.",0.2208,,
2023,356,India,635,"Wood manufacture, n.e.s.",0.5094,,
2023,356,India,641,Paper and paperboard,0.8683,,
2023,356,India,642,"Paper & paperboard, cut to shape or size, articles",0.5732,,
2023,356,India,651,Textile yarn,5.6712,,
2023,356,India,652,"Cotton fabrics, woven",4.7994,,
2023,356,India,653,"Fabrics, woven, of man-made fabrics",1.7983,,
2023,356,India,654,"Other textile fabrics, woven",1.7377,,
2023,356,India,655,"Knitted or crocheted fabrics, n.e.s.",0.6681,,
2023,356,India,656,"Tulles, trimmings, lace, ribbons & other small wares",1.7126,,
2023,356,India,657,"Special yarn, special textile fabrics & related",0.9468,,
2023,356,India,658,"Made-up articles, of textile materials, n.e.s.",4.1793,,
2023,356,India,659,"Floor coverings, etc.",5.264,,
2023,356,India,661,"Lime, cement, fabrica. constr. mat. (excludingglass, clay)",1.9446,,
2023,356,India,662,"Clay construction, refracto. construction materials",4.4348,,
2023,356,India,663,"Mineral manufactures, n.e.s.",0.9466,,
2023,356,India,664,Glass,0.3889,,
2023,356,India,665,Glassware,0.983,,
2023,356,India,666,Pottery,0.1843,,
2023,356,India,667,"Pearls, precious & semi-precious stones",7.8098,,
2023,356,India,671,"Pig iron & spiegeleisen, sponge iron, powder & granu",3.5018,,
2023,356,India,672,"Ingots, primary forms, of iron or steel; semi-finis.",0.8235,,
2023,356,India,673,"Flat-rolled prod., iron, non-alloy steel, not coated",1.3797,,
2023,356,India,674,"Flat-rolled prod., iron, non-alloy steel, coated, clad",1.1258,,
2023,356,India,675,Flat-rolled products of alloy steel,0.7214,,
2023,356,India,676,"Iron & steel bars, rods, angles, shapes & sections",1.158,,
2023,356,India,677,"Rails & railway track construction mat., iron, steel",0.4994,,
2023,356,India,678,Wire of iron or steel,1.8224,,
2023,356,India,679,"Tubes, pipes & hollow profiles, fittings, iron, steel",1.8768,,
2023,356,India,681,"Silver, platinum, other metals of the platinum group",0.0757,,
2023,356,India,682,Copper,0.5433,,
2023,356,India,683,Nickel,0.2689,,
2023,356,India,684,Aluminium,1.9718,,
2023,356,India,685,Lead,4.8694,,
2023,356,India,686,Zinc,2.9446,,
2023,356,India,687,Tin,0.1315,,
2023,356,India,689,Miscellaneous no-ferrous base metals for metallur.,0.2761,,
2023,356,India,691,"Structures & parts, n.e.s., of iron, steel, aluminium",1.0959,,
2023,356,India,692,Metal containers for storage or transport,0.822,,
2023,356,India,693,Wire products (excluding electrical) and fencing grills,2.4714,,
2023,356,India,694,"Nails, screws, nuts, bolts, rivets & the like, of metal",0.9525,,
2023,356,India,695,Tools for use in the hand or in machine,0.8085,,
2023,356,India,696,Cutlery,0.654,,
2023,356,India,697,"Household equipment of base metal, n.e.s.",0.9721,,
2023,356,India,699,"Manufactures of base metal, n.e.s.",1.1197,,
2023,356,India,711,"Vapour generating boilers, auxiliary plant; parts",2.2741,,
2023,356,India,712,"Steam turbines & other vapour turbin., parts, n.e.s.",1.5279,,
2023,356,India,713,"Internal combustion piston engines, parts, n.e.s.",1.0505,,
2023,356,India,714,"Engines & motors, non-electric; parts, n.e.s.",1.3815,,
2023,356,India,716,"Rotating electric plant & parts thereof, n.e.s.",1.1936,,
2023,356,India,718,"Other power generating machinery & parts, n.e.s.",0.894,,
2023,356,India,721,Agricultural machinery (excluding tractors) & parts,0.3612,,
2023,356,India,722,Tractors (excluding those of 71414 & 74415),1.7619,,
2023,356,India,723,Civil engineering & contractors' plant & equipment,1.0524,,
2023,356,India,724,"Textile & leather machinery, & parts thereof, n.e.s.",1.3725,,
2023,356,India,725,"Paper mill, pulp mill machinery; paper articles man.",0.6875,,
2023,356,India,726,"Printing & bookbinding machinery, & parts thereof",0.5166,,
2023,356,India,727,Food-processing machines (excluding domestic),1.0137,,
2023,356,India,728,"Other machinery for particular industries, n.e.s.",0.4219,,
2023,356,India,731,Machine-tools working by removing material,0.2845,,
2023,356,India,733,"Mach.-tools for working metal, excluding removing mate.",0.279,,
2023,356,India,735,"Parts, n.e.s., & accessories for machines of 731, 733",0.8868,,
2023,356,India,737,Metalworking machinery (excludingmachine-tools) & parts,0.8106,,
2023,356,India,741,"Heating & cooling equipment & parts thereof, n.e.s.",0.53,,
2023,356,India,742,Pumps for liquids,0.9404,,
2023,356,India,743,"Pumps (excluding liquid), gas compressors & fans; centr.",0.6766,,
2023,356,India,744,"Mechanical handling equipment, & parts, n.e.s.",0.4367,,
2023,356,India,745,"Other non-electr. machinery, tools & mechan. appar.",0.4099,,
2023,356,India,746,Ball or roller bearings,1.2673,,
2023,356,India,747,"Appliances for pipes, boiler shells, tanks, vats, etc.",1.0564,,
2023,356,India,748,Transmis. shafts,1.5085,,
2023,356,India,749,"Non-electric parts & accessor. of machinery, n.e.s.",0.7703,,
2023,356,India,751,Office machines,2.0343,,
2023,356,India,752,"Automatic data processing machines, n.e.s.",0.0558,,
2023,356,India,759,"Parts, accessories for machines of groups 751, 752",0.1839,,
2023,356,India,761,"Television receivers, whether or not combined",0.03,,
2023,356,India,762,"Radio-broadcast receivers, whether or not combined",0.2871,,
2023,356,India,763,Sound recorders or reproducers,0.085,,
2023,356,India,764,"Telecommunication equipment, n.e.s.; & parts, n.e.s.",1.3393,,
2023,356,India,771,"Electric power machinery, and parts thereof",0.984,,
2023,356,India,772,"Apparatus for electrical circuits; board, panels",0.5347,,
2023,356,India,773,"Equipment for distributing electricity, n.e.s.",0.6927,,
2023,356,India,774,"Electro-diagnostic appa. for medical sciences, etc.",0.5968,,
2023,356,India,775,"Household type equipment, electrical or not, n.e.s.",0.1377,,
2023,356,India,776,Cathode valves & tubes,0.1092,,
2023,356,India,778,"Electrical machinery & apparatus, n.e.s.",0.3218,,
2023,356,India,781,Motor vehicles for the transport of persons,0.3821,,
2023,356,India,782,"Motor vehic. for transport of goods, special purpo.",0.4325,,
2023,356,India,783,"Road motor vehicles, n.e.s.",0.1441,,
2023,356,India,784,"Parts & accessories of vehicles of 722, 781, 782, 783",0.8497,,
2023,356,India,785,Motorcycles & cycles,2.4502,,
2023,356,India,786,Trailers & semi-trailers,0.2687,,
2023,356,India,791,Railway vehicles & associated equipment,0.4689,,
2023,356,India,792,"Aircraft & associated equipment; spacecraft, etc.",0.5975,,
2023,356,India,793,"Ships, boats & floating structures",1.6474,,
2023,356,India,811,Prefabricated buildings,0.3381,,
2023,356,India,812,"Sanitary, plumbing, heating fixtures, fittings, n.e.s.",0.4375,,
2023,356,India,813,"Lighting fixtures & fittings, n.e.s.",0.252,,
2023,356,India,821,Furniture & parts,0.4847,,
2023,356,India,831,"Travel goods, handbags & similar containers",0.9497,,
2023,356,India,841,"Men's clothing of textile fabrics, not knitted",1.4578,,
2023,356,India,842,"Women's clothing, of textile fabrics",2.0716,,
2023,356,India,843,"Men's or boy's clothing, of textile, knitted, croche.",2.4586,,
2023,356,India,844,"Women's clothing, of textile, knitted or crocheted",1.0873,,
2023,356,India,845,"Articles of apparel, of textile fabrics, n.e.s.",1.5294,,
2023,356,India,846,"Clothing accessories, of textile fabrics",0.9344,,
2023,356,India,848,"Articles of apparel, clothing access., excluding textile",1.3898,,
2023,356,India,851,Footwear,0.8725,,
2023,356,India,871,"Optical instruments & apparatus, n.e.s.",0.0621,,
2023,356,India,872,"Instruments & appliances, n.e.s., for medical, etc.",0.3812,,
2023,356,India,873,"Meters & counters, n.e.s.",0.3205,,
2023,356,India,874,"Measuring, analysing & controlling apparatus, n.e.s.",0.3972,,
2023,356,India,881,"Photographic apparatus & equipment, n.e.s.",0.1968,,
2023,356,India,882,Cinematographic & photographic supplies,0.0553,,
2023,356,India,883,"Cinematograph films, exposed & developed",1.0271,,
2023,356,India,884,"Optical goods, n.e.s.",0.6809,,
2023,356,India,885,Watches & clocks,0.0831,,
2023,356,India,891,Arms & ammunition,0.5561,,
2023,356,India,892,Printed matter,0.5951,,
2023,356,India,893,"Articles, n.e.s., of plastics",0.4889,,
2023,356,India,894,"Baby carriages, toys, games & sporting goods",0.172,,
2023,356,India,895,"Office & stationery supplies, n.e.s.",1.0023,,
2023,356,India,896,"Works of art, collectors' pieces & antiques",0.2639,,
2023,356,India,897,"Jewellery & articles of precious materia., n.e.s.",4.2761,,
2023,356,India,898,"Musical instruments, parts; records, tapes & similar",0.1699,,
2023,356,India,899,"Miscellaneous manufactured articles, n.e.s.",0.6263,,
2023,356,India,961,"Coin (other than gold coin), not being legal tender",0.1272,,
2023,356,India,971,"Gold, non-monetary (excluding gold ores and concentrates)",0.0082,,
2024,356,India,001,Live animals other than animals of division 03,0.0346,,
2024,356,India,011,"Meat of bovine animals, fresh, chilled or frozen",2.7618,,
2024,356,India,012,Other meat and edible meat offal,0.1893,,
2024,356,India,016,"Meat, edible meat offal, salted, dried; flours, meals",0.002,,
2024,356,India,017,"Meat, edible meat offal, prepared, preserved, n.e.s.",0.0022,,
2024,356,India,022,"Milk, cream and milk products (excluding butter, cheese)",0.0658,,
2024,356,India,023,Butter and other fats and oils derived from milk,1.2046,,
2024,356,India,024,Cheese and curd,0.0582,,
2024,356,India,025,"Birds' eggs, and eggs' yolks; egg albumin",1.0174,,
2024,356,India,034,"Fish, fresh (live or dead), chilled or frozen",0.589,,
2024,356,India,035,"Fish, dried, salted or in brine; smoked fish",0.3288,,
2024,356,India,036,"Crustaceans, mollusks and aquatic invertebrates",7.7332,,
2024,356,India,037,"Fish, aqua. invertebrates, prepared, preserved, n.e.s.",1.0568,,
2024,356,India,041,"Wheat (including spelt) and meslin, unmilled",0.022,,
2024,356,India,042,Rice,16.8347,,
2024,356,India,043,"Barley, unmilled",0.012,,
2024,356,India,044,"Maize (not including sweet corn), unmilled",0.2157,,
2024,356,India,045,"Cereals, unmilled (excluding wheat, rice, barley, maize)",0.7431,,
2024,356,India,046,Meal and flour of wheat and flour of meslin,0.6706,,
2024,356,India,047,Other cereal meals and flour,2.6182,,
2024,356,India,048,"Cereal preparations, flour of fruits or vegetables",0.4508,,
2024,356,India,054,Vegetables,0.9243,,
2024,356,India,056,"Vegetables, roots, tubers, prepared, preserved, n.e.s.",1.2286,,
2024,356,India,057,"Fruits and nuts (excluding oil nuts), fresh or dried",0.5402,,
2024,356,India,058,"Fruit, preserved, and fruit preparations (no juice)",1.6189,,
2024,356,India,059,"Fruit and vegetable juices, unfermented, no spirit",0.0675,,
2024,356,India,061,"Sugar, molasses and honey",2.5659,,
2024,356,India,062,Sugar confectionery,0.6149,,
2024,356,India,071,Coffee and coffee substitutes,1.5051,,
2024,356,India,072,Cocoa,0.0928,,
2024,356,India,073,"Chocolate, food preparations with cocoa, n.e.s.",0.1787,,
2024,356,India,074,Tea and mate,4.7815,,
2024,356,India,075,Spices,11.6802,,
2024,356,India,081,Feeding stuff for animals (no unmilled cereals),1.1151,,
2024,356,India,091,Margarine and shortening,0.1069,,
2024,356,India,098,"Edible products and preparations, n.e.s.",0.4757,,
2024,356,India,111,"Non-alcoholic beverages, n.e.s.",0.1285,,
2024,356,India,112,Alcoholic beverages,0.16,,
2024,356,India,121,"Tobacco, unmanufactured; tobacco refuse",5.8064,,
2024,356,India,122,"Tobacco, manufactured",0.5594,,
2024,356,India,211,"Hides and skins (except furskins), raw",0.0078,,
2024,356,India,212,"Furskins, raw, other than hides & skins of group 211",0.0001,,
2024,356,India,222,Oil seeds and oleaginous fruits (excluding flour),0.7005,,
2024,356,India,223,"Oil seeds & oleaginous fruits (incl. flour, n.e.s.)",1.1353,,
2024,356,India,231,"Natural rubber & similar gums, in primary forms",0.0267,,
2024,356,India,232,Synthetic rubber,0.4381,,
2024,356,India,244,"Cork, natural, raw & waste (incl. blocks, sheets)",0.0505,,
2024,356,India,245,Fuel wood (excluding wood waste) and wood charcoal,0.9591,,
2024,356,India,246,Wood in chips or particles and wood waste,0.0005,,
2024,356,India,247,Wood in the rough or roughly squared,0.0322,,
2024,356,India,248,"Wood simply worked, and railway sleepers of wood",0.0286,,
2024,356,India,251,Pulp and waste paper,0.0073,,
2024,356,India,261,Silk,4.3883,,
2024,356,India,263,Cotton,2.9851,,
2024,356,India,264,"Jute, other textile bast fibre, n.e.s., not spun; tow",4.0901,,
2024,356,India,265,"Vegetable textile fibres, not spun; waste of them",6.6065,,
2024,356,India,266,Synthetic fibres suitable for spinning,2.1621,,
2024,356,India,267,Other man-made fibres suitable for spinning,1.5005,,
2024,356,India,268,Wool and other animal hair (incl. wool tops),0.1073,,
2024,356,India,269,Worn clothing and other worn textile articles,0.8111,,
2024,356,India,272,Crude fertilizers (excluding those of division 56),0.3273,,
2024,356,India,273,"Stone, sand and gravel",2.6165,,
2024,356,India,274,Sulphur and unroasted iron pyrites,0.7397,,
2024,356,India,277,"Natural abrasives, n.e.s. (incl. industri. diamonds)",0.8654,,
2024,356,India,278,Other crude minerals,2.7853,,
2024,356,India,281,Iron ore and concentrates,0.9096,,
2024,356,India,282,"Ferrous waste, scrape; remelting ingots, iron, steel",0.0153,,
2024,356,India,283,"Copper ores and concentrates; copper mattes, cemen",0.0223,,
2024,356,India,284,"Nickel ores & concentrates; nickel mattes, etc.",0.0008,,
2024,356,India,285,Aluminium ores and concentrates (incl. alumina),2.291,,
2024,356,India,286,Ores and concentrates of uranium or thorium,0.001,,
2024,356,India,287,"Ores and concentrates of base metals, n.e.s.",0.0894,,
2024,356,India,288,"Non-ferrous base metal waste and scrap, n.e.s.",0.1866,,
2024,356,India,289,"Ores & concentrates of precious metals; waste, scrap",0.1703,,
2024,356,India,291,"Crude animal materials, n.e.s.",1.2581,,
2024,356,India,292,"Crude vegetable materials, n.e.s.",1.3762,,
2024,356,India,321,"Coal, whether or not pulverized, not agglomerated",0.0799,,
2024,356,India,322,"Briquettes, lignites and peat",0.0027,,
2024,356,India,325,"Coke & semi-cokes of coal, lign., peat; retort carbon",0.2319,,
2024,356,India,334,Petroleum oils or bituminous minerals > 70 % oil,3.9346,,
2024,356,India,335,"Residual petroleum products, n.e.s., related mater.",2.4731,,
2024,356,India,342,Liquefied propane and butane,0,,
2024,356,India,343,"Natural gas, whether or not liquefied",0.0008,,
2024,356,India,344,"Petroleum gases, other gaseous hydrocarbons, n.e.s.",2.2426,,
2024,356,India,351,Electric current,1.0376,,
2024,356,India,411,Animals oils and fats,0.6227,,
2024,356,India,421,"Fixed vegetable fats & oils, crude, refined, fractio.",0.3926,,
2024,356,India,422,"Fixed vegetable fats & oils, crude, refined, fract.",1.2031,,
2024,356,India,431,"Animal or veg. oils & fats, processed, n.e.s.; mixt.",1.0108,,
2024,356,India,511,"Hydrocarbons, n.e.s., & halogenated, nitr. derivative",1.713,,
2024,356,India,512,"Alcohols, phenols, halogenat., sulfonat., nitrat. der.",1.0256,,
2024,356,India,513,"Carboxylic acids, anhydrides, halides, per.; derivati.",2.143,,
2024,356,India,514,Nitrogen-function compounds,3.1092,,
2024,356,India,515,"Organo-inorganic, heterocycl. compounds, nucl. acids",2.1015,,
2024,356,India,516,Other organic chemicals,3.7782,,
2024,356,India,522,"Inorganic chemical elements, oxides & halogen salts",0.9882,,
2024,356,India,523,"Metallic salts & peroxysalts, of inorganic acids",1.5228,,
2024,356,India,524,Other inorganic chemicals,0.2925,,
2024,356,India,525,Radio-actives and associated materials,0.1981,,
2024,356,India,531,Synth. organic colouring matter & colouring lakes,10.5723,,
2024,356,India,532,"Dyeing & tanning extracts, synth. tanning materials",1.4278,,
2024,356,India,533,"Pigments, paints, varnishes and related materials",0.6575,,
2024,356,India,541,"Medicinal and pharmaceutical products, excluding 542",0.5054,,
2024,356,India,542,Medicaments (incl. veterinary medicaments),2.3281,,
2024,356,India,551,"Essential oils, perfume & flavour materials",1.8161,,
2024,356,India,553,"Perfumery, cosmetics or toilet prepar. (excluding soaps)",0.4879,,
2024,356,India,554,"Soaps, cleansing and polishing preparations",0.7227,,
2024,356,India,562,Fertilizers (other than those of group 272),0.0804,,
2024,356,India,571,"Polymers of ethylene, in primary forms",0.3075,,
2024,356,India,572,"Polymers of styrene, in primary forms",0.2329,,
2024,356,India,573,Polymers of vinyl chloride or halogenated olefins,0.661,,
2024,356,India,574,"Polyethers, epoxide resins; polycarbonat., polyesters",0.6556,,
2024,356,India,575,"Other plastics, in primary forms",0.5846,,
2024,356,India,579,"Waste, parings and scrap, of plastics",0.0348,,
2024,356,India,581,"Tubes, pipes and hoses of plastics",0.5139,,
2024,356,India,582,"Plates, sheets, films, foil & strip, of plastics",0.8285,,
2024,356,India,583,"Monofilaments, of plastics, cross-section > 1mm",0.3491,,
2024,356,India,591,"Insectides &  similar products, for retail sale",5.4162,,
2024,356,India,592,"Starche, wheat gluten; albuminoidal substances; glues",0.7652,,
2024,356,India,593,Explosives and pyrotechnic products,2.4958,,
2024,356,India,597,"Prepared addit. for miner. oils; lubricat., de-icing",0.8808,,
2024,356,India,598,"Miscellaneous chemical products, n.e.s.",0.4713,,
2024,356,India,611,Leather,1.5966,,
2024,356,India,612,"Manufactures of leather, n.e.s.; saddlery & harness",2.7717,,
2024,356,India,613,"Furskins, tanned or dressed, excluding those of 8483",0.0051,,
2024,356,India,621,"Materials of rubber (pastes, plates, sheets, etc.)",0.9805,,
2024,356,India,625,"Rubber tyres, tyre treads or flaps & inner tubes",1.63,,
2024,356,India,629,"Articles of rubber, n.e.s.",1.2518,,
2024,356,India,633,Cork manufactures,0.145,,
2024,356,India,634,"Veneers, plywood, and other wood, worked, n.e.s.",0.187,,
2024,356,India,635,"Wood manufacture, n.e.s.",0.5257,,
2024,356,India,641,Paper and paperboard,0.8062,,
2024,356,India,642,"Paper & paperboard, cut to shape or size, articles",0.6254,,
2024,356,India,651,Textile yarn,5.447,,
2024,356,India,652,"Cotton fabrics, woven",5.0801,,
2024,356,India,653,"Fabrics, woven, of man-made fabrics",1.612,,
2024,356,India,654,"Other textile fabrics, woven",2.1698,,
2024,356,India,655,"Knitted or crocheted fabrics, n.e.s.",0.7753,,
2024,356,India,656,"Tulles, trimmings, lace, ribbons & other small wares",1.5903,,
2024,356,India,657,"Special yarn, special textile fabrics & related",1.0563,,
2024,356,India,658,"Made-up articles, of textile materials, n.e.s.",4.5377,,
2024,356,India,659,"Floor coverings, etc.",5.7267,,
2024,356,India,661,"Lime, cement, fabrica. constr. mat. (excludingglass, clay)",1.8504,,
2024,356,India,662,"Clay construction, refracto. construction materials",4.3172,,
2024,356,India,663,"Mineral manufactures, n.e.s.",1.0784,,
2024,356,India,664,Glass,0.4299,,
2024,356,India,665,Glassware,1.0617,,
2024,356,India,666,Pottery,0.216,,
2024,356,India,667,"Pearls, precious & semi-precious stones",7.5054,,
2024,356,India,671,"Pig iron & spiegeleisen, sponge iron, powder & granu",3.1939,,
2024,356,India,672,"Ingots, primary forms, of iron or steel; semi-finis.",0.8242,,
2024,356,India,673,"Flat-rolled prod., iron, non-alloy steel, not coated",1.1501,,
2024,356,India,674,"Flat-rolled prod., iron, non-alloy steel, coated, clad",1.0751,,
2024,356,India,675,Flat-rolled products of alloy steel,0.597,,
2024,356,India,676,"Iron & steel bars, rods, angles, shapes & sections",1.1135,,
2024,356,India,677,"Rails & railway track construction mat., iron, steel",0.9994,,
2024,356,India,678,Wire of iron or steel,1.9291,,
2024,356,India,679,"Tubes, pipes & hollow profiles, fittings, iron, steel",2.0319,,
2024,356,India,681,"Silver, platinum, other metals of the platinum group",0.3391,,
2024,356,India,682,Copper,0.432,,
2024,356,India,683,Nickel,0.3065,,
2024,356,India,684,Aluminium,1.9019,,
2024,356,India,685,Lead,5.8423,,
2024,356,India,686,Zinc,2.4512,,
2024,356,India,687,Tin,0.1877,,
2024,356,India,689,Miscellaneous no-ferrous base metals for metallur.,0.3061,,
2024,356,India,691,"Structures & parts, n.e.s., of iron, steel, aluminium",1.0758,,
2024,356,India,692,Metal containers for storage or transport,0.7898,,
2024,356,India,693,Wire products (excluding electrical) and fencing grills,2.1251,,
2024,356,India,694,"Nails, screws, nuts, bolts, rivets & the like, of metal",1.0264,,
2024,356,India,695,Tools for use in the hand or in machine,0.8861,,
2024,356,India,696,Cutlery,0.7195,,
2024,356,India,697,"Household equipment of base metal, n.e.s.",0.9821,,
2024,356,India,699,"Manufactures of base metal, n.e.s.",1.1696,,
2024,356,India,711,"Vapour generating boilers, auxiliary plant; parts",1.9936,,
2024,356,India,712,"Steam turbines & other vapour turbin., parts, n.e.s.",1.504,,
2024,356,India,713,"Internal combustion piston engines, parts, n.e.s.",1.0889,,
2024,356,India,714,"Engines & motors, non-electric; parts, n.e.s.",1.527,,
2024,356,India,716,"Rotating electric plant & parts thereof, n.e.s.",1.2839,,
2024,356,India,718,"Other power generating machinery & parts, n.e.s.",1.0462,,
2024,356,India,721,Agricultural machinery (excluding tractors) & parts,0.3974,,
2024,356,India,722,Tractors (excluding those of 71414 & 74415),2.3063,,
2024,356,India,723,Civil engineering & contractors' plant & equipment,1.2689,,
2024,356,India,724,"Textile & leather machinery, & parts thereof, n.e.s.",1.0791,,
2024,356,India,725,"Paper mill, pulp mill machinery; paper articles man.",0.6394,,
2024,356,India,726,"Printing & bookbinding machinery, & parts thereof",0.6775,,
2024,356,India,727,Food-processing machines (excluding domestic),1.0277,,
2024,356,India,728,"Other machinery for particular industries, n.e.s.",0.4171,,
2024,356,India,731,Machine-tools working by removing material,0.2816,,
2024,356,India,733,"Mach.-tools for working metal, excluding removing mate.",0.2837,,
2024,356,India,735,"Parts, n.e.s., & accessories for machines of 731, 733",1.0253,,
2024,356,India,737,Metalworking machinery (excludingmachine-tools) & parts,0.8355,,
2024,356,India,741,"Heating & cooling equipment & parts thereof, n.e.s.",0.589,,
2024,356,India,742,Pumps for liquids,1.0345,,
2024,356,India,743,"Pumps (excluding liquid), gas compressors & fans; centr.",0.6949,,
2024,356,India,744,"Mechanical handling equipment, & parts, n.e.s.",0.4779,,
2024,356,India,745,"Other non-electr. machinery, tools & mechan. appar.",0.4634,,
2024,356,India,746,Ball or roller bearings,1.2871,,
2024,356,India,747,"Appliances for pipes, boiler shells, tanks, vats, etc.",1.1322,,
2024,356,India,748,Transmis. shafts,1.6063,,
2024,356,India,749,"Non-electric parts & accessor. of machinery, n.e.s.",0.8176,,
2024,356,India,751,Office machines,1.5383,,
2024,356,India,752,"Automatic data processing machines, n.e.s.",0.1092,,
2024,356,India,759,"Parts, accessories for machines of groups 751, 752",0.193,,
2024,356,India,761,"Television receivers, whether or not combined",0.0401,,
2024,356,India,762,"Radio-broadcast receivers, whether or not combined",0.1672,,
2024,356,India,763,Sound recorders or reproducers,0.1078,,
2024,356,India,764,"Telecommunication equipment, n.e.s.; & parts, n.e.s.",1.8212,,
2024,356,India,771,"Electric power machinery, and parts thereof",1.0379,,
2024,356,India,772,"Apparatus for electrical circuits; board, panels",0.5969,,
2024,356,India,773,"Equipment for distributing electricity, n.e.s.",0.729,,
2024,356,India,774,"Electro-diagnostic appa. for medical sciences, etc.",0.6312,,
2024,356,India,775,"Household type equipment, electrical or not, n.e.s.",0.1421,,
2024,356,India,776,Cathode valves & tubes,0.0984,,
2024,356,India,778,"Electrical machinery & apparatus, n.e.s.",0.3527,,
2024,356,India,781,Motor vehicles for the transport of persons,0.4044,,
2024,356,India,782,"Motor vehic. for transport of goods, special purpo.",0.3777,,
2024,356,India,783,"Road motor vehicles, n.e.s.",0.1575,,
2024,356,India,784,"Parts & accessories of vehicles of 722, 781, 782, 783",0.9271,,
2024,356,India,785,Motorcycles & cycles,2.9181,,
2024,356,India,786,Trailers & semi-trailers,0.2461,,
2024,356,India,791,Railway vehicles & associated equipment,0.5244,,
2024,356,India,792,"Aircraft & associated equipment; spacecraft, etc.",2.0707,,
2024,356,India,793,"Ships, boats & floating structures",1.6067,,
2024,356,India,811,Prefabricated buildings,0.3764,,
2024,356,India,812,"Sanitary, plumbing, heating fixtures, fittings, n.e.s.",0.446,,
2024,356,India,813,"Lighting fixtures & fittings, n.e.s.",0.2463,,
2024,356,India,821,Furniture & parts,0.529,,
2024,356,India,831,"Travel goods, handbags & similar containers",0.9957,,
2024,356,India,841,"Men's clothing of textile fabrics, not knitted",1.5373,,
2024,356,India,842,"Women's clothing, of textile fabrics",2.171,,
2024,356,India,843,"Men's or boy's clothing, of textile, knitted, croche.",2.691,,
2024,356,India,844,"Women's clothing, of textile, knitted or crocheted",1.193,,
2024,356,India,845,"Articles of apparel, of textile fabrics, n.e.s.",1.6208,,
2024,356,India,846,"Clothing accessories, of textile fabrics",0.937,,
2024,356,India,848,"Articles of apparel, clothing access., excluding textile",1.375,,
2024,356,India,851,Footwear,0.8637,,
2024,356,India,871,"Optical instruments & apparatus, n.e.s.",0.0488,,
2024,356,India,872,"Instruments & appliances, n.e.s., for medical, etc.",0.3795,,
2024,356,India,873,"Meters & counters, n.e.s.",0.4651,,
2024,356,India,874,"Measuring, analysing & controlling apparatus, n.e.s.",0.407,,
2024,356,India,881,"Photographic apparatus & equipment, n.e.s.",0.2515,,
2024,356,India,882,Cinematographic & photographic supplies,0.0621,,
2024,356,India,883,"Cinematograph films, exposed & developed",0.0524,,
2024,356,India,884,"Optical goods, n.e.s.",0.4135,,
2024,356,India,885,Watches & clocks,0.0665,,
2024,356,India,891,Arms & ammunition,0.6906,,
2024,356,India,892,Printed matter,0.587,,
2024,356,India,893,"Articles, n.e.s., of plastics",0.5389,,
2024,356,India,894,"Baby carriages, toys, games & sporting goods",0.2021,,
2024,356,India,895,"Office & stationery supplies, n.e.s.",3.9104,,
2024,356,India,896,"Works of art, collectors' pieces & antiques",0.5878,,
2024,356,India,897,"Jewellery & articles of precious materia., n.e.s.",4.0826,,
2024,356,India,898,"Musical instruments, parts; records, tapes & similar",0.1899,,
2024,356,India,899,"Miscellaneous manufactured articles, n.e.s.",0.622,,
2024,356,India,961,"Coin (other than gold coin), not being legal tender",0.2725,,
2024,356,India,971,"Gold, non-monetary (excluding gold ores and concentrates)",0.0311,,
2025,356,India,001,Live animals other than animals of division 03,0.0189,Estimated,
2025,356,India,011,"Meat of bovine animals, fresh, chilled or frozen",2.1216,Estimated,
2025,356,India,012,Other meat and edible meat offal,0.1518,Estimated,
2025,356,India,016,"Meat, edible meat offal, salted, dried; flours, meals",0.0017,Estimated,
2025,356,India,017,"Meat, edible meat offal, prepared, preserved, n.e.s.",0.0038,Estimated,
2025,356,India,022,"Milk, cream and milk products (excluding butter, cheese)",0.0534,Estimated,
2025,356,India,023,Butter and other fats and oils derived from milk,0.6538,Estimated,
2025,356,India,024,Cheese and curd,0.0553,Estimated,
2025,356,India,025,"Birds' eggs, and eggs' yolks; egg albumin",1.367,Estimated,
2025,356,India,034,"Fish, fresh (live or dead), chilled or frozen",1.7427,Estimated,
2025,356,India,035,"Fish, dried, salted or in brine; smoked fish",0.4559,Estimated,
2025,356,India,036,"Crustaceans, mollusks and aquatic invertebrates",7.1133,Estimated,
2025,356,India,037,"Fish, aqua. invertebrates, prepared, preserved, n.e.s.",1.2785,Estimated,
2025,356,India,041,"Wheat (including spelt) and meslin, unmilled",0.93,Estimated,
2025,356,India,042,Rice,13.9438,Estimated,
2025,356,India,043,"Barley, unmilled",0.0064,Estimated,
2025,356,India,044,"Maize (not including sweet corn), unmilled",0.5059,Estimated,
2025,356,India,045,"Cereals, unmilled (excluding wheat, rice, barley, maize)",1.1028,Estimated,
2025,356,India,046,Meal and flour of wheat and flour of meslin,1.4022,Estimated,
2025,356,India,047,Other cereal meals and flour,2.0774,Estimated,
2025,356,India,048,"Cereal preparations, flour of fruits or vegetables",0.3525,Estimated,
2025,356,India,054,Vegetables,0.7732,Estimated,
2025,356,India,056,"Vegetables, roots, tubers, prepared, preserved, n.e.s.",1.3481,Estimated,
2025,356,India,057,"Fruits and nuts (excluding oil nuts), fresh or dried",0.429,Estimated,
2025,356,India,058,"Fruit, preserved, and fruit preparations (no juice)",1.7179,Estimated,
2025,356,India,059,"Fruit and vegetable juices, unfermented, no spirit",0.0631,Estimated,
2025,356,India,061,"Sugar, molasses and honey",3.5452,Estimated,
2025,356,India,062,Sugar confectionery,0.4471,Estimated,
2025,356,India,071,Coffee and coffee substitutes,1.5404,Estimated,
2025,356,India,072,Cocoa,0.0932,Estimated,
2025,356,India,073,"Chocolate, food preparations with cocoa, n.e.s.",0.162,Estimated,
2025,356,India,074,Tea and mate,5.0233,Estimated,
2025,356,India,075,Spices,10.7225,Estimated,
2025,356,India,081,Feeding stuff for animals (no unmilled cereals),2.5409,Estimated,
2025,356,India,091,Margarine and shortening,0.0696,Estimated,
2025,356,India,098,"Edible products and preparations, n.e.s.",0.3988,Estimated,
2025,356,India,111,"Non-alcoholic beverages, n.e.s.",0.0895,Estimated,
2025,356,India,112,Alcoholic beverages,0.1392,Estimated,
2025,356,India,121,"Tobacco, unmanufactured; tobacco refuse",4.6271,Estimated,
2025,356,India,122,"Tobacco, manufactured",0.4772,Estimated,
2025,356,India,211,"Hides and skins (except furskins), raw",0.0045,Estimated,
2025,356,India,212,"Furskins, raw, other than hides & skins of group 211",0.0003,Estimated,
2025,356,India,222,Oil seeds and oleaginous fruits (excluding flour),0.7623,Estimated,
2025,356,India,223,"Oil seeds & oleaginous fruits (incl. flour, n.e.s.)",0.9345,Estimated,
2025,356,India,231,"Natural rubber & similar gums, in primary forms",0.0199,Estimated,
2025,356,India,232,Synthetic rubber,0.4821,Estimated,
2025,356,India,244,"Cork, natural, raw & waste (incl. blocks, sheets)",0.0498,Estimated,
2025,356,India,245,Fuel wood (excluding wood waste) and wood charcoal,1.0394,Estimated,
2025,356,India,246,Wood in chips or particles and wood waste,0.0006,Estimated,
2025,356,India,247,Wood in the rough or roughly squared,0.0764,Estimated,
2025,356,India,248,"Wood simply worked, and railway sleepers of wood",0.021,Estimated,
2025,356,India,251,Pulp and waste paper,0.006,Estimated,
2025,356,India,261,Silk,3.0153,Estimated,
2025,356,India,263,Cotton,4.572,Estimated,
2025,356,India,264,"Jute, other textile bast fibre, n.e.s., not spun; tow",5.1565,Estimated,
2025,356,India,265,"Vegetable textile fibres, not spun; waste of them",6.1317,Estimated,
2025,356,India,266,Synthetic fibres suitable for spinning,2.0604,Estimated,
2025,356,India,267,Other man-made fibres suitable for spinning,1.2071,Estimated,
2025,356,India,268,Wool and other animal hair (incl. wool tops),0.1155,Estimated,
2025,356,India,269,Worn clothing and other worn textile articles,0.8772,Estimated,
2025,356,India,272,Crude fertilizers (excluding those of division 56),0.1581,Estimated,
2025,356,India,273,"Stone, sand and gravel",6.3493,Estimated,
2025,356,India,274,Sulphur and unroasted iron pyrites,1.302,Estimated,
2025,356,India,277,"Natural abrasives, n.e.s. (incl. industri. diamonds)",1.0872,Estimated,
2025,356,India,278,Other crude minerals,4.3243,Estimated,
2025,356,India,281,Iron ore and concentrates,0.7584,Estimated,
2025,356,India,282,"Ferrous waste, scrape; remelting ingots, iron, steel",0.0256,Estimated,
2025,356,India,283,"Copper ores and concentrates; copper mattes, cemen",0.0298,Estimated,
2025,356,India,284,"Nickel ores & concentrates; nickel mattes, etc.",0.001,Estimated,
2025,356,India,285,Aluminium ores and concentrates (incl. alumina),2.7207,Estimated,
2025,356,India,286,Ores and concentrates of uranium or thorium,0.0408,Estimated,
2025,356,India,287,"Ores and concentrates of base metals, n.e.s.",0.6148,Estimated,
2025,356,India,288,"Non-ferrous base metal waste and scrap, n.e.s.",0.5854,Estimated,
2025,356,India,289,"Ores & concentrates of precious metals; waste, scrap",0.2064,Estimated,
2025,356,India,291,"Crude animal materials, n.e.s.",1.097,Estimated,
2025,356,India,292,"Crude vegetable materials, n.e.s.",1.7045,Estimated,
2025,356,India,321,"Coal, whether or not pulverized, not agglomerated",0.0505,Estimated,
2025,356,India,322,"Briquettes, lignites and peat",0.0047,Estimated,
2025,356,India,325,"Coke & semi-cokes of coal, lign., peat; retort carbon",0.5164,Estimated,
2025,356,India,334,Petroleum oils or bituminous minerals > 70 % oil,4.368,Estimated,
2025,356,India,335,"Residual petroleum products, n.e.s., related mater.",1.6482,Estimated,
2025,356,India,342,Liquefied propane and butane,0.0001,Estimated,
2025,356,India,343,"Natural gas, whether or not liquefied",0.001,Estimated,
2025,356,India,344,"Petroleum gases, other gaseous hydrocarbons, n.e.s.",1.7069,Estimated,
2025,356,India,345,"Coal gas, water gas & similar gases (excludinghydrocar.)",0,Estimated,
2025,356,India,351,Electric current,0.6996,Estimated,
2025,356,India,411,Animals oils and fats,0.8055,Estimated,
2025,356,India,421,"Fixed vegetable fats & oils, crude, refined, fractio.",0.3767,Estimated,
2025,356,India,422,"Fixed vegetable fats & oils, crude, refined, fract.",1.3774,Estimated,
2025,356,India,431,"Animal or veg. oils & fats, processed, n.e.s.; mixt.",1.1797,Estimated,
2025,356,India,511,"Hydrocarbons, n.e.s., & halogenated, nitr. derivative",5.2955,Estimated,
2025,356,India,512,"Alcohols, phenols, halogenat., sulfonat., nitrat. der.",1.264,Estimated,
2025,356,India,513,"Carboxylic acids, anhydrides, halides, per.; derivati.",2.1548,Estimated,
2025,356,India,514,Nitrogen-function compounds,4.282,Estimated,
2025,356,India,515,"Organo-inorganic, heterocycl. compounds, nucl. acids",1.7492,Estimated,
2025,356,India,516,Other organic chemicals,4.3256,Estimated,
2025,356,India,522,"Inorganic chemical elements, oxides & halogen salts",1.1695,Estimated,
2025,356,India,523,"Metallic salts & peroxysalts, of inorganic acids",1.3425,Estimated,
2025,356,India,524,Other inorganic chemicals,0.308,Estimated,
2025,356,India,525,Radio-actives and associated materials,0.2426,Estimated,
2025,356,India,531,Synth. organic colouring matter & colouring lakes,12.9557,Estimated,
2025,356,India,532,"Dyeing & tanning extracts, synth. tanning materials",3.1098,Estimated,
2025,356,India,533,"Pigments, paints, varnishes and related materials",0.6139,Estimated,
2025,356,India,541,"Medicinal and pharmaceutical products, excluding 542",0.5855,Estimated,
2025,356,India,542,Medicaments (incl. veterinary medicaments),1.8382,Estimated,
2025,356,India,551,"Essential oils, perfume & flavour materials",1.7831,Estimated,
2025,356,India,553,"Perfumery, cosmetics or toilet prepar. (excluding soaps)",0.4235,Estimated,
2025,356,India,554,"Soaps, cleansing and polishing preparations",0.7298,Estimated,
2025,356,India,562,Fertilizers (other than those of group 272),0.0551,Estimated,
2025,356,India,571,"Polymers of ethylene, in primary forms",0.2482,Estimated,
2025,356,India,572,"Polymers of styrene, in primary forms",0.1772,Estimated,
2025,356,India,573,Polymers of vinyl chloride or halogenated olefins,0.6613,Estimated,
2025,356,India,574,"Polyethers, epoxide resins; polycarbonat., polyesters",0.6205,Estimated,
2025,356,India,575,"Other plastics, in primary forms",0.5762,Estimated,
2025,356,India,579,"Waste, parings and scrap, of plastics",0.0721,Estimated,
2025,356,India,581,"Tubes, pipes and hoses of plastics",0.4207,Estimated,
2025,356,India,582,"Plates, sheets, films, foil & strip, of plastics",0.8567,Estimated,
2025,356,India,583,"Monofilaments, of plastics, cross-section > 1mm",0.3156,Estimated,
2025,356,India,591,"Insectides &  similar products, for retail sale",5.9032,Estimated,
2025,356,India,592,"Starche, wheat gluten; albuminoidal substances; glues",0.5539,Estimated,
2025,356,India,593,Explosives and pyrotechnic products,1.6911,Estimated,
2025,356,India,597,"Prepared addit. for miner. oils; lubricat., de-icing",0.9388,Estimated,
2025,356,India,598,"Miscellaneous chemical products, n.e.s.",0.4749,Estimated,
2025,356,India,611,Leather,1.6487,Estimated,
2025,356,India,612,"Manufactures of leather, n.e.s.; saddlery & harness",3.1313,Estimated,
2025,356,India,613,"Furskins, tanned or dressed, excluding those of 8483",0.0061,Estimated,
2025,356,India,621,"Materials of rubber (pastes, plates, sheets, etc.)",0.8674,Estimated,
2025,356,India,625,"Rubber tyres, tyre treads or flaps & inner tubes",1.5436,Estimated,
2025,356,India,629,"Articles of rubber, n.e.s.",1.1056,Estimated,
2025,356,India,633,Cork manufactures,0.1274,Estimated,
2025,356,India,634,"Veneers, plywood, and other wood, worked, n.e.s.",0.2019,Estimated,
2025,356,India,635,"Wood manufacture, n.e.s.",0.5727,Estimated,
2025,356,India,641,Paper and paperboard,0.8026,Estimated,
2025,356,India,642,"Paper & paperboard, cut to shape or size, articles",0.5418,Estimated,
2025,356,India,651,Textile yarn,5.5524,Estimated,
2025,356,India,652,"Cotton fabrics, woven",4.1303,Estimated,
2025,356,India,653,"Fabrics, woven, of man-made fabrics",1.3602,Estimated,
2025,356,India,654,"Other textile fabrics, woven",1.8176,Estimated,
2025,356,India,655,"Knitted or crocheted fabrics, n.e.s.",0.6815,Estimated,
2025,356,India,656,"Tulles, trimmings, lace, ribbons & other small wares",1.4136,Estimated,
2025,356,India,657,"Special yarn, special textile fabrics & related",0.7981,Estimated,
2025,356,India,658,"Made-up articles, of textile materials, n.e.s.",4.1304,Estimated,
2025,356,India,659,"Floor coverings, etc.",5.5329,Estimated,
2025,356,India,661,"Lime, cement, fabrica. constr. mat. (excludingglass, clay)",1.7802,Estimated,
2025,356,India,662,"Clay construction, refracto. construction materials",5.891,Estimated,
2025,356,India,663,"Mineral manufactures, n.e.s.",0.9927,Estimated,
2025,356,India,664,Glass,0.5076,Estimated,
2025,356,India,665,Glassware,1.0153,Estimated,
2025,356,India,666,Pottery,0.1907,Estimated,
2025,356,India,667,"Pearls, precious & semi-precious stones",7.7922,Estimated,
2025,356,India,671,"Pig iron & spiegeleisen, sponge iron, powder & granu",7.6991,Estimated,
2025,356,India,672,"Ingots, primary forms, of iron or steel; semi-finis.",1.6769,Estimated,
2025,356,India,673,"Flat-rolled prod., iron, non-alloy steel, not coated",1.1256,Estimated,
2025,356,India,674,"Flat-rolled prod., iron, non-alloy steel, coated, clad",0.995,Estimated,
2025,356,India,675,Flat-rolled products of alloy steel,1.097,Estimated,
2025,356,India,676,"Iron & steel bars, rods, angles, shapes & sections",1.9472,Estimated,
2025,356,India,677,"Rails & railway track construction mat., iron, steel",1.0529,Estimated,
2025,356,India,678,Wire of iron or steel,1.7121,Estimated,
2025,356,India,679,"Tubes, pipes & hollow profiles, fittings, iron, steel",1.7504,Estimated,
2025,356,India,681,"Silver, platinum, other metals of the platinum group",0.1408,Estimated,
2025,356,India,682,Copper,0.4079,Estimated,
2025,356,India,683,Nickel,0.233,Estimated,
2025,356,India,684,Aluminium,4.5092,Estimated,
2025,356,India,685,Lead,8.5832,Estimated,
2025,356,India,686,Zinc,13.0589,Estimated,
2025,356,India,687,Tin,0.2091,Estimated,
2025,356,India,689,Miscellaneous no-ferrous base metals for metallur.,0.2759,Estimated,
2025,356,India,691,"Structures & parts, n.e.s., of iron, steel, aluminium",1.0439,Estimated,
2025,356,India,692,Metal containers for storage or transport,0.9713,Estimated,
2025,356,India,693,Wire products (excluding electrical) and fencing grills,2.0101,Estimated,
2025,356,India,694,"Nails, screws, nuts, bolts, rivets & the like, of metal",0.9281,Estimated,
2025,356,India,695,Tools for use in the hand or in machine,0.8487,Estimated,
2025,356,India,696,Cutlery,0.6066,Estimated,
2025,356,India,697,"Household equipment of base metal, n.e.s.",0.9371,Estimated,
2025,356,India,699,"Manufactures of base metal, n.e.s.",1.097,Estimated,
2025,356,India,711,"Vapour generating boilers, auxiliary plant; parts",4.1939,Estimated,
2025,356,India,712,"Steam turbines & other vapour turbin., parts, n.e.s.",1.3164,Estimated,
2025,356,India,713,"Internal combustion piston engines, parts, n.e.s.",1.1597,Estimated,
2025,356,India,714,"Engines & motors, non-electric; parts, n.e.s.",1.561,Estimated,
2025,356,India,716,"Rotating electric plant & parts thereof, n.e.s.",1.2565,Estimated,
2025,356,India,718,"Other power generating machinery & parts, n.e.s.",1.0143,Estimated,
2025,356,India,721,Agricultural machinery (excluding tractors) & parts,0.4121,Estimated,
2025,356,India,722,Tractors (excluding those of 71414 & 74415),2.5875,Estimated,
2025,356,India,723,Civil engineering & contractors' plant & equipment,1.0938,Estimated,
2025,356,India,724,"Textile & leather machinery, & parts thereof, n.e.s.",1.1375,Estimated,
2025,356,India,725,"Paper mill, pulp mill machinery; paper articles man.",0.6308,Estimated,
2025,356,India,726,"Printing & bookbinding machinery, & parts thereof",0.5921,Estimated,
2025,356,India,727,Food-processing machines (excluding domestic),0.8458,Estimated,
2025,356,India,728,"Other machinery for particular industries, n.e.s.",0.3838,Estimated,
2025,356,India,731,Machine-tools working by removing material,0.2946,Estimated,
2025,356,India,733,"Mach.-tools for working metal, excluding removing mate.",0.2724,Estimated,
2025,356,India,735,"Parts, n.e.s., & accessories for machines of 731, 733",1.1757,Estimated,
2025,356,India,737,Metalworking machinery (excludingmachine-tools) & parts,1.019,Estimated,
2025,356,India,741,"Heating & cooling equipment & parts thereof, n.e.s.",0.4919,Estimated,
2025,356,India,742,Pumps for liquids,1.0975,Estimated,
2025,356,India,743,"Pumps (excluding liquid), gas compressors & fans; centr.",0.7441,Estimated,
2025,356,India,744,"Mechanical handling equipment, & parts, n.e.s.",0.4198,Estimated,
2025,356,India,745,"Other non-electr. machinery, tools & mechan. appar.",0.3965,Estimated,
2025,356,India,746,Ball or roller bearings,1.3152,Estimated,
2025,356,India,747,"Appliances for pipes, boiler shells, tanks, vats, etc.",1.0097,Estimated,
2025,356,India,748,Transmis. shafts,1.5186,Estimated,
2025,356,India,749,"Non-electric parts & accessor. of machinery, n.e.s.",0.7633,Estimated,
2025,356,India,751,Office machines,1.4287,Estimated,
2025,356,India,752,"Automatic data processing machines, n.e.s.",0.0612,Estimated,
2025,356,India,759,"Parts, accessories for machines of groups 751, 752",0.1449,Estimated,
2025,356,India,761,"Television receivers, whether or not combined",0.0349,Estimated,
2025,356,India,762,"Radio-broadcast receivers, whether or not combined",0.162,Estimated,
2025,356,India,763,Sound recorders or reproducers,0.0685,Estimated,
2025,356,India,764,"Telecommunication equipment, n.e.s.; & parts, n.e.s.",1.145,Estimated,
2025,356,India,771,"Electric power machinery, and parts thereof",1.1301,Estimated,
2025,356,India,772,"Apparatus for electrical circuits; board, panels",0.5653,Estimated,
2025,356,India,773,"Equipment for distributing electricity, n.e.s.",0.646,Estimated,
2025,356,India,774,"Electro-diagnostic appa. for medical sciences, etc.",0.5408,Estimated,
2025,356,India,775,"Household type equipment, electrical or not, n.e.s.",0.1727,Estimated,
2025,356,India,776,Cathode valves & tubes,0.0777,Estimated,
2025,356,India,778,"Electrical machinery & apparatus, n.e.s.",0.3717,Estimated,
2025,356,India,781,Motor vehicles for the transport of persons,0.3545,Estimated,
2025,356,India,782,"Motor vehic. for transport of goods, special purpo.",0.3807,Estimated,
2025,356,India,783,"Road motor vehicles, n.e.s.",0.1438,Estimated,
2025,356,India,784,"Parts & accessories of vehicles of 722, 781, 782, 783",0.8428,Estimated,
2025,356,India,785,Motorcycles & cycles,2.9412,Estimated,
2025,356,India,786,Trailers & semi-trailers,0.2431,Estimated,
2025,356,India,791,Railway vehicles & associated equipment,0.477,Estimated,
2025,356,India,792,"Aircraft & associated equipment; spacecraft, etc.",0.7998,Estimated,
2025,356,India,793,"Ships, boats & floating structures",1.4927,Estimated,
2025,356,India,811,Prefabricated buildings,0.3353,Estimated,
2025,356,India,812,"Sanitary, plumbing, heating fixtures, fittings, n.e.s.",0.5572,Estimated,
2025,356,India,813,"Lighting fixtures & fittings, n.e.s.",0.2296,Estimated,
2025,356,India,821,Furniture & parts,0.5067,Estimated,
2025,356,India,831,"Travel goods, handbags & similar containers",1.0148,Estimated,
2025,356,India,841,"Men's clothing of textile fabrics, not knitted",1.4584,Estimated,
2025,356,India,842,"Women's clothing, of textile fabrics",2.0901,Estimated,
2025,356,India,843,"Men's or boy's clothing, of textile, knitted, croche.",2.6024,Estimated,
2025,356,India,844,"Women's clothing, of textile, knitted or crocheted",1.0895,Estimated,
2025,356,India,845,"Articles of apparel, of textile fabrics, n.e.s.",1.5411,Estimated,
2025,356,India,846,"Clothing accessories, of textile fabrics",0.9184,Estimated,
2025,356,India,848,"Articles of apparel, clothing access., excluding textile",1.3327,Estimated,
2025,356,India,851,Footwear,0.8704,Estimated,
2025,356,India,871,"Optical instruments & apparatus, n.e.s.",0.0405,Estimated,
2025,356,India,872,"Instruments & appliances, n.e.s., for medical, etc.",0.3357,Estimated,
2025,356,India,873,"Meters & counters, n.e.s.",0.5129,Estimated,
2025,356,India,874,"Measuring, analysing & controlling apparatus, n.e.s.",0.4298,Estimated,
2025,356,India,881,"Photographic apparatus & equipment, n.e.s.",0.1838,Estimated,
2025,356,India,882,Cinematographic & photographic supplies,0.0404,Estimated,
2025,356,India,883,"Cinematograph films, exposed & developed",0.3707,Estimated,
2025,356,India,884,"Optical goods, n.e.s.",0.5048,Estimated,
2025,356,India,885,Watches & clocks,0.0965,Estimated,
2025,356,India,891,Arms & ammunition,0.3786,Estimated,
2025,356,India,892,Printed matter,0.5208,Estimated,
2025,356,India,893,"Articles, n.e.s., of plastics",0.5247,Estimated,
2025,356,India,894,"Baby carriages, toys, games & sporting goods",0.1833,Estimated,
2025,356,India,895,"Office & stationery supplies, n.e.s.",1.9367,Estimated,
2025,356,India,897,"Jewellery & articles of precious materia., n.e.s.",3.6722,Estimated,
2025,356,India,898,"Musical instruments, parts; records, tapes & similar",0.1831,Estimated,
2025,356,India,899,"Miscellaneous manufactured articles, n.e.s.",0.5615,Estimated,
2025,356,India,961,"Coin (other than gold coin), not being legal tender",0.2284,Estimated,
2025,356,India,971,"Gold, non-monetary (excluding gold ores and concentrates)",0.0188,Estimated,
